temperature_mean,temperature_max,temperature_min,precipitation_sum,wind_speed,wind_gusts,cloud_cover,frost_days,cooling_degree_days,heat_index,sunny_days,has_rud_data,log_pud,log_aud,log_eud,log_rud,rud_x_available,year_centered,year_x_log_pud,year_x_log_aud,year_x_log_eud,monthly_visits_digital,mobility_sources_active,has_camping,has_hiking,has_hiking_1,has_hiking_2,has_fishing,has_boating,has_boating_1,has_boating_2,has_boating_3,has_hunting,has_wildlife_viewing,has_wildlife_viewing_1,has_biking,has_biking_1,has_climbing,has_swimming,has_picnic,has_skiing,has_skiing_1,total_activities,unique_activities,total_facilities,activity_alpha,activity_beta,activity_gamma,has_water_activities,has_land_activities,own_type,mang_name,gap_sts,iucn_cat,featclas,des_tp,pub_acce,is_usfs,is_nps,is_blm,is_fws,is_state,is_federal,own_federal,own_state,own_local,own_private,access_open,access_restricted,access_closed,gap_status,highly_protected,log_area_km2,dist_to_denver_km,trail_density_mean,access_mean,grass_pct_mean,shrub_pct_mean,tree_pct_mean,water_km2,river_km,trail_km,elev_mean,peak_dens_mean,road_density_mean,primroad_dist_mean,month_sin,month_cos,is_winter,is_spring,is_summer,is_fall,is_peak_season,log_water_km2,log_river_km,log_trail_km,log_facilities,log_activities,log_dist_to_denver,water_fraction,facility_density,elev_x_month_sin,elev_x_month_cos,elev_x_is_peak,elev_x_is_winter,dist_x_is_peak,dist_x_month_sin,dist_x_month_cos,log_area_x_is_peak,log_area_x_month_sin,log_area_x_is_winter,trails_x_is_peak,trails_x_month_sin,has_water_x_is_peak,has_water_x_month_sin,has_camping_x_is_peak,has_camping_x_month_sin,has_skiing_x_is_winter,has_skiing_x_month_sin,elev_x_temp,elev_x_frost,elev_x_precip,dist_x_precip,dist_x_temp,dist_x_wind,water_x_temp,water_x_cooling_dd,tree_x_temp,access_x_precip,access_x_frost,area_x_temp,log_pud_x_elev,log_pud_x_dist,log_pud_x_trails,log_pud_x_area,log_pud_x_access,log_pud_x_tree,log_pud_x_water,log_pud_x_activities,log_pud_x_road_density,log_aud_x_elev,log_aud_x_dist,log_aud_x_trails,log_aud_x_area,log_aud_x_access,log_aud_x_tree,log_aud_x_water,log_aud_x_activities,log_aud_x_road_density,log_eud_x_elev,log_eud_x_dist,log_eud_x_trails,log_eud_x_area,log_eud_x_access,log_eud_x_tree,log_eud_x_water,log_eud_x_activities,log_eud_x_road_density,log_rud_x_elev,log_rud_x_dist,log_rud_x_trails,log_rud_x_area,log_rud_x_access,log_rud_x_tree,log_rud_x_water,log_rud_x_activities,log_rud_x_road_density,log_pud_x_is_usfs,log_pud_x_is_nps,log_pud_x_is_blm,log_pud_x_is_fws,log_aud_x_is_usfs,log_aud_x_is_nps,log_aud_x_is_blm,log_aud_x_is_fws,log_eud_x_is_usfs,log_eud_x_is_nps,log_eud_x_is_blm,log_eud_x_is_fws,log_rud_x_is_usfs,log_rud_x_is_nps,log_rud_x_is_blm,log_rud_x_is_fws,log_pud_x_precip,log_pud_x_frost,log_pud_x_temp,log_aud_x_precip,log_aud_x_frost,log_aud_x_temp,log_eud_x_precip,log_eud_x_frost,log_eud_x_temp,log_rud_x_precip,log_rud_x_frost,log_rud_x_temp,log_pud_x_own_federal,log_aud_x_own_federal,log_eud_x_own_federal,log_rud_x_own_federal,log_pud_x_access_open,log_pud_x_access_restricted,log_pud_x_access_closed,log_aud_x_access_open,log_aud_x_access_restricted,log_aud_x_access_closed,log_eud_x_access_open,log_eud_x_access_restricted,log_eud_x_access_closed,log_rud_x_access_open,log_rud_x_access_restricted,log_rud_x_access_closed,is_blm_x_month_sin,is_blm_x_month_cos,is_blm_x_is_peak,is_blm_x_is_winter,is_nps_x_month_sin,is_nps_x_month_cos,is_nps_x_is_peak,is_nps_x_is_winter,is_usfs_x_month_sin,is_usfs_x_month_cos,is_usfs_x_is_peak,is_usfs_x_is_winter,is_fws_x_month_sin,is_fws_x_month_cos,is_fws_x_is_peak,is_fws_x_is_winter,is_usfs_x_elev,is_usfs_x_area,is_usfs_x_dist,is_usfs_x_trails,is_usfs_x_temp,is_nps_x_elev,is_nps_x_area,is_nps_x_dist,is_nps_x_temp,is_blm_x_elev,is_blm_x_area,is_blm_x_dist,is_blm_x_trails,is_blm_x_temp,access_open_x_is_peak,access_open_x_is_winter,access_restricted_x_is_peak,access_restricted_x_is_winter,protected_x_is_peak,protected_x_dist,protected_x_elev,gap_x_area,gap_x_trails,own_federal_x_log_pud,own_federal_x_log_aud,own_federal_x_log_eud,own_federal_x_log_rud,precip_ytd,precip_3mo,frost_days_ytd,frost_3mo_sum,cooling_dd_ytd,temp_3mo_mean,precip_ytd_x_elev,frost_ytd_x_elev,mobility_diversity,mobility_total,is_usfs_x_is_peak_season,is_nps_x_is_peak_season,is_blm_x_is_peak_season,mobility_per_km2,summer_mobility,winter_mobility,monthly_visits
-4.45483870967742,2.8161290322580643,-11.05483870967742,18.1,15.270967741935484,40.22258064516129,34.16129032258065,31,0.0,26.59354838709677,26,0.0,0.0,0.6931471805599453,0.0,0.0,0.0,-0.6298568507156688,-0.0,-0.6931471805599453,-0.0,1.0,1.0,0,0,0,0,0,0,0,0,0,0,0,0,0,0,0,0,0,0,0,0,0,0,0,0.0,53,0,0,FED,BLM,3,Other Conservation Area,Fee,National Public Lands,OPEN ACCESS,0,0,1,0,0,1,1,0,0,0,1,0,0,3,0,0.3642377688424292,160.95828698747113,1.4135808,65,15,32,52,0.0,0.3946256147829484,1.8400625537717807,2130.1231155778896,118.75831662775828,0.0,0.427778024532401,0.4999999999999999,0.8660254037844387,1,0,0,0,0,0.0,0.3326260027542329,1.0438260779065256,0.0,0.0,5.087338814345067,0.0,0.0,1065.0615577889446,1844.7407312789085,0.0,2130.1231155778896,0.0,80.47914349373555,139.39396548077625,0.0,0.1821188844212145,0.3642377688424292,0.0,0.7067903999999999,0.0,0.0,0.0,0.0,0.0,0.0,-9489.354911655051,66033.81658291457,38555.228391959805,2913.3449944732274,-717.0432075151537,2457.988808382865,-0.0,0.0,-231.6516129032258,1176.5,2015.0,-1.6226205121657895,0.0,0.0,0.0,0.0,0.0,0.0,0.0,0.0,0.0,1476.4888318083806,111.56778281312414,0.979819546013672,0.2524703825265749,45.054566736396445,36.04365338911715,0.0,0.0,0.0,0.0,0.0,0.0,0.0,0.0,0.0,0.0,0.0,0.0,0.0,0.0,0.0,0.0,0.0,0.0,0.0,0.0,0.0,0.0,0.0,0.0,0.0,0.0,0.0,0.6931471805599453,0.0,0.0,0.0,0.0,0.0,0.0,0.0,0.0,0.0,0.0,0.0,-0.0,12.54596396813501,21.487562597358306,-3.087858891462208,0.0,0.0,-0.0,0.0,0.0,-0.0,0.0,0.6931471805599453,0.0,0.0,0.0,0.0,0.0,0.6931471805599453,0.0,0.0,0.0,0.0,0.0,0.0,0.0,0.0,0.4999999999999999,0.8660254037844387,0.0,1.0,0.0,0.0,0.0,0.0,0.0,0.0,0.0,0.0,0.0,0.0,0.0,0.0,0.0,0.0,0.0,0.0,-0.0,0.0,0.0,0.0,-0.0,2130.1231155778896,0.3642377688424292,160.95828698747113,1.4135808,-4.45483870967742,0.0,1.0,0.0,0.0,0.0,0.0,0.0,1.0927133065272876,4.2407424,0.0,0.6931471805599453,0.0,0.0,18.1,18.1,31.0,31.0,0.0,-4.45483870967742,38555.228391959805,66033.81658291457,0.3465735902799726,0.6931471805599453,0.0,0.0,0.0,0.2841446726157447,0.0,0.6931471805599453,1598.0
-4.303571428571429,2.6750000000000003,-11.239285714285714,17.9,15.582142857142856,41.46428571428572,35.67857142857143,28,0.0,23.125,25,0.0,0.0,0.0,0.0,0.0,0.0,-0.6298568507156688,-0.0,-0.0,-0.0,0.0,0.0,0,0,0,0,0,0,0,0,0,0,0,0,0,0,0,0,0,0,0,0,0,0,0,0.0,53,0,0,FED,BLM,3,Other Conservation Area,Fee,National Public Lands,OPEN ACCESS,0,0,1,0,0,1,1,0,0,0,1,0,0,3,0,0.3642377688424292,160.95828698747113,1.4135808,65,15,32,52,0.0,0.3946256147829484,1.8400625537717807,2130.1231155778896,118.75831662775828,0.0,0.427778024532401,0.8660254037844386,0.5000000000000001,1,0,0,0,0,0.0,0.3326260027542329,1.0438260779065256,0.0,0.0,5.087338814345067,0.0,0.0,1844.740731278908,1065.061557788945,0.0,2130.1231155778896,0.0,139.39396548077622,80.47914349373558,0.0,0.3154391608353077,0.3642377688424292,0.0,1.22419688310193,0.0,0.0,0.0,0.0,0.0,0.0,-9167.13697954056,59643.44723618091,38129.20376884422,2881.153337075733,-692.6954850710812,2508.075021879773,-0.0,0.0,-223.7857142857143,1163.5,1820.0,-1.567523255196883,0.0,0.0,0.0,0.0,0.0,0.0,0.0,0.0,0.0,0.0,0.0,0.0,0.0,0.0,0.0,0.0,0.0,0.0,0.0,0.0,0.0,0.0,0.0,0.0,0.0,0.0,0.0,0.0,0.0,0.0,0.0,0.0,0.0,0.0,0.0,0.0,0.0,0.0,0.0,0.0,0.0,0.0,0.0,0.0,0.0,0.0,0.0,0.0,0.0,0.0,0.0,0.0,0.0,0.0,-0.0,0.0,0.0,-0.0,0.0,0.0,-0.0,0.0,0.0,-0.0,0.0,0.0,0.0,0.0,0.0,0.0,0.0,0.0,0.0,0.0,0.0,0.0,0.0,0.0,0.0,0.0,0.8660254037844386,0.5000000000000001,0.0,1.0,0.0,0.0,0.0,0.0,0.0,0.0,0.0,0.0,0.0,0.0,0.0,0.0,0.0,0.0,0.0,0.0,-0.0,0.0,0.0,0.0,-0.0,2130.1231155778896,0.3642377688424292,160.95828698747113,1.4135808,-4.303571428571429,0.0,1.0,0.0,0.0,0.0,0.0,0.0,1.0927133065272876,4.2407424,0.0,0.0,0.0,0.0,36.0,36.0,59.0,59.0,0.0,-4.379205069124424,76684.43216080402,125677.26381909547,0.0,0.0,0.0,0.0,0.0,0.0,0.0,0.0,1046.0
-0.3032258064516129,6.548387096774194,-7.841935483870968,48.9,17.093548387096774,45.26129032258064,41.03225806451613,31,0.0,29.616129032258065,26,0.0,0.0,0.0,0.0,0.0,0.0,-0.6298568507156688,-0.0,-0.0,-0.0,0.0,0.0,0,0,0,0,0,0,0,0,0,0,0,0,0,0,0,0,0,0,0,0,0,0,0,0.0,53,0,0,FED,BLM,3,Other Conservation Area,Fee,National Public Lands,OPEN ACCESS,0,0,1,0,0,1,1,0,0,0,1,0,0,3,0,0.3642377688424292,160.95828698747113,1.4135808,65,15,32,52,0.0,0.3946256147829484,1.8400625537717807,2130.1231155778896,118.75831662775828,0.0,0.427778024532401,1.0,6.123233995736766e-17,0,1,0,0,0,0.0,0.3326260027542329,1.0438260779065256,0.0,0.0,5.087338814345067,0.0,0.0,2130.1231155778896,1.304324227641125e-13,0.0,0.0,0.0,160.95828698747113,9.85585254777238e-15,0.0,0.3642377688424292,0.0,0.0,1.4135808,0.0,0.0,0.0,0.0,0.0,0.0,-645.9082995623278,66033.81658291457,104163.0203517588,7870.860233687338,-48.80670637684608,2751.348266924547,-0.0,0.0,-15.76774193548387,3178.5,2015.0,-0.1104462911973817,0.0,0.0,0.0,0.0,0.0,0.0,0.0,0.0,0.0,0.0,0.0,0.0,0.0,0.0,0.0,0.0,0.0,0.0,0.0,0.0,0.0,0.0,0.0,0.0,0.0,0.0,0.0,0.0,0.0,0.0,0.0,0.0,0.0,0.0,0.0,0.0,0.0,0.0,0.0,0.0,0.0,0.0,0.0,0.0,0.0,0.0,0.0,0.0,0.0,0.0,0.0,0.0,0.0,0.0,-0.0,0.0,0.0,-0.0,0.0,0.0,-0.0,0.0,0.0,-0.0,0.0,0.0,0.0,0.0,0.0,0.0,0.0,0.0,0.0,0.0,0.0,0.0,0.0,0.0,0.0,0.0,1.0,6.123233995736766e-17,0.0,0.0,0.0,0.0,0.0,0.0,0.0,0.0,0.0,0.0,0.0,0.0,0.0,0.0,0.0,0.0,0.0,0.0,-0.0,0.0,0.0,0.0,-0.0,2130.1231155778896,0.3642377688424292,160.95828698747113,1.4135808,-0.3032258064516129,0.0,0.0,0.0,0.0,0.0,0.0,0.0,1.0927133065272876,4.2407424,0.0,0.0,0.0,0.0,84.9,84.9,90.0,90.0,0.0,-3.0205453149001538,180847.45251256283,191711.0804020101,0.0,0.0,0.0,0.0,0.0,0.0,0.0,0.0,1345.0
4.423333333333333,12.14,-3.35,27.3,17.383333333333333,45.016666666666666,37.7,23,0.0,30.206666666666667,28,0.0,0.0,1.0986122886681098,0.0,0.0,0.0,-0.6298568507156688,-0.0,-1.0986122886681098,-0.0,2.0,1.0,0,0,0,0,0,0,0,0,0,0,0,0,0,0,0,0,0,0,0,0,0,0,0,0.0,53,0,0,FED,BLM,3,Other Conservation Area,Fee,National Public Lands,OPEN ACCESS,0,0,1,0,0,1,1,0,0,0,1,0,0,3,0,0.3642377688424292,160.95828698747113,1.4135808,65,15,32,52,0.0,0.3946256147829484,1.8400625537717807,2130.1231155778896,118.75831662775828,0.0,0.427778024532401,0.8660254037844387,-0.4999999999999998,0,1,0,0,0,0.0,0.3326260027542329,1.0438260779065256,0.0,0.0,5.087338814345067,0.0,0.0,1844.7407312789085,-1065.0615577889444,0.0,0.0,0.0,139.39396548077625,-80.47914349373552,0.0,0.3154391608353078,0.0,0.0,1.22419688310193,0.0,0.0,0.0,0.0,0.0,0.0,9422.24458123953,48992.83165829146,58152.36105527639,4394.161234757962,711.9721561079139,2797.9915554655395,0.0,0.0,230.0133333333333,1774.5,1495.0,1.6111450641796785,0.0,0.0,0.0,0.0,0.0,0.0,0.0,0.0,0.0,2340.1794311498697,176.83075204740408,1.5529772379052975,0.400156088847347,71.40979876342713,57.12783901074171,0.0,0.0,0.0,0.0,0.0,0.0,0.0,0.0,0.0,0.0,0.0,0.0,0.0,0.0,0.0,0.0,0.0,0.0,0.0,0.0,0.0,0.0,0.0,0.0,0.0,0.0,0.0,1.0986122886681098,0.0,0.0,0.0,0.0,0.0,0.0,0.0,0.0,0.0,0.0,0.0,0.0,29.9921154806394,25.26808263936653,4.859528356875272,0.0,0.0,0.0,0.0,0.0,0.0,0.0,1.0986122886681098,0.0,0.0,0.0,0.0,0.0,1.0986122886681098,0.0,0.0,0.0,0.0,0.0,0.0,0.0,0.0,0.8660254037844387,-0.4999999999999998,0.0,0.0,0.0,-0.0,0.0,0.0,0.0,-0.0,0.0,0.0,0.0,-0.0,0.0,0.0,0.0,0.0,0.0,0.0,0.0,0.0,0.0,0.0,0.0,2130.1231155778896,0.3642377688424292,160.95828698747113,1.4135808,4.423333333333333,0.0,0.0,0.0,0.0,0.0,0.0,0.0,1.0927133065272876,4.2407424,0.0,1.0986122886681098,0.0,0.0,112.2,94.1,113.0,82.0,0.0,-0.0611546338965697,238999.8135678392,240703.91206030152,0.5493061443340549,1.0986122886681098,0.0,0.0,0.0,0.4503586508756451,0.0,0.0,1266.0
10.048387096774194,16.293548387096774,3.206451612903226,94.1,16.274193548387096,44.34193548387096,54.03225806451613,5,0.0,41.935483870967744,24,0.0,0.0,1.0986122886681098,0.0,0.0,0.0,-0.6298568507156688,-0.0,-1.0986122886681098,-0.0,2.0,1.0,0,0,0,0,0,0,0,0,0,0,0,0,0,0,0,0,0,0,0,0,0,0,0,0.0,53,0,0,FED,BLM,3,Other Conservation Area,Fee,National Public Lands,OPEN ACCESS,0,0,1,0,0,1,1,0,0,0,1,0,0,3,0,0.3642377688424292,160.95828698747113,1.4135808,65,15,32,52,0.0,0.3946256147829484,1.8400625537717807,2130.1231155778896,118.75831662775828,0.0,0.427778024532401,0.4999999999999999,-0.8660254037844387,0,1,0,0,0,0.0,0.3326260027542329,1.0438260779065256,0.0,0.0,5.087338814345067,0.0,0.0,1065.0615577889446,-1844.7407312789085,0.0,0.0,0.0,80.47914349373555,-139.39396548077625,0.0,0.1821188844212145,0.0,0.0,0.7067903999999999,0.0,0.0,0.0,0.0,0.0,0.0,21404.30162911331,10650.615577889448,200444.5851758794,15146.174805521032,1617.3711740837823,2619.4663156509414,0.0,0.0,522.516129032258,6116.5,325.0,3.660002096594087,0.0,0.0,0.0,0.0,0.0,0.0,0.0,0.0,0.0,2340.1794311498697,176.83075204740408,1.5529772379052975,0.400156088847347,71.40979876342713,57.12783901074171,0.0,0.0,0.0,0.0,0.0,0.0,0.0,0.0,0.0,0.0,0.0,0.0,0.0,0.0,0.0,0.0,0.0,0.0,0.0,0.0,0.0,0.0,0.0,0.0,0.0,0.0,0.0,1.0986122886681098,0.0,0.0,0.0,0.0,0.0,0.0,0.0,0.0,0.0,0.0,0.0,0.0,103.37941636366912,5.493061443340549,11.0392815458102,0.0,0.0,0.0,0.0,0.0,0.0,0.0,1.0986122886681098,0.0,0.0,0.0,0.0,0.0,1.0986122886681098,0.0,0.0,0.0,0.0,0.0,0.0,0.0,0.0,0.4999999999999999,-0.8660254037844387,0.0,0.0,0.0,-0.0,0.0,0.0,0.0,-0.0,0.0,0.0,0.0,-0.0,0.0,0.0,0.0,0.0,0.0,0.0,0.0,0.0,0.0,0.0,0.0,2130.1231155778896,0.3642377688424292,160.95828698747113,1.4135808,10.048387096774194,0.0,0.0,0.0,0.0,0.0,0.0,0.0,1.0927133065272876,4.2407424,0.0,1.0986122886681098,0.0,0.0,206.3,170.3,118.0,59.0,0.0,4.722831541218638,439444.3987437186,251354.52763819092,0.5493061443340549,1.0986122886681098,0.0,0.0,0.0,0.4503586508756451,0.0,0.0,1201.0
18.346666666666668,26.006666666666668,9.366666666666667,17.5,17.34,46.07666666666667,41.5,0,1.8766666666666665,42.41333333333333,29,0.0,0.0,0.0,0.0,0.0,0.0,-0.6298568507156688,-0.0,-0.0,-0.0,0.0,0.0,0,0,0,0,0,0,0,0,0,0,0,0,0,0,0,0,0,0,0,0,0,0,0,0.0,53,0,0,FED,BLM,3,Other Conservation Area,Fee,National Public Lands,OPEN ACCESS,0,0,1,0,0,1,1,0,0,0,1,0,0,3,0,0.3642377688424292,160.95828698747113,1.4135808,65,15,32,52,0.0,0.3946256147829484,1.8400625537717807,2130.1231155778896,118.75831662775828,0.0,0.427778024532401,1.2246467991473532e-16,-1.0,0,0,1,0,1,0.0,0.3326260027542329,1.0438260779065256,0.0,0.0,5.087338814345067,0.0,0.0,2.60864845528225e-13,-2130.1231155778896,2130.1231155778896,0.0,160.95828698747113,1.971170509554476e-14,-160.95828698747113,0.3642377688424292,4.4606261774145446e-17,0.0,1.4135808,1.731137202056155e-16,0.0,0.0,0.0,0.0,0.0,0.0,39080.65876046901,0.0,37277.15452261307,2816.770022280745,2953.048038596804,2791.0166963627494,0.0,0.0,954.0266666666668,1137.5,0.0,6.682548932362435,0.0,0.0,0.0,0.0,0.0,0.0,0.0,0.0,0.0,0.0,0.0,0.0,0.0,0.0,0.0,0.0,0.0,0.0,0.0,0.0,0.0,0.0,0.0,0.0,0.0,0.0,0.0,0.0,0.0,0.0,0.0,0.0,0.0,0.0,0.0,0.0,0.0,0.0,0.0,0.0,0.0,0.0,0.0,0.0,0.0,0.0,0.0,0.0,0.0,0.0,0.0,0.0,0.0,0.0,0.0,0.0,0.0,0.0,0.0,0.0,0.0,0.0,0.0,0.0,0.0,0.0,0.0,0.0,0.0,0.0,0.0,0.0,0.0,0.0,0.0,0.0,0.0,0.0,0.0,0.0,1.2246467991473532e-16,-1.0,1.0,0.0,0.0,-0.0,0.0,0.0,0.0,-0.0,0.0,0.0,0.0,-0.0,0.0,0.0,0.0,0.0,0.0,0.0,0.0,0.0,0.0,0.0,0.0,2130.1231155778896,0.3642377688424292,160.95828698747113,1.4135808,18.346666666666668,1.0,0.0,0.0,0.0,0.0,0.0,0.0,1.0927133065272876,4.2407424,0.0,0.0,0.0,0.0,223.8,138.89999999999998,118.0,28.0,1.8766666666666665,10.939462365591398,476721.5532663317,251354.52763819092,0.0,0.0,0.0,0.0,1.0,0.0,0.0,0.0,366.0
19.993548387096773,27.10322580645161,12.161290322580646,81.5,16.116129032258065,42.42580645161291,41.67741935483871,0,2.096774193548387,49.05806451612903,30,0.0,0.0,0.0,0.0,0.0,0.0,-0.6298568507156688,-0.0,-0.0,-0.0,0.0,0.0,0,0,0,0,0,0,0,0,0,0,0,0,0,0,0,0,0,0,0,0,0,0,0,0.0,53,0,0,FED,BLM,3,Other Conservation Area,Fee,National Public Lands,OPEN ACCESS,0,0,1,0,0,1,1,0,0,0,1,0,0,3,0,0.3642377688424292,160.95828698747113,1.4135808,65,15,32,52,0.0,0.3946256147829484,1.8400625537717807,2130.1231155778896,118.75831662775828,0.0,0.427778024532401,-0.4999999999999997,-0.8660254037844388,0,0,1,0,1,0.0,0.3326260027542329,1.0438260779065256,0.0,0.0,5.087338814345067,0.0,0.0,-1065.061557788944,-1844.7407312789087,2130.1231155778896,0.0,160.95828698747113,-80.47914349373552,-139.39396548077627,0.3642377688424292,-0.1821188844212145,0.0,1.4135808,-0.7067903999999996,0.0,-0.0,0.0,-0.0,0.0,-0.0,42588.71958177987,0.0,173605.033919598,13118.100389478896,3218.127299188213,2594.024521901309,0.0,0.0,1039.664516129032,5297.5,0.0,7.282405455759277,0.0,0.0,0.0,0.0,0.0,0.0,0.0,0.0,0.0,0.0,0.0,0.0,0.0,0.0,0.0,0.0,0.0,0.0,0.0,0.0,0.0,0.0,0.0,0.0,0.0,0.0,0.0,0.0,0.0,0.0,0.0,0.0,0.0,0.0,0.0,0.0,0.0,0.0,0.0,0.0,0.0,0.0,0.0,0.0,0.0,0.0,0.0,0.0,0.0,0.0,0.0,0.0,0.0,0.0,0.0,0.0,0.0,0.0,0.0,0.0,0.0,0.0,0.0,0.0,0.0,0.0,0.0,0.0,0.0,0.0,0.0,0.0,0.0,0.0,0.0,0.0,0.0,0.0,0.0,0.0,-0.4999999999999997,-0.8660254037844388,1.0,0.0,-0.0,-0.0,0.0,0.0,-0.0,-0.0,0.0,0.0,-0.0,-0.0,0.0,0.0,0.0,0.0,0.0,0.0,0.0,0.0,0.0,0.0,0.0,2130.1231155778896,0.3642377688424292,160.95828698747113,1.4135808,19.993548387096773,1.0,0.0,0.0,0.0,0.0,0.0,0.0,1.0927133065272876,4.2407424,0.0,0.0,0.0,0.0,305.3,193.1,118.0,5.0,3.9734408602150535,16.129534050179213,650326.5871859298,251354.52763819092,0.0,0.0,0.0,0.0,1.0,0.0,0.0,0.0,287.0
19.68387096774193,27.17419354838709,11.49032258064516,28.2,16.267741935483873,41.86129032258064,33.225806451612904,0,1.970967741935484,43.37741935483872,30,1.0,0.0,1.0986122886681098,0.0,0.0,0.0,-0.6298568507156688,-0.0,-1.0986122886681098,-0.0,2.0,1.0,0,0,0,0,0,0,0,0,0,0,0,0,0,0,0,0,0,0,0,0,0,0,0,0.0,53,0,0,FED,BLM,3,Other Conservation Area,Fee,National Public Lands,OPEN ACCESS,0,0,1,0,0,1,1,0,0,0,1,0,0,3,0,0.3642377688424292,160.95828698747113,1.4135808,65,15,32,52,0.0,0.3946256147829484,1.8400625537717807,2130.1231155778896,118.75831662775828,0.0,0.427778024532401,-0.8660254037844385,-0.5000000000000004,0,0,1,0,1,0.0,0.3326260027542329,1.0438260779065256,0.0,0.0,5.087338814345067,0.0,0.0,-1844.740731278908,-1065.0615577889455,2130.1231155778896,0.0,160.95828698747113,-139.39396548077622,-80.47914349373563,0.3642377688424292,-0.3154391608353077,0.0,1.4135808,-1.2241968831019296,0.0,-0.0,0.0,-0.0,0.0,-0.0,41929.06855243961,0.0,60069.471859296485,4539.023693046685,3168.2821522501567,2618.427875089732,0.0,0.0,1023.5612903225804,1833.0,0.0,7.169609243472589,0.0,0.0,0.0,0.0,0.0,0.0,0.0,0.0,0.0,2340.1794311498697,176.83075204740408,1.5529772379052975,0.400156088847347,71.40979876342713,57.12783901074171,0.0,0.0,0.0,0.0,0.0,0.0,0.0,0.0,0.0,0.0,0.0,0.0,0.0,0.0,0.0,0.0,0.0,0.0,0.0,0.0,0.0,0.0,0.0,0.0,0.0,0.0,0.0,1.0986122886681098,0.0,0.0,0.0,0.0,0.0,0.0,0.0,0.0,0.0,0.0,0.0,0.0,30.980866540440694,0.0,21.624942533718723,0.0,0.0,0.0,0.0,0.0,0.0,0.0,1.0986122886681098,0.0,0.0,0.0,0.0,0.0,1.0986122886681098,0.0,0.0,0.0,0.0,0.0,0.0,0.0,0.0,-0.8660254037844385,-0.5000000000000004,1.0,0.0,-0.0,-0.0,0.0,0.0,-0.0,-0.0,0.0,0.0,-0.0,-0.0,0.0,0.0,0.0,0.0,0.0,0.0,0.0,0.0,0.0,0.0,0.0,2130.1231155778896,0.3642377688424292,160.95828698747113,1.4135808,19.68387096774193,1.0,0.0,0.0,0.0,0.0,0.0,0.0,1.0927133065272876,4.2407424,0.0,1.0986122886681098,0.0,0.0,333.5,127.2,118.0,0.0,5.944408602150538,19.341362007168456,710396.0590452262,251354.52763819092,0.5493061443340549,1.0986122886681098,0.0,0.0,1.0,0.4503586508756451,1.0986122886681098,0.0,268.0
17.32,25.07,9.51,12.1,17.266666666666666,45.43,28.5,0,0.8966666666666667,39.17,30,1.0,0.0,0.0,0.0,0.0,0.0,-0.6298568507156688,-0.0,-0.0,-0.0,0.0,0.0,0,0,0,0,0,0,0,0,0,0,0,0,0,0,0,0,0,0,0,0,0,0,0,0.0,53,0,0,FED,BLM,3,Other Conservation Area,Fee,National Public Lands,OPEN ACCESS,0,0,1,0,0,1,1,0,0,0,1,0,0,3,0,0.3642377688424292,160.95828698747113,1.4135808,65,15,32,52,0.0,0.3946256147829484,1.8400625537717807,2130.1231155778896,118.75831662775828,0.0,0.427778024532401,-1.0,-1.8369701987210292e-16,0,0,0,1,0,0.0,0.3326260027542329,1.0438260779065256,0.0,0.0,5.087338814345067,0.0,0.0,-2130.1231155778896,-3.9129726829233753e-13,0.0,0.0,0.0,-160.95828698747113,-2.9567557643317133e-14,0.0,-0.3642377688424292,0.0,0.0,-1.4135808,0.0,-0.0,0.0,-0.0,0.0,-0.0,36893.73236180905,0.0,25774.489698492464,1947.5952725484003,2787.797530623,2779.2130886503346,0.0,0.0,900.64,786.5,0.0,6.3085981563508735,0.0,0.0,0.0,0.0,0.0,0.0,0.0,0.0,0.0,0.0,0.0,0.0,0.0,0.0,0.0,0.0,0.0,0.0,0.0,0.0,0.0,0.0,0.0,0.0,0.0,0.0,0.0,0.0,0.0,0.0,0.0,0.0,0.0,0.0,0.0,0.0,0.0,0.0,0.0,0.0,0.0,0.0,0.0,0.0,0.0,0.0,0.0,0.0,0.0,0.0,0.0,0.0,0.0,0.0,0.0,0.0,0.0,0.0,0.0,0.0,0.0,0.0,0.0,0.0,0.0,0.0,0.0,0.0,0.0,0.0,0.0,0.0,0.0,0.0,0.0,0.0,0.0,0.0,0.0,0.0,-1.0,-1.8369701987210292e-16,0.0,0.0,-0.0,-0.0,0.0,0.0,-0.0,-0.0,0.0,0.0,-0.0,-0.0,0.0,0.0,0.0,0.0,0.0,0.0,0.0,0.0,0.0,0.0,0.0,2130.1231155778896,0.3642377688424292,160.95828698747113,1.4135808,17.32,0.0,0.0,0.0,0.0,0.0,0.0,0.0,1.0927133065272876,4.2407424,0.0,0.0,0.0,0.0,345.6,121.8,118.0,0.0,6.841075268817204,18.99913978494624,736170.5487437187,251354.52763819092,0.0,0.0,0.0,0.0,0.0,0.0,0.0,0.0,489.0
8.97741935483871,16.58709677419355,1.6451612903225807,12.1,16.287096774193547,41.5258064516129,33.935483870967744,7,0.0,31.62258064516129,29,1.0,0.0,1.0986122886681098,0.0,1.9459101490553128,1.9459101490553128,-0.6298568507156688,-0.0,-1.0986122886681098,-0.0,8.0,2.0,0,0,0,0,0,0,0,0,0,0,0,0,0,0,0,0,0,0,0,0,0,0,0,0.0,53,0,0,FED,BLM,3,Other Conservation Area,Fee,National Public Lands,OPEN ACCESS,0,0,1,0,0,1,1,0,0,0,1,0,0,3,0,0.3642377688424292,160.95828698747113,1.4135808,65,15,32,52,0.0,0.3946256147829484,1.8400625537717807,2130.1231155778896,118.75831662775828,0.0,0.427778024532401,-0.8660254037844386,0.5000000000000001,0,0,0,1,0,0.0,0.3326260027542329,1.0438260779065256,0.0,0.0,5.087338814345067,0.0,0.0,-1844.740731278908,1065.061557788945,0.0,0.0,0.0,-139.39396548077622,80.47914349373558,0.0,-0.3154391608353077,0.0,0.0,-1.22419688310193,0.0,-0.0,0.0,-0.0,0.0,-0.0,19123.008485978284,14910.861809045227,25774.489698492464,1947.5952725484003,1444.990040923007,2621.5431967733603,0.0,0.0,466.82580645161295,786.5,455.0,3.269915195769292,0.0,0.0,0.0,0.0,0.0,0.0,0.0,0.0,0.0,2340.1794311498697,176.83075204740408,1.5529772379052975,0.400156088847347,71.40979876342713,57.12783901074171,0.0,0.0,0.0,0.0,0.0,0.0,0.0,0.0,0.0,0.0,0.0,0.0,4145.028189340338,313.21036422347777,2.7507012252297285,0.7087739710597459,126.48415968859533,101.18732775087626,0.0,0.0,0.0,0.0,0.0,0.0,0.0,0.0,0.0,1.0986122886681098,0.0,0.0,0.0,0.0,0.0,0.0,0.0,1.9459101490553128,0.0,0.0,0.0,0.0,13.293208692884129,7.690286020676768,9.862703223752742,0.0,0.0,0.0,23.545512803569284,13.621371043387189,17.469251434906244,0.0,1.0986122886681098,0.0,1.9459101490553128,0.0,0.0,0.0,1.0986122886681098,0.0,0.0,0.0,0.0,0.0,1.9459101490553128,0.0,0.0,-0.8660254037844386,0.5000000000000001,0.0,0.0,-0.0,0.0,0.0,0.0,-0.0,0.0,0.0,0.0,-0.0,0.0,0.0,0.0,0.0,0.0,0.0,0.0,0.0,0.0,0.0,0.0,0.0,2130.1231155778896,0.3642377688424292,160.95828698747113,1.4135808,8.97741935483871,0.0,0.0,0.0,0.0,0.0,0.0,0.0,1.0927133065272876,4.2407424,0.0,1.0986122886681098,0.0,1.9459101490553128,357.7,52.4,125.0,7.0,6.841075268817204,15.327096774193548,761945.0384422111,266265.3894472362,0.9444991707352473,3.0445224377234226,0.0,0.0,0.0,1.2480535961199024,0.0,0.0,1877.0
5.503333333333333,13.8,-1.2766666666666666,9.6,15.3,38.330000000000005,42.73333333333333,21,0.0,27.03666666666667,27,1.0,0.0,1.0986122886681098,0.0,2.079441541679836,2.079441541679836,-0.6298568507156688,-0.0,-1.0986122886681098,-0.0,9.0,2.0,0,0,0,0,0,0,0,0,0,0,0,0,0,0,0,0,0,0,0,0,0,0,0,0.0,53,0,0,FED,BLM,3,Other Conservation Area,Fee,National Public Lands,OPEN ACCESS,0,0,1,0,0,1,1,0,0,0,1,0,0,3,0,0.3642377688424292,160.95828698747113,1.4135808,65,15,32,52,0.0,0.3946256147829484,1.8400625537717807,2130.1231155778896,118.75831662775828,0.0,0.427778024532401,-0.5000000000000004,0.8660254037844384,0,0,0,1,0,0.0,0.3326260027542329,1.0438260779065256,0.0,0.0,5.087338814345067,0.0,0.0,-1065.0615577889455,1844.740731278908,0.0,0.0,0.0,-80.47914349373563,139.3939654807762,0.0,-0.1821188844212147,0.0,0.0,-0.7067904000000007,0.0,-0.0,0.0,-0.0,0.0,-0.0,11722.777546063651,44732.58542713568,20449.18190954774,1545.1995550797228,885.8071060543828,2462.6617909083084,0.0,0.0,286.1733333333333,624.0,1365.0,2.004521854529502,0.0,0.0,0.0,0.0,0.0,0.0,0.0,0.0,0.0,2340.1794311498697,176.83075204740408,1.5529772379052975,0.400156088847347,71.40979876342713,57.12783901074171,0.0,0.0,0.0,0.0,0.0,0.0,0.0,0.0,0.0,0.0,0.0,0.0,4429.466495425143,334.70334843937246,2.939458638041016,0.7574111475797248,135.16370020918936,108.13096016735147,0.0,0.0,0.0,0.0,0.0,0.0,0.0,0.0,0.0,1.0986122886681098,0.0,0.0,0.0,0.0,0.0,0.0,0.0,2.079441541679836,0.0,0.0,0.0,0.0,10.546677971213851,23.070858062030304,6.046029628636831,0.0,0.0,0.0,19.962638800126427,43.66827237527656,11.443859951044695,0.0,1.0986122886681098,0.0,2.079441541679836,0.0,0.0,0.0,1.0986122886681098,0.0,0.0,0.0,0.0,0.0,2.079441541679836,0.0,0.0,-0.5000000000000004,0.8660254037844384,0.0,0.0,-0.0,0.0,0.0,0.0,-0.0,0.0,0.0,0.0,-0.0,0.0,0.0,0.0,0.0,0.0,0.0,0.0,0.0,0.0,0.0,0.0,0.0,2130.1231155778896,0.3642377688424292,160.95828698747113,1.4135808,5.503333333333333,0.0,0.0,0.0,0.0,0.0,0.0,0.0,1.0927133065272876,4.2407424,0.0,1.0986122886681098,0.0,2.079441541679836,367.3,33.8,146.0,28.0,6.841075268817204,10.600250896057346,782394.2203517589,310997.9748743719,1.0010027553956555,3.178053830347946,0.0,0.0,0.0,1.3027926687228795,0.0,0.0,1384.0
1.970967741935484,8.51290322580645,-3.570967741935484,8.4,15.416129032258064,39.20645161290323,45.12903225806452,26,0.0,21.53548387096774,24,1.0,0.0,0.0,0.0,2.3978952727983707,2.3978952727983707,-0.6298568507156688,-0.0,-0.0,-0.0,10.0,1.0,0,0,0,0,0,0,0,0,0,0,0,0,0,0,0,0,0,0,0,0,0,0,0,0.0,53,0,0,FED,BLM,3,Other Conservation Area,Fee,National Public Lands,OPEN ACCESS,0,0,1,0,0,1,1,0,0,0,1,0,0,3,0,0.3642377688424292,160.95828698747113,1.4135808,65,15,32,52,0.0,0.3946256147829484,1.8400625537717807,2130.1231155778896,118.75831662775828,0.0,0.427778024532401,-2.4492935982947064e-16,1.0,1,0,0,0,0,0.0,0.3326260027542329,1.0438260779065256,0.0,0.0,5.087338814345067,0.0,0.0,-5.2172969105645e-13,2130.1231155778896,0.0,2130.1231155778896,0.0,-3.942341019108952e-14,160.95828698747113,0.0,-8.921252354829088e-17,0.3642377688424292,0.0,-3.46227440411231e-16,0.0,-0.0,0.0,-0.0,0.0,-0.0,4198.403947155131,55383.20100502513,17893.034170854273,1352.0496106947576,317.24359144949955,2481.353721010079,0.0,0.0,102.49032258064516,546.0,1690.0,0.7179008927829815,0.0,0.0,0.0,0.0,0.0,0.0,0.0,0.0,0.0,0.0,0.0,0.0,0.0,0.0,0.0,0.0,0.0,0.0,0.0,0.0,0.0,0.0,0.0,0.0,0.0,0.0,0.0,5107.812149322759,385.9611154849805,3.38961871803854,0.8734040240818867,155.8631927318941,124.69055418551528,0.0,0.0,0.0,0.0,0.0,0.0,0.0,0.0,0.0,0.0,0.0,0.0,0.0,0.0,0.0,0.0,0.0,2.3978952727983707,0.0,0.0,0.0,0.0,0.0,0.0,0.0,0.0,0.0,0.0,20.14232029150632,62.34527709275764,4.726174231225176,0.0,0.0,0.0,2.3978952727983707,0.0,0.0,0.0,0.0,0.0,0.0,0.0,0.0,0.0,2.3978952727983707,0.0,0.0,-2.4492935982947064e-16,1.0,0.0,1.0,-0.0,0.0,0.0,0.0,-0.0,0.0,0.0,0.0,-0.0,0.0,0.0,0.0,0.0,0.0,0.0,0.0,0.0,0.0,0.0,0.0,0.0,2130.1231155778896,0.3642377688424292,160.95828698747113,1.4135808,1.970967741935484,0.0,1.0,0.0,0.0,0.0,0.0,0.0,1.0927133065272876,4.2407424,0.0,0.0,0.0,2.3978952727983707,375.7,30.1,172.0,54.0,6.841075268817204,5.483906810035841,800287.2545226131,366381.175879397,1.1989476363991851,2.3978952727983707,0.0,0.0,0.0,0.9829790647142508,0.0,2.3978952727983707,489.0
-2.770967741935484,5.212903225806452,-9.15483870967742,27.5,15.7,38.31612903225806,47.70967741935484,31,0.0,23.80967741935484,25,1.0,0.0,0.0,0.0,2.6390573296152584,2.6390573296152584,0.3701431492843312,0.0,0.0,0.0,13.0,1.0,0,0,0,0,0,0,0,0,0,0,0,0,0,0,0,0,0,0,0,0,0,0,0,0.0,53,0,0,FED,BLM,3,Other Conservation Area,Fee,National Public Lands,OPEN ACCESS,0,0,1,0,0,1,1,0,0,0,1,0,0,3,0,0.3642377688424292,160.95828698747113,1.4135808,65,15,32,52,0.0,0.3946256147829484,1.8400625537717807,2130.1231155778896,118.75831662775828,0.0,0.427778024532401,0.4999999999999999,0.8660254037844387,1,0,0,0,0,0.0,0.3326260027542329,1.0438260779065256,0.0,0.0,5.087338814345067,0.0,0.0,1065.0615577889446,1844.7407312789085,0.0,2130.1231155778896,0.0,80.47914349373555,139.39396548077625,0.0,0.1821188844212145,0.3642377688424292,0.0,0.7067903999999999,0.0,0.0,0.0,0.0,0.0,0.0,-5902.502439617442,66033.81658291457,58578.38567839196,4426.352892155456,-446.0102210394765,2527.0451057032965,-0.0,0.0,-144.09032258064516,1787.5,2015.0,-1.0092911078569249,0.0,0.0,0.0,0.0,0.0,0.0,0.0,0.0,0.0,0.0,0.0,0.0,0.0,0.0,0.0,0.0,0.0,0.0,0.0,0.0,0.0,0.0,0.0,0.0,0.0,0.0,0.0,5621.51702114872,424.7781470366019,3.730520771243401,0.961244353586321,171.5387264249918,137.23098113999345,0.0,0.0,0.0,0.0,0.0,0.0,0.0,0.0,0.0,0.0,0.0,0.0,0.0,0.0,0.0,0.0,0.0,2.6390573296152584,0.0,0.0,0.0,-0.0,0.0,0.0,-0.0,0.0,0.0,-0.0,72.57407656441961,81.81077721807301,-7.312742729482281,0.0,0.0,0.0,2.6390573296152584,0.0,0.0,0.0,0.0,0.0,0.0,0.0,0.0,0.0,2.6390573296152584,0.0,0.0,0.4999999999999999,0.8660254037844387,0.0,1.0,0.0,0.0,0.0,0.0,0.0,0.0,0.0,0.0,0.0,0.0,0.0,0.0,0.0,0.0,0.0,0.0,-0.0,0.0,0.0,0.0,-0.0,2130.1231155778896,0.3642377688424292,160.95828698747113,1.4135808,-2.770967741935484,0.0,1.0,0.0,0.0,0.0,0.0,0.0,1.0927133065272876,4.2407424,0.0,0.0,0.0,2.6390573296152584,27.5,45.5,31.0,78.0,0.0,1.5677777777777766,58578.38567839196,66033.81658291457,1.3195286648076292,2.6390573296152584,0.0,0.0,0.0,1.0818396178600023,0.0,2.6390573296152584,1193.0
-6.728571428571429,1.8035714285714288,-14.639285714285714,38.3,15.867857142857144,37.79285714285714,39.25,28,0.0,23.75357142857143,26,1.0,0.0,0.0,0.0,1.9459101490553128,1.9459101490553128,0.3701431492843312,0.0,0.0,0.0,6.0,1.0,0,0,0,0,0,0,0,0,0,0,0,0,0,0,0,0,0,0,0,0,0,0,0,0.0,53,0,0,FED,BLM,3,Other Conservation Area,Fee,National Public Lands,OPEN ACCESS,0,0,1,0,0,1,1,0,0,0,1,0,0,3,0,0.3642377688424292,160.95828698747113,1.4135808,65,15,32,52,0.0,0.3946256147829484,1.8400625537717807,2130.1231155778896,118.75831662775828,0.0,0.427778024532401,0.8660254037844386,0.5000000000000001,1,0,0,0,0,0.0,0.3326260027542329,1.0438260779065256,0.0,0.0,5.087338814345067,0.0,0.0,1844.740731278908,1065.061557788945,0.0,2130.1231155778896,0.0,139.39396548077622,80.47914349373558,0.0,0.3154391608353077,0.3642377688424292,0.0,1.22419688310193,0.0,0.0,0.0,0.0,0.0,0.0,-14332.685534816945,59643.44723618091,81583.71532663317,6164.702391620143,-1083.0193310156983,2554.063103876194,-0.0,0.0,-349.8857142857143,2489.5,1820.0,-2.4507998446397736,0.0,0.0,0.0,0.0,0.0,0.0,0.0,0.0,0.0,0.0,0.0,0.0,0.0,0.0,0.0,0.0,0.0,0.0,0.0,0.0,0.0,0.0,0.0,0.0,0.0,0.0,0.0,4145.028189340338,313.21036422347777,2.7507012252297285,0.7087739710597459,126.48415968859533,101.18732775087626,0.0,0.0,0.0,0.0,0.0,0.0,0.0,0.0,0.0,0.0,0.0,0.0,0.0,0.0,0.0,0.0,0.0,1.9459101490553128,0.0,0.0,0.0,-0.0,0.0,0.0,-0.0,0.0,0.0,-0.0,74.52835870881847,54.48548417354876,-13.093195431500748,0.0,0.0,0.0,1.9459101490553128,0.0,0.0,0.0,0.0,0.0,0.0,0.0,0.0,0.0,1.9459101490553128,0.0,0.0,0.8660254037844386,0.5000000000000001,0.0,1.0,0.0,0.0,0.0,0.0,0.0,0.0,0.0,0.0,0.0,0.0,0.0,0.0,0.0,0.0,0.0,0.0,-0.0,0.0,0.0,0.0,-0.0,2130.1231155778896,0.3642377688424292,160.95828698747113,1.4135808,-6.728571428571429,0.0,1.0,0.0,0.0,0.0,0.0,0.0,1.0927133065272876,4.2407424,0.0,0.0,0.0,1.9459101490553128,65.8,74.19999999999999,59.0,85.0,0.0,-2.509523809523811,140162.10100502512,125677.26381909547,0.9729550745276564,1.9459101490553128,0.0,0.0,0.0,0.7976949452442573,0.0,1.9459101490553128,1111.0
0.2258064516129032,7.964516129032258,-7.02258064516129,27.0,17.641935483870967,42.91935483870968,50.483870967741936,30,0.0,27.258064516129032,24,1.0,0.0,0.0,0.0,2.4849066497880004,2.4849066497880004,0.3701431492843312,0.0,0.0,0.0,11.0,1.0,0,0,0,0,0,0,0,0,0,0,0,0,0,0,0,0,0,0,0,0,0,0,0,0.0,53,0,0,FED,BLM,3,Other Conservation Area,Fee,National Public Lands,OPEN ACCESS,0,0,1,0,0,1,1,0,0,0,1,0,0,3,0,0.3642377688424292,160.95828698747113,1.4135808,65,15,32,52,0.0,0.3946256147829484,1.8400625537717807,2130.1231155778896,118.75831662775828,0.0,0.427778024532401,1.0,6.123233995736766e-17,0,1,0,0,0,0.0,0.3326260027542329,1.0438260779065256,0.0,0.0,5.087338814345067,0.0,0.0,2130.1231155778896,1.304324227641125e-13,0.0,0.0,0.0,160.95828698747113,9.85585254777238e-15,0.0,0.3642377688424292,0.0,0.0,1.4135808,0.0,0.0,0.0,0.0,0.0,0.0,480.9955422272653,63903.69346733669,57513.32412060302,4345.87374866172,36.34541964233218,2839.615714627353,0.0,0.0,11.741935483870966,1755.0,1950.0,0.0822472381257098,0.0,0.0,0.0,0.0,0.0,0.0,0.0,0.0,0.0,0.0,0.0,0.0,0.0,0.0,0.0,0.0,0.0,0.0,0.0,0.0,0.0,0.0,0.0,0.0,0.0,0.0,0.0,5293.157094766631,399.9663176736524,3.5126163299326416,0.9050968539004968,161.51893223622002,129.21514578897603,0.0,0.0,0.0,0.0,0.0,0.0,0.0,0.0,0.0,0.0,0.0,0.0,0.0,0.0,0.0,0.0,0.0,2.4849066497880004,0.0,0.0,0.0,0.0,0.0,0.0,0.0,0.0,0.0,0.0,67.092479544276,74.54719949364001,0.5611079531779355,0.0,0.0,0.0,2.4849066497880004,0.0,0.0,0.0,0.0,0.0,0.0,0.0,0.0,0.0,2.4849066497880004,0.0,0.0,1.0,6.123233995736766e-17,0.0,0.0,0.0,0.0,0.0,0.0,0.0,0.0,0.0,0.0,0.0,0.0,0.0,0.0,0.0,0.0,0.0,0.0,0.0,0.0,0.0,0.0,0.0,2130.1231155778896,0.3642377688424292,160.95828698747113,1.4135808,0.2258064516129032,0.0,0.0,0.0,0.0,0.0,0.0,0.0,1.0927133065272876,4.2407424,0.0,0.0,0.0,2.4849066497880004,92.8,92.79999999999998,89.0,89.0,0.0,-3.091244239631337,197675.42512562816,189580.95728643212,1.2424533248940002,2.4849066497880004,0.0,0.0,0.0,1.0186479961071346,0.0,0.0,1295.0
7.253333333333333,14.51,-0.56,11.9,21.186666666666667,55.41,43.8,20,0.0,24.85333333333333,29,1.0,0.0,0.0,0.0,1.0986122886681098,1.0986122886681098,0.3701431492843312,0.0,0.0,0.0,2.0,1.0,0,0,0,0,0,0,0,0,0,0,0,0,0,0,0,0,0,0,0,0,0,0,0,0.0,53,0,0,FED,BLM,3,Other Conservation Area,Fee,National Public Lands,OPEN ACCESS,0,0,1,0,0,1,1,0,0,0,1,0,0,3,0,0.3642377688424292,160.95828698747113,1.4135808,65,15,32,52,0.0,0.3946256147829484,1.8400625537717807,2130.1231155778896,118.75831662775828,0.0,0.427778024532401,0.8660254037844387,-0.4999999999999998,0,1,0,0,0,0.0,0.3326260027542329,1.0438260779065256,0.0,0.0,5.087338814345067,0.0,0.0,1844.7407312789085,-1065.0615577889444,0.0,0.0,0.0,139.39396548077625,-80.47914349373552,0.0,0.3154391608353078,0.0,0.0,1.22419688310193,0.0,0.0,0.0,0.0,0.0,0.0,15450.49299832496,42602.46231155779,25348.465075376887,1915.4036151509065,1167.484108282457,3410.1695736412216,0.0,0.0,377.1733333333333,773.5,1300.0,2.641937950003753,0.0,0.0,0.0,0.0,0.0,0.0,0.0,0.0,0.0,0.0,0.0,0.0,0.0,0.0,0.0,0.0,0.0,0.0,0.0,0.0,0.0,0.0,0.0,0.0,0.0,0.0,0.0,2340.1794311498697,176.83075204740408,1.5529772379052975,0.400156088847347,71.40979876342713,57.12783901074171,0.0,0.0,0.0,0.0,0.0,0.0,0.0,0.0,0.0,0.0,0.0,0.0,0.0,0.0,0.0,0.0,0.0,1.0986122886681098,0.0,0.0,0.0,0.0,0.0,0.0,0.0,0.0,0.0,0.0,13.073486235150506,21.9722457733622,7.968601133806023,0.0,0.0,0.0,1.0986122886681098,0.0,0.0,0.0,0.0,0.0,0.0,0.0,0.0,0.0,1.0986122886681098,0.0,0.0,0.8660254037844387,-0.4999999999999998,0.0,0.0,0.0,-0.0,0.0,0.0,0.0,-0.0,0.0,0.0,0.0,-0.0,0.0,0.0,0.0,0.0,0.0,0.0,0.0,0.0,0.0,0.0,0.0,2130.1231155778896,0.3642377688424292,160.95828698747113,1.4135808,7.253333333333333,0.0,0.0,0.0,0.0,0.0,0.0,0.0,1.0927133065272876,4.2407424,0.0,0.0,0.0,1.0986122886681098,104.7,77.19999999999999,109.0,78.0,0.0,0.2501894521249346,223023.89020100504,232183.41959799,0.5493061443340549,1.0986122886681098,0.0,0.0,0.0,0.4503586508756451,0.0,0.0,43.0
11.480645161290322,19.00967741935484,3.103225806451613,77.9,19.241935483870968,50.49032258064516,50.29032258064516,5,0.0838709677419354,33.49677419354839,27,1.0,0.0,1.0986122886681098,0.0,2.19722457733622,2.19722457733622,0.3701431492843312,0.0,0.0,0.0,10.0,2.0,0,0,0,0,0,0,0,0,0,0,0,0,0,0,0,0,0,0,0,0,0,0,0,0.0,53,0,0,FED,BLM,3,Other Conservation Area,Fee,National Public Lands,OPEN ACCESS,0,0,1,0,0,1,1,0,0,0,1,0,0,3,0,0.3642377688424292,160.95828698747113,1.4135808,65,15,32,52,0.0,0.3946256147829484,1.8400625537717807,2130.1231155778896,118.75831662775828,0.0,0.427778024532401,0.4999999999999999,-0.8660254037844387,0,1,0,0,0,0.0,0.3326260027542329,1.0438260779065256,0.0,0.0,5.087338814345067,0.0,0.0,1065.0615577889446,-1844.7407312789085,0.0,0.0,0.0,80.47914349373555,-139.39396548077625,0.0,0.1821188844212145,0.0,0.0,0.7067903999999999,0.0,0.0,0.0,0.0,0.0,0.0,24455.187639811964,10650.615577889448,165936.5907035176,12538.650556324004,1847.9049786722887,3097.148973807308,0.0,0.0,596.9935483870968,5063.5,325.0,4.181684578420017,0.0,0.0,0.0,0.0,0.0,0.0,0.0,0.0,0.0,2340.1794311498697,176.83075204740408,1.5529772379052975,0.400156088847347,71.40979876342713,57.12783901074171,0.0,0.0,0.0,0.0,0.0,0.0,0.0,0.0,0.0,0.0,0.0,0.0,4680.35886229974,353.66150409480827,3.105954475810596,0.8003121776946943,142.8195975268543,114.25567802148343,0.0,0.0,0.0,0.0,0.0,0.0,0.0,0.0,0.0,1.0986122886681098,0.0,0.0,0.0,0.0,0.0,0.0,0.0,2.19722457733622,0.0,0.0,0.0,0.0,85.58189728724575,5.493061443340549,12.612777856031622,0.0,0.0,0.0,171.16379457449156,10.9861228866811,25.225555712063247,0.0,1.0986122886681098,0.0,2.19722457733622,0.0,0.0,0.0,1.0986122886681098,0.0,0.0,0.0,0.0,0.0,2.19722457733622,0.0,0.0,0.4999999999999999,-0.8660254037844387,0.0,0.0,0.0,-0.0,0.0,0.0,0.0,-0.0,0.0,0.0,0.0,-0.0,0.0,0.0,0.0,0.0,0.0,0.0,0.0,0.0,0.0,0.0,0.0,2130.1231155778896,0.3642377688424292,160.95828698747113,1.4135808,11.480645161290322,0.0,0.0,0.0,0.0,0.0,0.0,0.0,1.0927133065272876,4.2407424,0.0,1.0986122886681098,0.0,2.19722457733622,182.6,116.8,114.0,55.0,0.0838709677419354,6.319928315412184,388960.4809045227,242834.03517587943,1.0518411860850798,3.29583686600433,0.0,0.0,0.0,1.3510759526269354,0.0,0.0,20.0
17.93,25.366666666666667,9.976666666666668,22.0,17.056666666666665,45.39666666666667,54.93333333333333,0,1.4999999999999998,41.49666666666667,27,1.0,0.0,1.0986122886681098,0.0,1.791759469228055,1.791759469228055,0.3701431492843312,0.0,0.0,0.0,7.0,2.0,0,0,0,0,0,0,0,0,0,0,0,0,0,0,0,0,0,0,0,0,0,0,0,0.0,53,0,0,FED,BLM,3,Other Conservation Area,Fee,National Public Lands,OPEN ACCESS,0,0,1,0,0,1,1,0,0,0,1,0,0,3,0,0.3642377688424292,160.95828698747113,1.4135808,65,15,32,52,0.0,0.3946256147829484,1.8400625537717807,2130.1231155778896,118.75831662775828,0.0,0.427778024532401,1.2246467991473532e-16,-1.0,0,0,1,0,1,0.0,0.3326260027542329,1.0438260779065256,0.0,0.0,5.087338814345067,0.0,0.0,2.60864845528225e-13,-2130.1231155778896,2130.1231155778896,0.0,160.95828698747113,1.971170509554476e-14,-160.95828698747113,0.3642377688424292,4.4606261774145446e-17,0.0,1.4135808,1.731137202056155e-16,0.0,0.0,0.0,0.0,0.0,0.0,38193.10746231157,0.0,46862.708542713575,3541.0823137243647,2885.982085685357,2745.4118483829657,0.0,0.0,932.36,1430.0,0.0,6.530783195344755,0.0,0.0,0.0,0.0,0.0,0.0,0.0,0.0,0.0,2340.1794311498697,176.83075204740408,1.5529772379052975,0.400156088847347,71.40979876342713,57.12783901074171,0.0,0.0,0.0,0.0,0.0,0.0,0.0,0.0,0.0,0.0,0.0,0.0,3816.66826295825,288.39853486052823,2.5327967839189696,0.6526264713739219,116.46436549982356,93.17149239985886,0.0,0.0,0.0,0.0,0.0,0.0,0.0,0.0,0.0,1.0986122886681098,0.0,0.0,0.0,0.0,0.0,0.0,0.0,1.791759469228055,0.0,0.0,0.0,0.0,24.16947035069841,0.0,19.69811833581921,0.0,0.0,0.0,39.418708323017206,0.0,32.126247283259026,0.0,1.0986122886681098,0.0,1.791759469228055,0.0,0.0,0.0,1.0986122886681098,0.0,0.0,0.0,0.0,0.0,1.791759469228055,0.0,0.0,1.2246467991473532e-16,-1.0,1.0,0.0,0.0,-0.0,0.0,0.0,0.0,-0.0,0.0,0.0,0.0,-0.0,0.0,0.0,0.0,0.0,0.0,0.0,0.0,0.0,0.0,0.0,0.0,2130.1231155778896,0.3642377688424292,160.95828698747113,1.4135808,17.93,1.0,0.0,0.0,0.0,0.0,0.0,0.0,1.0927133065272876,4.2407424,0.0,1.0986122886681098,0.0,1.791759469228055,204.6,111.8,114.0,25.0,1.5838709677419351,12.221326164874547,435823.18944723625,242834.03517587943,0.8810578361019671,2.8903717578961645,0.0,0.0,1.0,1.1848619743670348,2.8903717578961645,0.0,13.0
21.0258064516129,29.154838709677417,12.932258064516128,52.3,16.948387096774194,44.14516129032258,54.193548387096776,0,3.0935483870967744,46.63870967741936,31,1.0,0.0,1.3862943611198906,0.0,1.6094379124341005,1.6094379124341005,0.3701431492843312,0.0,0.0,0.0,7.0,2.0,0,0,0,0,0,0,0,0,0,0,0,0,0,0,0,0,0,0,0,0,0,0,0,0.0,53,0,0,FED,BLM,3,Other Conservation Area,Fee,National Public Lands,OPEN ACCESS,0,0,1,0,0,1,1,0,0,0,1,0,0,3,0,0.3642377688424292,160.95828698747113,1.4135808,65,15,32,52,0.0,0.3946256147829484,1.8400625537717807,2130.1231155778896,118.75831662775828,0.0,0.427778024532401,-0.4999999999999997,-0.8660254037844388,0,0,1,0,1,0.0,0.3326260027542329,1.0438260779065256,0.0,0.0,5.087338814345067,0.0,0.0,-1065.061557788944,-1844.7407312789087,2130.1231155778896,0.0,160.95828698747113,-80.47914349373552,-139.39396548077627,0.3642377688424292,-0.1821188844212145,0.0,1.4135808,-0.7067903999999996,0.0,-0.0,0.0,-0.0,0.0,-0.0,44787.556346247366,0.0,111405.43894472362,8418.11840944474,3384.277788981731,2727.9833542973333,0.0,0.0,1093.3419354838709,3399.5,0.0,7.6583928300482365,0.0,0.0,0.0,0.0,0.0,0.0,0.0,0.0,0.0,2952.977663616761,223.13556562624828,1.959639092027344,0.5049407650531498,90.10913347279288,72.0873067782343,0.0,0.0,0.0,0.0,0.0,0.0,0.0,0.0,0.0,0.0,0.0,0.0,3428.300900363301,259.05236939808435,2.2750705318089257,0.5862180743154137,104.61346430821654,83.69077144657322,0.0,0.0,0.0,0.0,0.0,0.0,0.0,0.0,0.0,1.3862943611198906,0.0,0.0,0.0,0.0,0.0,0.0,0.0,1.6094379124341005,0.0,0.0,0.0,0.0,72.50319508657027,0.0,29.14795692186918,0.0,0.0,0.0,84.17360282030346,0.0,33.83973004272731,0.0,1.3862943611198906,0.0,1.6094379124341005,0.0,0.0,0.0,1.3862943611198906,0.0,0.0,0.0,0.0,0.0,1.6094379124341005,0.0,0.0,-0.4999999999999997,-0.8660254037844388,1.0,0.0,-0.0,-0.0,0.0,0.0,-0.0,-0.0,0.0,0.0,-0.0,-0.0,0.0,0.0,0.0,0.0,0.0,0.0,0.0,0.0,0.0,0.0,0.0,2130.1231155778896,0.3642377688424292,160.95828698747113,1.4135808,21.0258064516129,1.0,0.0,0.0,0.0,0.0,0.0,0.0,1.0927133065272876,4.2407424,0.0,1.3862943611198906,0.0,1.6094379124341005,256.9,152.2,114.0,5.0,4.67741935483871,16.812150537634405,547228.6283919598,242834.03517587943,0.8695783434036292,2.9957322735539913,0.0,0.0,1.0,1.228052843590559,2.9957322735539913,0.0,16.0
19.16774193548387,26.8,11.216129032258063,32.3,16.161290322580644,41.80645161290322,42.774193548387096,0,1.6516129032258065,46.94193548387097,30,1.0,0.0,1.6094379124341005,0.0,1.6094379124341005,1.6094379124341005,0.3701431492843312,0.0,0.0,0.0,8.0,2.0,0,0,0,0,0,0,0,0,0,0,0,0,0,0,0,0,0,0,0,0,0,0,0,0.0,53,0,0,FED,BLM,3,Other Conservation Area,Fee,National Public Lands,OPEN ACCESS,0,0,1,0,0,1,1,0,0,0,1,0,0,3,0,0.3642377688424292,160.95828698747113,1.4135808,65,15,32,52,0.0,0.3946256147829484,1.8400625537717807,2130.1231155778896,118.75831662775828,0.0,0.427778024532401,-0.8660254037844385,-0.5000000000000004,0,0,1,0,1,0.0,0.3326260027542329,1.0438260779065256,0.0,0.0,5.087338814345067,0.0,0.0,-1844.740731278908,-1065.0615577889455,2130.1231155778896,0.0,160.95828698747113,-139.39396548077622,-80.47914349373563,0.3642377688424292,-0.3154391608353077,0.0,1.4135808,-1.2241968831019296,0.0,-0.0,0.0,-0.0,0.0,-0.0,40829.650170205874,0.0,68802.97663316583,5198.952669695317,3085.206907353398,2601.293605829775,0.0,0.0,996.7225806451612,2099.5,0.0,6.98161555632811,0.0,0.0,0.0,0.0,0.0,0.0,0.0,0.0,0.0,3428.300900363301,259.05236939808435,2.2750705318089257,0.5862180743154137,104.61346430821654,83.69077144657322,0.0,0.0,0.0,0.0,0.0,0.0,0.0,0.0,0.0,0.0,0.0,0.0,3428.300900363301,259.05236939808435,2.2750705318089257,0.5862180743154137,104.61346430821654,83.69077144657322,0.0,0.0,0.0,0.0,0.0,0.0,0.0,0.0,0.0,1.6094379124341005,0.0,0.0,0.0,0.0,0.0,0.0,0.0,1.6094379124341005,0.0,0.0,0.0,0.0,51.98484457162144,0.0,30.849290566720725,0.0,0.0,0.0,51.98484457162144,0.0,30.849290566720725,0.0,1.6094379124341005,0.0,1.6094379124341005,0.0,0.0,0.0,1.6094379124341005,0.0,0.0,0.0,0.0,0.0,1.6094379124341005,0.0,0.0,-0.8660254037844385,-0.5000000000000004,1.0,0.0,-0.0,-0.0,0.0,0.0,-0.0,-0.0,0.0,0.0,-0.0,-0.0,0.0,0.0,0.0,0.0,0.0,0.0,0.0,0.0,0.0,0.0,0.0,2130.1231155778896,0.3642377688424292,160.95828698747113,1.4135808,19.16774193548387,1.0,0.0,0.0,0.0,0.0,0.0,0.0,1.0927133065272876,4.2407424,0.0,1.6094379124341005,0.0,1.6094379124341005,289.2,106.6,114.0,0.0,6.329032258064516,19.37451612903225,616031.6050251257,242834.03517587943,0.9292094119878171,3.218875824868201,0.0,0.0,1.0,1.3195269967181391,3.218875824868201,0.0,139.0
16.54,24.816666666666663,7.903333333333333,24.4,16.953333333333333,40.82,29.53333333333333,0,0.8900000000000001,39.82333333333334,26,1.0,0.0,0.0,0.0,1.6094379124341005,1.6094379124341005,0.3701431492843312,0.0,0.0,0.0,4.0,1.0,0,0,0,0,0,0,0,0,0,0,0,0,0,0,0,0,0,0,0,0,0,0,0,0.0,53,0,0,FED,BLM,3,Other Conservation Area,Fee,National Public Lands,OPEN ACCESS,0,0,1,0,0,1,1,0,0,0,1,0,0,3,0,0.3642377688424292,160.95828698747113,1.4135808,65,15,32,52,0.0,0.3946256147829484,1.8400625537717807,2130.1231155778896,118.75831662775828,0.0,0.427778024532401,-1.0,-1.8369701987210292e-16,0,0,0,1,0,0.0,0.3326260027542329,1.0438260779065256,0.0,0.0,5.087338814345067,0.0,0.0,-2130.1231155778896,-3.9129726829233753e-13,0.0,0.0,0.0,-160.95828698747113,-2.9567557643317133e-14,0.0,-0.3642377688424292,0.0,0.0,-1.4135808,0.0,-0.0,0.0,-0.0,0.0,-0.0,35232.23633165829,0.0,51975.0040201005,3927.382202494295,2662.250066772772,2728.779492060927,0.0,0.0,860.0799999999999,1586.0,0.0,6.024492696653779,0.0,0.0,0.0,0.0,0.0,0.0,0.0,0.0,0.0,0.0,0.0,0.0,0.0,0.0,0.0,0.0,0.0,0.0,0.0,0.0,0.0,0.0,0.0,0.0,0.0,0.0,0.0,3428.300900363301,259.05236939808435,2.2750705318089257,0.5862180743154137,104.61346430821654,83.69077144657322,0.0,0.0,0.0,0.0,0.0,0.0,0.0,0.0,0.0,0.0,0.0,0.0,0.0,0.0,0.0,0.0,0.0,1.6094379124341005,0.0,0.0,0.0,0.0,0.0,0.0,0.0,0.0,0.0,0.0,39.27028506339205,0.0,26.620103071660026,0.0,0.0,0.0,1.6094379124341005,0.0,0.0,0.0,0.0,0.0,0.0,0.0,0.0,0.0,1.6094379124341005,0.0,0.0,-1.0,-1.8369701987210292e-16,0.0,0.0,-0.0,-0.0,0.0,0.0,-0.0,-0.0,0.0,0.0,-0.0,-0.0,0.0,0.0,0.0,0.0,0.0,0.0,0.0,0.0,0.0,0.0,0.0,2130.1231155778896,0.3642377688424292,160.95828698747113,1.4135808,16.54,0.0,0.0,0.0,0.0,0.0,0.0,0.0,1.0927133065272876,4.2407424,0.0,0.0,0.0,1.6094379124341005,313.6,109.0,114.0,0.0,7.219032258064516,18.91118279569892,668006.6090452262,242834.03517587943,0.8047189562170503,1.6094379124341005,0.0,0.0,0.0,0.6597634983590696,0.0,0.0,344.0
8.296774193548387,15.925806451612903,1.2580645161290325,18.1,16.190322580645162,39.62580645161291,31.387096774193548,10,0.0,33.10322580645161,29,1.0,0.0,0.6931471805599453,0.0,2.3978952727983707,2.3978952727983707,0.3701431492843312,0.0,0.0,0.0,11.0,2.0,0,0,0,0,0,0,0,0,0,0,0,0,0,0,0,0,0,0,0,0,0,0,0,0.0,53,0,0,FED,BLM,3,Other Conservation Area,Fee,National Public Lands,OPEN ACCESS,0,0,1,0,0,1,1,0,0,0,1,0,0,3,0,0.3642377688424292,160.95828698747113,1.4135808,65,15,32,52,0.0,0.3946256147829484,1.8400625537717807,2130.1231155778896,118.75831662775828,0.0,0.427778024532401,-0.8660254037844386,0.5000000000000001,0,0,0,1,0,0.0,0.3326260027542329,1.0438260779065256,0.0,0.0,5.087338814345067,0.0,0.0,-1844.740731278908,1065.061557788945,0.0,0.0,0.0,-139.39396548077622,80.47914349373558,0.0,-0.3154391608353077,0.0,0.0,-1.22419688310193,0.0,-0.0,0.0,-0.0,0.0,-0.0,17673.150494407524,21301.231155778896,38555.228391959805,2913.3449944732274,1335.4345617154056,2605.9665883552184,0.0,0.0,431.4322580645161,1176.5,650.0,3.021998520847509,0.0,0.0,0.0,0.0,0.0,0.0,0.0,0.0,0.0,1476.4888318083806,111.56778281312414,0.979819546013672,0.2524703825265749,45.054566736396445,36.04365338911715,0.0,0.0,0.0,0.0,0.0,0.0,0.0,0.0,0.0,0.0,0.0,0.0,5107.812149322759,385.9611154849805,3.38961871803854,0.8734040240818867,155.8631927318941,124.69055418551528,0.0,0.0,0.0,0.0,0.0,0.0,0.0,0.0,0.0,0.6931471805599453,0.0,0.0,0.0,0.0,0.0,0.0,0.0,2.3978952727983707,0.0,0.0,0.0,0.0,12.54596396813501,6.931471805599453,5.750885640000578,0.0,0.0,0.0,43.40190443765052,23.978952727983707,19.894795618185192,0.0,0.6931471805599453,0.0,2.3978952727983707,0.0,0.0,0.0,0.6931471805599453,0.0,0.0,0.0,0.0,0.0,2.3978952727983707,0.0,0.0,-0.8660254037844386,0.5000000000000001,0.0,0.0,-0.0,0.0,0.0,0.0,-0.0,0.0,0.0,0.0,-0.0,0.0,0.0,0.0,0.0,0.0,0.0,0.0,0.0,0.0,0.0,0.0,0.0,2130.1231155778896,0.3642377688424292,160.95828698747113,1.4135808,8.296774193548387,0.0,0.0,0.0,0.0,0.0,0.0,0.0,1.0927133065272876,4.2407424,0.0,0.6931471805599453,0.0,2.3978952727983707,331.7,74.8,124.0,10.0,7.219032258064516,14.66817204301075,706561.8374371859,264135.2663316583,1.131624038143282,3.091042453358316,0.0,0.0,0.0,1.2671237373299955,0.0,0.0,1794.0
0.2666666666666666,6.73,-5.676666666666667,24.1,15.996666666666666,39.73,41.73333333333333,25,0.0,23.08333333333333,25,1.0,0.0,1.0986122886681098,0.0,0.6931471805599453,0.6931471805599453,0.3701431492843312,0.0,0.0,0.0,3.0,2.0,0,0,0,0,0,0,0,0,0,0,0,0,0,0,0,0,0,0,0,0,0,0,0,0.0,53,0,0,FED,BLM,3,Other Conservation Area,Fee,National Public Lands,OPEN ACCESS,0,0,1,0,0,1,1,0,0,0,1,0,0,3,0,0.3642377688424292,160.95828698747113,1.4135808,65,15,32,52,0.0,0.3946256147829484,1.8400625537717807,2130.1231155778896,118.75831662775828,0.0,0.427778024532401,-0.5000000000000004,0.8660254037844384,0,0,0,1,0,0.0,0.3326260027542329,1.0438260779065256,0.0,0.0,5.087338814345067,0.0,0.0,-1065.0615577889455,1844.740731278908,0.0,0.0,0.0,-80.47914349373563,139.3939654807762,0.0,-0.1821188844212147,0.0,0.0,-0.7067904000000007,0.0,-0.0,0.0,-0.0,0.0,-0.0,568.0328308207704,53253.07788944724,51335.967085427146,3879.094716398056,42.92220986332563,2574.7960641762465,0.0,0.0,13.866666666666664,1566.5,1625.0,0.0971300716913144,0.0,0.0,0.0,0.0,0.0,0.0,0.0,0.0,0.0,2340.1794311498697,176.83075204740408,1.5529772379052975,0.400156088847347,71.40979876342713,57.12783901074171,0.0,0.0,0.0,0.0,0.0,0.0,0.0,0.0,0.0,0.0,0.0,0.0,1476.4888318083806,111.56778281312414,0.979819546013672,0.2524703825265749,45.054566736396445,36.04365338911715,0.0,0.0,0.0,0.0,0.0,0.0,0.0,0.0,0.0,1.0986122886681098,0.0,0.0,0.0,0.0,0.0,0.0,0.0,0.6931471805599453,0.0,0.0,0.0,0.0,26.47655615690145,27.465307216702744,0.2929632769781625,0.0,0.0,0.0,16.70484705149468,17.328679513998633,0.1848392481493187,0.0,1.0986122886681098,0.0,0.6931471805599453,0.0,0.0,0.0,1.0986122886681098,0.0,0.0,0.0,0.0,0.0,0.6931471805599453,0.0,0.0,-0.5000000000000004,0.8660254037844384,0.0,0.0,-0.0,0.0,0.0,0.0,-0.0,0.0,0.0,0.0,-0.0,0.0,0.0,0.0,0.0,0.0,0.0,0.0,0.0,0.0,0.0,0.0,0.0,2130.1231155778896,0.3642377688424292,160.95828698747113,1.4135808,0.2666666666666666,0.0,0.0,0.0,0.0,0.0,0.0,0.0,1.0927133065272876,4.2407424,0.0,1.0986122886681098,0.0,0.6931471805599453,355.8,66.6,149.0,35.0,7.219032258064516,8.367813620071681,757897.8045226132,317388.3442211056,0.543078102375304,1.791759469228055,0.0,0.0,0.0,0.7345033234913898,0.0,0.0,568.0
-2.2419354838709675,4.935483870967742,-8.248387096774193,6.0,15.14516129032258,38.04516129032258,57.096774193548384,31,0.0,21.677419354838708,23,1.0,0.0,0.0,0.0,1.3862943611198906,1.3862943611198906,0.3701431492843312,0.0,0.0,0.0,3.0,1.0,0,0,0,0,0,0,0,0,0,0,0,0,0,0,0,0,0,0,0,0,0,0,0,0.0,53,0,0,FED,BLM,3,Other Conservation Area,Fee,National Public Lands,OPEN ACCESS,0,0,1,0,0,1,1,0,0,0,1,0,0,3,0,0.3642377688424292,160.95828698747113,1.4135808,65,15,32,52,0.0,0.3946256147829484,1.8400625537717807,2130.1231155778896,118.75831662775828,0.0,0.427778024532401,-2.4492935982947064e-16,1.0,1,0,0,0,0,0.0,0.3326260027542329,1.0438260779065256,0.0,0.0,5.087338814345067,0.0,0.0,-5.2172969105645e-13,2130.1231155778896,0.0,2130.1231155778896,0.0,-3.942341019108952e-14,160.95828698747113,0.0,-8.921252354829088e-17,0.3642377688424292,0.0,-3.46227440411231e-16,0.0,-0.0,0.0,-0.0,0.0,-0.0,-4775.598597827849,66033.81658291457,12780.738693467338,965.7497219248268,-360.85809502029815,2437.7392174392803,-0.0,0.0,-116.5806451612903,390.0,2015.0,-0.8165975785338331,0.0,0.0,0.0,0.0,0.0,0.0,0.0,0.0,0.0,0.0,0.0,0.0,0.0,0.0,0.0,0.0,0.0,0.0,0.0,0.0,0.0,0.0,0.0,0.0,0.0,0.0,0.0,2952.977663616761,223.13556562624828,1.959639092027344,0.5049407650531498,90.10913347279288,72.0873067782343,0.0,0.0,0.0,0.0,0.0,0.0,0.0,0.0,0.0,0.0,0.0,0.0,0.0,0.0,0.0,0.0,0.0,1.3862943611198906,0.0,0.0,0.0,-0.0,0.0,0.0,-0.0,0.0,0.0,-0.0,8.317766166719343,42.97512519471661,-3.107982519284916,0.0,0.0,0.0,1.3862943611198906,0.0,0.0,0.0,0.0,0.0,0.0,0.0,0.0,0.0,1.3862943611198906,0.0,0.0,-2.4492935982947064e-16,1.0,0.0,1.0,-0.0,0.0,0.0,0.0,-0.0,0.0,0.0,0.0,-0.0,0.0,0.0,0.0,0.0,0.0,0.0,0.0,-0.0,0.0,0.0,0.0,-0.0,2130.1231155778896,0.3642377688424292,160.95828698747113,1.4135808,-2.2419354838709675,0.0,1.0,0.0,0.0,0.0,0.0,0.0,1.0927133065272876,4.2407424,0.0,0.0,0.0,1.3862943611198906,361.8,48.2,180.0,66.0,7.219032258064516,2.10716845878136,770678.5432160805,383422.1608040201,0.6931471805599453,1.3862943611198906,0.0,0.0,0.0,0.5682893452314894,0.0,1.3862943611198906,6.0
-4.612903225806452,2.487096774193548,-10.63548387096774,18.8,15.109677419354838,37.05806451612903,61.41935483870968,31,0.0,25.080645161290324,24,1.0,0.0,0.6931471805599453,0.0,0.6931471805599453,0.6931471805599453,1.3701431492843312,0.0,0.6931471805599453,0.0,2.0,2.0,0,0,0,0,0,0,0,0,0,0,0,0,0,0,0,0,0,0,0,0,0,0,0,0.0,53,0,0,FED,BLM,3,Other Conservation Area,Fee,National Public Lands,OPEN ACCESS,0,0,1,0,0,1,1,0,0,0,1,0,0,3,0,0.3642377688424292,160.95828698747113,1.4135808,65,15,32,52,0.0,0.3946256147829484,1.8400625537717807,2130.1231155778896,118.75831662775828,0.0,0.427778024532401,0.4999999999999999,0.8660254037844387,1,0,0,0,0,0.0,0.3326260027542329,1.0438260779065256,0.0,0.0,5.087338814345067,0.0,0.0,1065.0615577889446,1844.7407312789085,0.0,2130.1231155778896,0.0,80.47914349373555,139.39396548077625,0.0,0.1821188844212145,0.3642377688424292,0.0,0.7067903999999999,0.0,0.0,0.0,0.0,0.0,0.0,-9826.051791214137,66033.81658291457,40046.31457286433,3026.015795364457,-742.4850012647862,2432.027794352628,-0.0,0.0,-239.8709677419355,1222.0,2015.0,-1.6801935788537865,0.0,0.0,0.0,0.0,0.0,0.0,0.0,0.0,0.0,1476.4888318083806,111.56778281312414,0.979819546013672,0.2524703825265749,45.054566736396445,36.04365338911715,0.0,0.0,0.0,0.0,0.0,0.0,0.0,0.0,0.0,0.0,0.0,0.0,1476.4888318083806,111.56778281312414,0.979819546013672,0.2524703825265749,45.054566736396445,36.04365338911715,0.0,0.0,0.0,0.0,0.0,0.0,0.0,0.0,0.0,0.6931471805599453,0.0,0.0,0.0,0.0,0.0,0.0,0.0,0.6931471805599453,0.0,0.0,0.0,-0.0,13.031166994526972,21.487562597358306,-3.1974208651636187,0.0,0.0,-0.0,13.031166994526972,21.487562597358306,-3.1974208651636187,0.0,0.6931471805599453,0.0,0.6931471805599453,0.0,0.0,0.0,0.6931471805599453,0.0,0.0,0.0,0.0,0.0,0.6931471805599453,0.0,0.0,0.4999999999999999,0.8660254037844387,0.0,1.0,0.0,0.0,0.0,0.0,0.0,0.0,0.0,0.0,0.0,0.0,0.0,0.0,0.0,0.0,0.0,0.0,-0.0,0.0,0.0,0.0,-0.0,2130.1231155778896,0.3642377688424292,160.95828698747113,1.4135808,-4.612903225806452,0.0,1.0,0.0,0.0,0.0,0.0,0.0,1.0927133065272876,4.2407424,0.0,0.6931471805599453,0.0,0.6931471805599453,18.8,48.900000000000006,31.0,87.0,0.0,-2.196057347670253,40046.31457286433,66033.81658291457,0.4001887112843145,1.3862943611198906,0.0,0.0,0.0,0.5682893452314894,0.0,1.3862943611198906,553.0
-3.842857142857144,4.239285714285715,-11.585714285714284,16.9,16.58214285714286,41.25714285714286,42.42857142857143,28,0.0,22.764285714285712,26,1.0,0.0,0.0,0.0,2.19722457733622,2.19722457733622,1.3701431492843312,0.0,0.0,0.0,8.0,1.0,0,0,0,0,0,0,0,0,0,0,0,0,0,0,0,0,0,0,0,0,0,0,0,0.0,53,0,0,FED,BLM,3,Other Conservation Area,Fee,National Public Lands,OPEN ACCESS,0,0,1,0,0,1,1,0,0,0,1,0,0,3,0,0.3642377688424292,160.95828698747113,1.4135808,65,15,32,52,0.0,0.3946256147829484,1.8400625537717807,2130.1231155778896,118.75831662775828,0.0,0.427778024532401,0.8660254037844386,0.5000000000000001,1,0,0,0,0,0.0,0.3326260027542329,1.0438260779065256,0.0,0.0,5.087338814345067,0.0,0.0,1844.740731278908,1065.061557788945,0.0,2130.1231155778896,0.0,139.39396548077622,80.47914349373558,0.0,0.3154391608353077,0.3642377688424292,0.0,1.22419688310193,0.0,0.0,0.0,0.0,0.0,0.0,-8185.7588298636065,59643.44723618091,35999.080653266334,2720.1950500882617,-618.5397028518535,2669.0333088672446,-0.0,0.0,-199.82857142857148,1098.5,1820.0,-1.3997137116944782,0.0,0.0,0.0,0.0,0.0,0.0,0.0,0.0,0.0,0.0,0.0,0.0,0.0,0.0,0.0,0.0,0.0,0.0,0.0,0.0,0.0,0.0,0.0,0.0,0.0,0.0,0.0,4680.35886229974,353.66150409480827,3.105954475810596,0.8003121776946943,142.8195975268543,114.25567802148343,0.0,0.0,0.0,0.0,0.0,0.0,0.0,0.0,0.0,0.0,0.0,0.0,0.0,0.0,0.0,0.0,0.0,2.19722457733622,0.0,0.0,0.0,-0.0,0.0,0.0,-0.0,0.0,0.0,-0.0,37.13309535698212,61.52228816541416,-8.443620161477762,0.0,0.0,0.0,2.19722457733622,0.0,0.0,0.0,0.0,0.0,0.0,0.0,0.0,0.0,2.19722457733622,0.0,0.0,0.8660254037844386,0.5000000000000001,0.0,1.0,0.0,0.0,0.0,0.0,0.0,0.0,0.0,0.0,0.0,0.0,0.0,0.0,0.0,0.0,0.0,0.0,-0.0,0.0,0.0,0.0,-0.0,2130.1231155778896,0.3642377688424292,160.95828698747113,1.4135808,-3.842857142857144,0.0,1.0,0.0,0.0,0.0,0.0,0.0,1.0927133065272876,4.2407424,0.0,0.0,0.0,2.19722457733622,35.7,41.7,59.0,90.0,0.0,-3.5658986175115235,76045.39522613067,125677.26381909547,1.09861228866811,2.19722457733622,0.0,0.0,0.0,0.9007173017512903,0.0,2.19722457733622,1301.0
-0.6580645161290323,5.932258064516129,-7.264516129032257,18.8,16.932258064516127,43.81935483870968,54.54838709677419,30,0.0,24.89032258064516,27,1.0,0.0,0.6931471805599453,0.0,1.9459101490553128,1.9459101490553128,1.3701431492843312,0.0,0.6931471805599453,0.0,7.0,2.0,0,0,0,0,0,0,0,0,0,0,0,0,0,0,0,0,0,0,0,0,0,0,0,0.0,53,0,0,FED,BLM,3,Other Conservation Area,Fee,National Public Lands,OPEN ACCESS,0,0,1,0,0,1,1,0,0,0,1,0,0,3,0,0.3642377688424292,160.95828698747113,1.4135808,65,15,32,52,0.0,0.3946256147829484,1.8400625537717807,2130.1231155778896,118.75831662775828,0.0,0.427778024532401,1.0,6.123233995736766e-17,0,1,0,0,0,0.0,0.3326260027542329,1.0438260779065256,0.0,0.0,5.087338814345067,0.0,0.0,2130.1231155778896,1.304324227641125e-13,0.0,0.0,0.0,160.95828698747113,9.85585254777238e-15,0.0,0.3642377688424292,0.0,0.0,1.4135808,0.0,0.0,0.0,0.0,0.0,0.0,-1401.7584373480306,63903.69346733669,40046.31457286433,3026.015795364457,-105.9209372433681,2725.3872528943093,-0.0,0.0,-34.21935483870968,1222.0,1950.0,-0.2396919511092115,0.0,0.0,0.0,0.0,0.0,0.0,0.0,0.0,0.0,1476.4888318083806,111.56778281312414,0.979819546013672,0.2524703825265749,45.054566736396445,36.04365338911715,0.0,0.0,0.0,0.0,0.0,0.0,0.0,0.0,0.0,0.0,0.0,0.0,4145.028189340338,313.21036422347777,2.7507012252297285,0.7087739710597459,126.48415968859533,101.18732775087626,0.0,0.0,0.0,0.0,0.0,0.0,0.0,0.0,0.0,0.6931471805599453,0.0,0.0,0.0,0.0,0.0,0.0,0.0,1.9459101490553128,0.0,0.0,0.0,-0.0,13.031166994526972,20.79441541679836,-0.4561355639813834,0.0,0.0,-0.0,36.58311080223988,58.377304471659386,-1.2805344206686575,0.0,0.6931471805599453,0.0,1.9459101490553128,0.0,0.0,0.0,0.6931471805599453,0.0,0.0,0.0,0.0,0.0,1.9459101490553128,0.0,0.0,1.0,6.123233995736766e-17,0.0,0.0,0.0,0.0,0.0,0.0,0.0,0.0,0.0,0.0,0.0,0.0,0.0,0.0,0.0,0.0,0.0,0.0,-0.0,0.0,0.0,0.0,-0.0,2130.1231155778896,0.3642377688424292,160.95828698747113,1.4135808,-0.6580645161290323,0.0,0.0,0.0,0.0,0.0,0.0,0.0,1.0927133065272876,4.2407424,0.0,0.6931471805599453,0.0,1.9459101490553128,54.5,54.5,89.0,89.0,0.0,-3.037941628264212,116091.70979899498,189580.95728643212,0.917580772986892,2.639057329615258,0.0,0.0,0.0,1.081839617860002,0.0,0.0,1082.0
4.886666666666667,12.426666666666668,-3.6566666666666654,32.4,18.063333333333333,46.37,46.56666666666667,25,0.0,27.886666666666667,28,1.0,0.0,1.3862943611198906,0.0,2.4849066497880004,2.4849066497880004,1.3701431492843312,0.0,1.3862943611198906,0.0,14.0,2.0,0,0,0,0,0,0,0,0,0,0,0,0,0,0,0,0,0,0,0,0,0,0,0,0.0,53,0,0,FED,BLM,3,Other Conservation Area,Fee,National Public Lands,OPEN ACCESS,0,0,1,0,0,1,1,0,0,0,1,0,0,3,0,0.3642377688424292,160.95828698747113,1.4135808,65,15,32,52,0.0,0.3946256147829484,1.8400625537717807,2130.1231155778896,118.75831662775828,0.0,0.427778024532401,0.8660254037844387,-0.4999999999999998,0,1,0,0,0,0.0,0.3326260027542329,1.0438260779065256,0.0,0.0,5.087338814345067,0.0,0.0,1844.7407312789085,-1065.0615577889444,0.0,0.0,0.0,139.39396548077625,-80.47914349373552,0.0,0.3154391608353078,0.0,0.0,1.22419688310193,0.0,0.0,0.0,0.0,0.0,0.0,10409.20162479062,53253.07788944724,69015.98894472362,5215.048498394064,786.5494957454423,2907.44319061702,0.0,0.0,254.10666666666668,2106.0,1625.0,1.7799085637433374,0.0,0.0,0.0,0.0,0.0,0.0,0.0,0.0,0.0,2952.977663616761,223.13556562624828,1.959639092027344,0.5049407650531498,90.10913347279288,72.0873067782343,0.0,0.0,0.0,0.0,0.0,0.0,0.0,0.0,0.0,0.0,0.0,0.0,5293.157094766631,399.9663176736524,3.5126163299326416,0.9050968539004968,161.51893223622002,129.21514578897603,0.0,0.0,0.0,0.0,0.0,0.0,0.0,0.0,0.0,1.3862943611198906,0.0,0.0,0.0,0.0,0.0,0.0,0.0,2.4849066497880004,0.0,0.0,0.0,0.0,44.915937300284455,34.657359027997266,6.774358444672532,0.0,0.0,0.0,80.51097545313121,62.12266624470001,12.14291049529736,0.0,1.3862943611198906,0.0,2.4849066497880004,0.0,0.0,0.0,1.3862943611198906,0.0,0.0,0.0,0.0,0.0,2.4849066497880004,0.0,0.0,0.8660254037844387,-0.4999999999999998,0.0,0.0,0.0,-0.0,0.0,0.0,0.0,-0.0,0.0,0.0,0.0,-0.0,0.0,0.0,0.0,0.0,0.0,0.0,0.0,0.0,0.0,0.0,0.0,2130.1231155778896,0.3642377688424292,160.95828698747113,1.4135808,4.886666666666667,0.0,0.0,0.0,0.0,0.0,0.0,0.0,1.0927133065272876,4.2407424,0.0,1.3862943611198906,0.0,2.4849066497880004,86.9,68.1,114.0,83.0,0.0,0.1285816692268282,185107.69874371865,242834.03517587943,1.2041627516134548,3.8712010109078907,0.0,0.0,0.0,1.5869373413386239,0.0,0.0,1518.0
11.441935483870967,18.73225806451613,3.358064516129032,63.3,16.851612903225806,43.4741935483871,53.61290322580645,2,0.0,41.21612903225807,28,1.0,0.0,0.6931471805599453,0.0,3.091042453358316,3.091042453358316,1.3701431492843312,0.0,0.6931471805599453,0.0,22.0,2.0,0,0,0,0,0,0,0,0,0,0,0,0,0,0,0,0,0,0,0,0,0,0,0,0.0,53,0,0,FED,BLM,3,Other Conservation Area,Fee,National Public Lands,OPEN ACCESS,0,0,1,0,0,1,1,0,0,0,1,0,0,3,0,0.3642377688424292,160.95828698747113,1.4135808,65,15,32,52,0.0,0.3946256147829484,1.8400625537717807,2130.1231155778896,118.75831662775828,0.0,0.427778024532401,0.4999999999999999,-0.8660254037844387,0,1,0,0,0,0.0,0.3326260027542329,1.0438260779065256,0.0,0.0,5.087338814345067,0.0,0.0,1065.0615577889446,-1844.7407312789085,0.0,0.0,0.0,80.47914349373555,-139.39396548077625,0.0,0.1821188844212145,0.0,0.0,0.7067903999999999,0.0,0.0,0.0,0.0,0.0,0.0,24372.731261144432,4260.246231155779,134836.7932160804,10188.659566306922,1841.6743353050324,2712.406745879191,0.0,0.0,594.9806451612903,4114.5,130.0,4.167585051884181,0.0,0.0,0.0,0.0,0.0,0.0,0.0,0.0,0.0,1476.4888318083806,111.56778281312414,0.979819546013672,0.2524703825265749,45.054566736396445,36.04365338911715,0.0,0.0,0.0,0.0,0.0,0.0,0.0,0.0,0.0,0.0,0.0,0.0,6584.300981131139,497.5288982981047,4.369438264052212,1.1258744066084616,200.9177594682905,160.73420757463242,0.0,0.0,0.0,0.0,0.0,0.0,0.0,0.0,0.0,0.6931471805599453,0.0,0.0,0.0,0.0,0.0,0.0,0.0,3.091042453358316,0.0,0.0,0.0,0.0,43.87621652944453,1.3862943611198906,7.930945320793954,0.0,0.0,0.0,195.6629872975814,6.182084906716632,35.36750832923209,0.0,0.6931471805599453,0.0,3.091042453358316,0.0,0.0,0.0,0.6931471805599453,0.0,0.0,0.0,0.0,0.0,3.091042453358316,0.0,0.0,0.4999999999999999,-0.8660254037844387,0.0,0.0,0.0,-0.0,0.0,0.0,0.0,-0.0,0.0,0.0,0.0,-0.0,0.0,0.0,0.0,0.0,0.0,0.0,0.0,0.0,0.0,0.0,0.0,2130.1231155778896,0.3642377688424292,160.95828698747113,1.4135808,11.441935483870967,0.0,0.0,0.0,0.0,0.0,0.0,0.0,1.0927133065272876,4.2407424,0.0,0.6931471805599453,0.0,3.091042453358316,150.2,114.5,116.0,57.0,0.0,5.223512544802865,319944.491959799,247094.2814070352,1.4668530562645543,3.7841896339182615,0.0,0.0,0.0,1.5512684099457403,0.0,0.0,806.0
15.163333333333332,22.576666666666664,7.02,49.5,17.283333333333335,44.46666666666667,48.16666666666666,0,0.4733333333333334,42.56333333333334,28,1.0,0.0,0.0,0.0,2.8903717578961645,2.8903717578961645,1.3701431492843312,0.0,0.0,0.0,17.0,1.0,0,0,0,0,0,0,0,0,0,0,0,0,0,0,0,0,0,0,0,0,0,0,0,0.0,53,0,0,FED,BLM,3,Other Conservation Area,Fee,National Public Lands,OPEN ACCESS,0,0,1,0,0,1,1,0,0,0,1,0,0,3,0,0.3642377688424292,160.95828698747113,1.4135808,65,15,32,52,0.0,0.3946256147829484,1.8400625537717807,2130.1231155778896,118.75831662775828,0.0,0.427778024532401,1.2246467991473532e-16,-1.0,0,0,1,0,1,0.0,0.3326260027542329,1.0438260779065256,0.0,0.0,5.087338814345067,0.0,0.0,2.60864845528225e-13,-2130.1231155778896,2130.1231155778896,0.0,160.95828698747113,1.971170509554476e-14,-160.95828698747113,0.3642377688424292,4.4606261774145446e-17,0.0,1.4135808,1.731137202056155e-16,0.0,0.0,0.0,0.0,0.0,0.0,32299.766842546065,0.0,105441.09422110554,7967.43520587982,2440.6641583533537,2781.895726766793,0.0,0.0,788.4933333333332,3217.5,0.0,5.523058701547368,0.0,0.0,0.0,0.0,0.0,0.0,0.0,0.0,0.0,0.0,0.0,0.0,0.0,0.0,0.0,0.0,0.0,0.0,0.0,0.0,0.0,0.0,0.0,0.0,0.0,0.0,0.0,6156.84769410812,465.22928690793225,4.085774021824267,1.0527825602212688,187.8741642632507,150.29933141060056,0.0,0.0,0.0,0.0,0.0,0.0,0.0,0.0,0.0,0.0,0.0,0.0,0.0,0.0,0.0,0.0,0.0,2.8903717578961645,0.0,0.0,0.0,0.0,0.0,0.0,0.0,0.0,0.0,0.0,143.07340201586015,0.0,43.827670422232174,0.0,0.0,0.0,2.8903717578961645,0.0,0.0,0.0,0.0,0.0,0.0,0.0,0.0,0.0,2.8903717578961645,0.0,0.0,1.2246467991473532e-16,-1.0,1.0,0.0,0.0,-0.0,0.0,0.0,0.0,-0.0,0.0,0.0,0.0,-0.0,0.0,0.0,0.0,0.0,0.0,0.0,0.0,0.0,0.0,0.0,0.0,2130.1231155778896,0.3642377688424292,160.95828698747113,1.4135808,15.163333333333332,1.0,0.0,0.0,0.0,0.0,0.0,0.0,1.0927133065272876,4.2407424,0.0,0.0,0.0,2.8903717578961645,199.7,145.2,116.0,27.0,0.4733333333333334,10.497311827956986,425385.5861809045,247094.2814070352,1.445185878948082,2.8903717578961645,0.0,0.0,1.0,1.1848619743670348,2.8903717578961645,0.0,494.0
20.916129032258063,29.741935483870968,11.890322580645162,19.0,19.038709677419355,47.690322580645166,38.87096774193548,0,3.0290322580645164,45.1741935483871,31,1.0,0.0,0.0,0.0,2.9444389791664403,2.9444389791664403,1.3701431492843312,0.0,0.0,0.0,18.0,1.0,0,0,0,0,0,0,0,0,0,0,0,0,0,0,0,0,0,0,0,0,0,0,0,0.0,53,0,0,FED,BLM,3,Other Conservation Area,Fee,National Public Lands,OPEN ACCESS,0,0,1,0,0,1,1,0,0,0,1,0,0,3,0,0.3642377688424292,160.95828698747113,1.4135808,65,15,32,52,0.0,0.3946256147829484,1.8400625537717807,2130.1231155778896,118.75831662775828,0.0,0.427778024532401,-0.4999999999999997,-0.8660254037844388,0,0,1,0,1,0.0,0.3326260027542329,1.0438260779065256,0.0,0.0,5.087338814345067,0.0,0.0,-1065.061557788944,-1844.7407312789087,2130.1231155778896,0.0,160.95828698747113,-80.47914349373552,-139.39396548077627,0.3642377688424292,-0.1821188844212145,0.0,1.4135808,-0.7067903999999996,0.0,-0.0,0.0,-0.0,0.0,-0.0,44553.929940022696,0.0,40472.33919597991,3058.207452761952,3366.62429944117,3064.4380961292086,0.0,0.0,1087.6387096774192,1235.0,0.0,7.618444171530035,0.0,0.0,0.0,0.0,0.0,0.0,0.0,0.0,0.0,0.0,0.0,0.0,0.0,0.0,0.0,0.0,0.0,0.0,0.0,0.0,0.0,0.0,0.0,0.0,0.0,0.0,0.0,6272.017531930998,473.9318542257684,4.1622024077212805,1.072475884264264,191.38853364581863,153.1108269166549,0.0,0.0,0.0,0.0,0.0,0.0,0.0,0.0,0.0,0.0,0.0,0.0,0.0,0.0,0.0,0.0,0.0,2.9444389791664403,0.0,0.0,0.0,0.0,0.0,0.0,0.0,0.0,0.0,0.0,55.94434060416236,0.0,61.586265615855474,0.0,0.0,0.0,2.9444389791664403,0.0,0.0,0.0,0.0,0.0,0.0,0.0,0.0,0.0,2.9444389791664403,0.0,0.0,-0.4999999999999997,-0.8660254037844388,1.0,0.0,-0.0,-0.0,0.0,0.0,-0.0,-0.0,0.0,0.0,-0.0,-0.0,0.0,0.0,0.0,0.0,0.0,0.0,0.0,0.0,0.0,0.0,0.0,2130.1231155778896,0.3642377688424292,160.95828698747113,1.4135808,20.916129032258063,1.0,0.0,0.0,0.0,0.0,0.0,0.0,1.0927133065272876,4.2407424,0.0,0.0,0.0,2.9444389791664403,218.7,131.79999999999998,116.0,2.0,3.50236559139785,15.840465949820787,465857.92537688446,247094.2814070352,1.47221948958322,2.9444389791664403,0.0,0.0,1.0,1.2070259726028423,2.9444389791664403,0.0,281.0
-3.629032258064516,3.890322580645161,-9.958064516129031,18.8,13.619354838709675,36.770967741935486,34.16129032258065,31,0.0,27.951612903225808,26,0.0,0.0,0.0,0.0,0.0,0.0,-0.6298568507156688,-0.0,-0.0,-0.0,0.0,0.0,0,0,0,0,0,0,0,0,0,0,0,0,0,0,0,0,0,0,0,0,0,0,0,0.0,53,0,0,FED,BLM,3,Other Conservation Area,Fee,National Public Lands,OPEN ACCESS,0,0,1,0,0,1,1,0,0,0,1,0,0,3,0,1.6110066165020342,174.85990720624852,0.17232886,71,30,22,26,0.0,0.3766981376160581,4.591303707270778,1878.274632553076,115.9708989461263,0.0,0.484043894613663,0.4999999999999999,0.8660254037844387,1,0,0,0,0,0.0,0.3196879782973353,1.7212124813115937,0.0,0.0,5.1696876962937655,0.0,0.0,939.1373162765378,1626.633547074846,0.0,1878.274632553076,0.0,87.42995360312425,151.43312174400086,0.0,0.805503308251017,1.6110066165020342,0.0,0.0861644299999999,0.0,0.0,0.0,0.0,0.0,0.0,-6816.319231039388,58226.51360914535,35311.56309199783,3287.3662554774724,-634.5722438936438,2381.479123305746,-0.0,0.0,-94.3548387096774,1334.8,2201.0,-5.8463949792412535,0.0,0.0,0.0,0.0,0.0,0.0,0.0,0.0,0.0,0.0,0.0,0.0,0.0,0.0,0.0,0.0,0.0,0.0,0.0,0.0,0.0,0.0,0.0,0.0,0.0,0.0,0.0,0.0,0.0,0.0,0.0,0.0,0.0,0.0,0.0,0.0,0.0,0.0,0.0,0.0,0.0,0.0,0.0,0.0,0.0,0.0,0.0,0.0,0.0,0.0,0.0,0.0,0.0,0.0,-0.0,0.0,0.0,-0.0,0.0,0.0,-0.0,0.0,0.0,-0.0,0.0,0.0,0.0,0.0,0.0,0.0,0.0,0.0,0.0,0.0,0.0,0.0,0.0,0.0,0.0,0.0,0.4999999999999999,0.8660254037844387,0.0,1.0,0.0,0.0,0.0,0.0,0.0,0.0,0.0,0.0,0.0,0.0,0.0,0.0,0.0,0.0,0.0,0.0,-0.0,0.0,0.0,0.0,-0.0,1878.274632553076,1.6110066165020342,174.85990720624852,0.17232886,-3.629032258064516,0.0,1.0,0.0,0.0,0.0,0.0,0.0,4.833019849506103,0.51698658,0.0,0.0,0.0,0.0,18.8,18.8,31.0,31.0,0.0,-3.629032258064516,35311.56309199783,58226.51360914535,0.0,0.0,0.0,0.0,0.0,0.0,0.0,0.0,2425.0
-2.875,4.142857142857143,-9.185714285714283,17.3,15.614285714285714,40.75714285714286,34.714285714285715,28,0.0,22.392857142857142,24,0.0,0.0,0.0,0.0,0.0,0.0,-0.6298568507156688,-0.0,-0.0,-0.0,0.0,0.0,0,0,0,0,0,0,0,0,0,0,0,0,0,0,0,0,0,0,0,0,0,0,0,0.0,53,0,0,FED,BLM,3,Other Conservation Area,Fee,National Public Lands,OPEN ACCESS,0,0,1,0,0,1,1,0,0,0,1,0,0,3,0,1.6110066165020342,174.85990720624852,0.17232886,71,30,22,26,0.0,0.3766981376160581,4.591303707270778,1878.274632553076,115.9708989461263,0.0,0.484043894613663,0.8660254037844386,0.5000000000000001,1,0,0,0,0,0.0,0.3196879782973353,1.7212124813115937,0.0,0.0,5.1696876962937655,0.0,0.0,1626.6335470748456,939.1373162765382,0.0,1878.274632553076,0.0,151.43312174400083,87.42995360312428,0.0,1.3951726555555763,1.6110066165020342,0.0,0.149241170565212,0.0,0.0,0.0,0.0,0.0,0.0,-5400.039568590093,52591.68971148613,32494.151143168216,3025.0763946680995,-502.7222332179645,2730.312551091852,-0.0,0.0,-74.75,1228.3,1988.0,-4.631644022443348,0.0,0.0,0.0,0.0,0.0,0.0,0.0,0.0,0.0,0.0,0.0,0.0,0.0,0.0,0.0,0.0,0.0,0.0,0.0,0.0,0.0,0.0,0.0,0.0,0.0,0.0,0.0,0.0,0.0,0.0,0.0,0.0,0.0,0.0,0.0,0.0,0.0,0.0,0.0,0.0,0.0,0.0,0.0,0.0,0.0,0.0,0.0,0.0,0.0,0.0,0.0,0.0,0.0,0.0,-0.0,0.0,0.0,-0.0,0.0,0.0,-0.0,0.0,0.0,-0.0,0.0,0.0,0.0,0.0,0.0,0.0,0.0,0.0,0.0,0.0,0.0,0.0,0.0,0.0,0.0,0.0,0.8660254037844386,0.5000000000000001,0.0,1.0,0.0,0.0,0.0,0.0,0.0,0.0,0.0,0.0,0.0,0.0,0.0,0.0,0.0,0.0,0.0,0.0,-0.0,0.0,0.0,0.0,-0.0,1878.274632553076,1.6110066165020342,174.85990720624852,0.17232886,-2.875,0.0,1.0,0.0,0.0,0.0,0.0,0.0,4.833019849506103,0.51698658,0.0,0.0,0.0,0.0,36.1,36.1,59.0,59.0,0.0,-3.252016129032258,67805.71423516604,110818.20332063148,0.0,0.0,0.0,0.0,0.0,0.0,0.0,0.0,1477.5
1.6774193548387095,8.703225806451613,-5.261290322580645,49.5,17.12258064516129,43.99032258064516,40.516129032258064,30,0.0,29.451612903225808,28,0.0,0.0,0.0,0.0,0.0,0.0,-0.6298568507156688,-0.0,-0.0,-0.0,0.0,0.0,0,0,0,0,0,0,0,0,0,0,0,0,0,0,0,0,0,0,0,0,0,0,0,0.0,53,0,0,FED,BLM,3,Other Conservation Area,Fee,National Public Lands,OPEN ACCESS,0,0,1,0,0,1,1,0,0,0,1,0,0,3,0,1.6110066165020342,174.85990720624852,0.17232886,71,30,22,26,0.0,0.3766981376160581,4.591303707270778,1878.274632553076,115.9708989461263,0.0,0.484043894613663,1.0,6.123233995736766e-17,0,1,0,0,0,0.0,0.3196879782973353,1.7212124813115937,0.0,0.0,5.1696876962937655,0.0,0.0,1878.274632553076,1.1501115083378977e-13,0.0,0.0,0.0,174.85990720624852,1.0707081282966771e-14,0.0,1.6110066165020342,0.0,0.0,0.17232886,0.0,0.0,0.0,0.0,0.0,0.0,3150.6542223470947,56348.23897659228,92974.59431137724,8655.565406709302,293.313392733062,2994.05286274441,0.0,0.0,43.61290322580645,3514.5,2130.0,2.7023336792937345,0.0,0.0,0.0,0.0,0.0,0.0,0.0,0.0,0.0,0.0,0.0,0.0,0.0,0.0,0.0,0.0,0.0,0.0,0.0,0.0,0.0,0.0,0.0,0.0,0.0,0.0,0.0,0.0,0.0,0.0,0.0,0.0,0.0,0.0,0.0,0.0,0.0,0.0,0.0,0.0,0.0,0.0,0.0,0.0,0.0,0.0,0.0,0.0,0.0,0.0,0.0,0.0,0.0,0.0,0.0,0.0,0.0,0.0,0.0,0.0,0.0,0.0,0.0,0.0,0.0,0.0,0.0,0.0,0.0,0.0,0.0,0.0,0.0,0.0,0.0,0.0,0.0,0.0,0.0,0.0,1.0,6.123233995736766e-17,0.0,0.0,0.0,0.0,0.0,0.0,0.0,0.0,0.0,0.0,0.0,0.0,0.0,0.0,0.0,0.0,0.0,0.0,0.0,0.0,0.0,0.0,0.0,1878.274632553076,1.6110066165020342,174.85990720624852,0.17232886,1.6774193548387095,0.0,0.0,0.0,0.0,0.0,0.0,0.0,4.833019849506103,0.51698658,0.0,0.0,0.0,0.0,85.6,85.6,89.0,89.0,0.0,-1.6088709677419353,160780.3085465433,167166.44229722375,0.0,0.0,0.0,0.0,0.0,0.0,0.0,0.0,1932.5
6.67,14.86,-1.32,40.6,17.583333333333332,43.99666666666667,37.3,18,0.0,29.90333333333333,28,0.0,0.6931471805599453,1.0986122886681098,0.0,0.0,0.0,-0.6298568507156688,-0.6931471805599453,-1.0986122886681098,-0.0,3.0,2.0,0,0,0,0,0,0,0,0,0,0,0,0,0,0,0,0,0,0,0,0,0,0,0,0.0,53,0,0,FED,BLM,3,Other Conservation Area,Fee,National Public Lands,OPEN ACCESS,0,0,1,0,0,1,1,0,0,0,1,0,0,3,0,1.6110066165020342,174.85990720624852,0.17232886,71,30,22,26,0.0,0.3766981376160581,4.591303707270778,1878.274632553076,115.9708989461263,0.0,0.484043894613663,0.8660254037844387,-0.4999999999999998,0,1,0,0,0,0.0,0.3196879782973353,1.7212124813115937,0.0,0.0,5.1696876962937655,0.0,0.0,1626.633547074846,-939.1373162765376,0.0,0.0,0.0,151.43312174400086,-87.42995360312422,0.0,1.3951726555555766,0.0,0.0,0.149241170565212,0.0,0.0,0.0,0.0,0.0,0.0,12528.091799129015,33808.94338595537,76257.95008165488,7099.31223257369,1166.3155810656776,3074.620035043203,0.0,0.0,173.42,2882.6,1278.0,10.745414132068568,1301.9207658714315,121.20365167298482,0.1194492634381095,1.116664694091802,49.213449819756114,18.021826694558577,0.0,0.0,0.0,2063.495592816388,192.10324285215,0.1893226032881662,1.7698716660147678,78.00147249543579,28.56391950537085,0.0,0.0,0.0,0.0,0.0,0.0,0.0,0.0,0.0,0.0,0.0,0.0,0.0,0.0,0.0,0.0,0.0,0.0,0.0,0.0,0.0,0.0,0.0,0.6931471805599453,0.0,0.0,0.0,1.0986122886681098,0.0,0.0,0.0,0.0,0.0,0.0,0.0,0.0,0.0,28.14177553073378,12.476649250079015,4.623291694334835,44.60365891992526,19.77502119602597,7.327743965416293,0.0,0.0,0.0,0.0,0.0,0.0,0.6931471805599453,1.0986122886681098,0.0,0.0,0.6931471805599453,0.0,0.0,1.0986122886681098,0.0,0.0,0.0,0.0,0.0,0.0,0.0,0.0,0.8660254037844387,-0.4999999999999998,0.0,0.0,0.0,-0.0,0.0,0.0,0.0,-0.0,0.0,0.0,0.0,-0.0,0.0,0.0,0.0,0.0,0.0,0.0,0.0,0.0,0.0,0.0,0.0,1878.274632553076,1.6110066165020342,174.85990720624852,0.17232886,6.67,0.0,0.0,0.0,0.0,0.0,0.0,0.0,4.833019849506103,0.51698658,0.6931471805599453,1.0986122886681098,0.0,0.0,126.2,107.4,107.0,76.0,0.0,1.8241397849462369,237038.25862819812,200975.3856831792,0.5430781023753039,1.791759469228055,0.0,0.0,0.0,0.2982364017018258,0.0,0.0,2507.5
12.04516129032258,18.43548387096774,5.180645161290323,93.1,17.603225806451615,44.380645161290325,52.67741935483871,0,0.0,41.641935483870974,23,0.0,0.0,0.0,0.0,0.0,0.0,-0.6298568507156688,-0.0,-0.0,-0.0,0.0,0.0,0,0,0,0,0,0,0,0,0,0,0,0,0,0,0,0,0,0,0,0,0,0,0,0.0,53,0,0,FED,BLM,3,Other Conservation Area,Fee,National Public Lands,OPEN ACCESS,0,0,1,0,0,1,1,0,0,0,1,0,0,3,0,1.6110066165020342,174.85990720624852,0.17232886,71,30,22,26,0.0,0.3766981376160581,4.591303707270778,1878.274632553076,115.9708989461263,0.0,0.484043894613663,0.4999999999999999,-0.8660254037844387,0,1,0,0,0,0.0,0.3196879782973353,1.7212124813115937,0.0,0.0,5.1696876962937655,0.0,0.0,939.1373162765378,-1626.633547074846,0.0,0.0,0.0,87.42995360312425,-151.43312174400086,0.0,0.805503308251017,0.0,0.0,0.0861644299999999,0.0,0.0,0.0,0.0,0.0,0.0,22624.12089662318,0.0,174867.36829069135,16279.457360901735,2106.215785510103,3078.098431046769,0.0,0.0,313.1741935483871,6610.099999999999,0.0,19.404834535543856,0.0,0.0,0.0,0.0,0.0,0.0,0.0,0.0,0.0,0.0,0.0,0.0,0.0,0.0,0.0,0.0,0.0,0.0,0.0,0.0,0.0,0.0,0.0,0.0,0.0,0.0,0.0,0.0,0.0,0.0,0.0,0.0,0.0,0.0,0.0,0.0,0.0,0.0,0.0,0.0,0.0,0.0,0.0,0.0,0.0,0.0,0.0,0.0,0.0,0.0,0.0,0.0,0.0,0.0,0.0,0.0,0.0,0.0,0.0,0.0,0.0,0.0,0.0,0.0,0.0,0.0,0.0,0.0,0.0,0.0,0.0,0.0,0.0,0.0,0.0,0.0,0.0,0.0,0.0,0.0,0.4999999999999999,-0.8660254037844387,0.0,0.0,0.0,-0.0,0.0,0.0,0.0,-0.0,0.0,0.0,0.0,-0.0,0.0,0.0,0.0,0.0,0.0,0.0,0.0,0.0,0.0,0.0,0.0,1878.274632553076,1.6110066165020342,174.85990720624852,0.17232886,12.04516129032258,0.0,0.0,0.0,0.0,0.0,0.0,0.0,4.833019849506103,0.51698658,0.0,0.0,0.0,0.0,219.3,183.2,107.0,48.0,0.0,6.7975268817204295,411905.6269188896,200975.3856831792,0.0,0.0,0.0,0.0,0.0,0.0,0.0,0.0,2705.0
20.53,28.23333333333333,11.786666666666669,18.9,18.75,47.09333333333333,40.73333333333333,0,3.4,42.31333333333334,29,0.0,0.0,0.6931471805599453,0.0,0.0,0.0,-0.6298568507156688,-0.0,-0.6931471805599453,-0.0,1.0,1.0,0,0,0,0,0,0,0,0,0,0,0,0,0,0,0,0,0,0,0,0,0,0,0,0.0,53,0,0,FED,BLM,3,Other Conservation Area,Fee,National Public Lands,OPEN ACCESS,0,0,1,0,0,1,1,0,0,0,1,0,0,3,0,1.6110066165020342,174.85990720624852,0.17232886,71,30,22,26,0.0,0.3766981376160581,4.591303707270778,1878.274632553076,115.9708989461263,0.0,0.484043894613663,1.2246467991473532e-16,-1.0,0,0,1,0,1,0.0,0.3196879782973353,1.7212124813115937,0.0,0.0,5.1696876962937655,0.0,0.0,2.3002230166757963e-13,-1878.274632553076,1878.274632553076,0.0,174.85990720624852,2.1414162565933542e-14,-174.85990720624852,1.6110066165020342,1.972914096304424e-16,0.0,0.17232886,2.1104198679971242e-17,0.0,0.0,0.0,0.0,0.0,0.0,38560.97820631465,0.0,35499.39055525313,3304.852246198097,3589.8738949442823,3278.62326011716,0.0,0.0,533.78,1341.9,0.0,33.07396583678676,0.0,0.0,0.0,0.0,0.0,0.0,0.0,0.0,0.0,1301.9207658714315,121.20365167298482,0.1194492634381095,1.116664694091802,49.213449819756114,18.021826694558577,0.0,0.0,0.0,0.0,0.0,0.0,0.0,0.0,0.0,0.0,0.0,0.0,0.0,0.0,0.0,0.0,0.0,0.0,0.0,0.0,0.0,0.0,0.0,0.0,0.0,0.0,0.0,0.6931471805599453,0.0,0.0,0.0,0.0,0.0,0.0,0.0,0.0,0.0,0.0,0.0,0.0,13.100481712582964,0.0,14.230311616895678,0.0,0.0,0.0,0.0,0.0,0.0,0.0,0.6931471805599453,0.0,0.0,0.0,0.0,0.0,0.6931471805599453,0.0,0.0,0.0,0.0,0.0,0.0,0.0,0.0,1.2246467991473532e-16,-1.0,1.0,0.0,0.0,-0.0,0.0,0.0,0.0,-0.0,0.0,0.0,0.0,-0.0,0.0,0.0,0.0,0.0,0.0,0.0,0.0,0.0,0.0,0.0,0.0,1878.274632553076,1.6110066165020342,174.85990720624852,0.17232886,20.53,1.0,0.0,0.0,0.0,0.0,0.0,0.0,4.833019849506103,0.51698658,0.0,0.6931471805599453,0.0,0.0,238.2,152.6,107.0,18.0,3.4,13.081720430107527,447405.01747414266,200975.3856831792,0.3465735902799726,0.6931471805599453,0.0,0.0,1.0,0.11537358921787971,0.6931471805599453,0.0,2412.5
22.29032258064516,29.36774193548387,14.612903225806452,45.6,17.177419354838708,44.5516129032258,40.38709677419355,0,4.290322580645161,48.064516129032256,30,0.0,0.0,1.0986122886681098,0.0,0.0,0.0,-0.6298568507156688,-0.0,-1.0986122886681098,-0.0,2.0,1.0,0,0,0,0,0,0,0,0,0,0,0,0,0,0,0,0,0,0,0,0,0,0,0,0.0,53,0,0,FED,BLM,3,Other Conservation Area,Fee,National Public Lands,OPEN ACCESS,0,0,1,0,0,1,1,0,0,0,1,0,0,3,0,1.6110066165020342,174.85990720624852,0.17232886,71,30,22,26,0.0,0.3766981376160581,4.591303707270778,1878.274632553076,115.9708989461263,0.0,0.484043894613663,-0.4999999999999997,-0.8660254037844388,0,0,1,0,1,0.0,0.3196879782973353,1.7212124813115937,0.0,0.0,5.1696876962937655,0.0,0.0,-939.1373162765374,-1626.633547074846,1878.274632553076,0.0,174.85990720624852,-87.42995360312422,-151.43312174400089,1.6110066165020342,-0.8055033082510167,0.0,0.17232886,-0.0861644299999999,0.0,-0.0,0.0,-0.0,0.0,-0.0,41867.347454650815,0.0,85649.32324442026,7973.611768604933,3897.683738048959,3003.6419544299138,0.0,0.0,579.5483870967741,3237.6,0.0,35.90985716138405,0.0,0.0,0.0,0.0,0.0,0.0,0.0,0.0,0.0,2063.495592816388,192.10324285215,0.1893226032881662,1.7698716660147678,78.00147249543579,28.56391950537085,0.0,0.0,0.0,0.0,0.0,0.0,0.0,0.0,0.0,0.0,0.0,0.0,0.0,0.0,0.0,0.0,0.0,0.0,0.0,0.0,0.0,0.0,0.0,0.0,0.0,0.0,0.0,1.0986122886681098,0.0,0.0,0.0,0.0,0.0,0.0,0.0,0.0,0.0,0.0,0.0,0.0,50.09672036326581,0.0,24.488422305473023,0.0,0.0,0.0,0.0,0.0,0.0,0.0,1.0986122886681098,0.0,0.0,0.0,0.0,0.0,1.0986122886681098,0.0,0.0,0.0,0.0,0.0,0.0,0.0,0.0,-0.4999999999999997,-0.8660254037844388,1.0,0.0,-0.0,-0.0,0.0,0.0,-0.0,-0.0,0.0,0.0,-0.0,-0.0,0.0,0.0,0.0,0.0,0.0,0.0,0.0,0.0,0.0,0.0,0.0,1878.274632553076,1.6110066165020342,174.85990720624852,0.17232886,22.29032258064516,1.0,0.0,0.0,0.0,0.0,0.0,0.0,4.833019849506103,0.51698658,0.0,1.0986122886681098,0.0,0.0,283.8,157.6,107.0,0.0,7.69032258064516,18.28849462365591,533054.340718563,200975.3856831792,0.5493061443340549,1.0986122886681098,0.0,0.0,1.0,0.1828628124839461,1.0986122886681098,0.0,2762.5
21.6483870967742,29.161290322580644,13.706451612903225,30.5,16.73225806451613,42.28387096774193,32.193548387096776,0,3.712903225806452,43.21290322580645,30,1.0,0.0,0.6931471805599453,0.0,2.70805020110221,2.70805020110221,-0.6298568507156688,-0.0,-0.6931471805599453,-0.0,15.0,2.0,0,0,0,0,0,0,0,0,0,0,0,0,0,0,0,0,0,0,0,0,0,0,0,0.0,53,0,0,FED,BLM,3,Other Conservation Area,Fee,National Public Lands,OPEN ACCESS,0,0,1,0,0,1,1,0,0,0,1,0,0,3,0,1.6110066165020342,174.85990720624852,0.17232886,71,30,22,26,0.0,0.3766981376160581,4.591303707270778,1878.274632553076,115.9708989461263,0.0,0.484043894613663,-0.8660254037844385,-0.5000000000000004,0,0,1,0,1,0.0,0.3196879782973353,1.7212124813115937,0.0,0.0,5.1696876962937655,0.0,0.0,-1626.6335470748454,-939.1373162765389,1878.274632553076,0.0,174.85990720624852,-151.43312174400083,-87.42995360312433,1.6110066165020342,-1.3951726555555763,0.0,0.17232886,-0.1492411705652119,0.0,-0.0,0.0,-0.0,0.0,-0.0,40661.61631956031,0.0,57287.376292868816,5333.22716979058,3785.4349589068847,2925.801092512294,0.0,0.0,562.8580645161292,2165.5,0.0,34.875694849500505,0.0,0.0,0.0,0.0,0.0,0.0,0.0,0.0,0.0,1301.9207658714315,121.20365167298482,0.1194492634381095,1.116664694091802,49.213449819756114,18.021826694558577,0.0,0.0,0.0,0.0,0.0,0.0,0.0,0.0,0.0,0.0,0.0,0.0,5086.461996410537,473.5294068745951,0.4666752039787146,4.3626867917953245,192.2715642782569,70.40930522865746,0.0,0.0,0.0,0.0,0.0,0.0,0.0,0.0,0.0,0.6931471805599453,0.0,0.0,0.0,0.0,0.0,0.0,0.0,2.70805020110221,0.0,0.0,0.0,0.0,21.14098900707833,0.0,15.005518479799337,0.0,0.0,0.0,82.59553113361741,0.0,58.62491903095786,0.0,0.6931471805599453,0.0,2.70805020110221,0.0,0.0,0.0,0.6931471805599453,0.0,0.0,0.0,0.0,0.0,2.70805020110221,0.0,0.0,-0.8660254037844385,-0.5000000000000004,1.0,0.0,-0.0,-0.0,0.0,0.0,-0.0,-0.0,0.0,0.0,-0.0,-0.0,0.0,0.0,0.0,0.0,0.0,0.0,0.0,0.0,0.0,0.0,0.0,1878.274632553076,1.6110066165020342,174.85990720624852,0.17232886,21.6483870967742,1.0,0.0,0.0,0.0,0.0,0.0,0.0,4.833019849506103,0.51698658,0.0,0.6931471805599453,0.0,2.70805020110221,314.3,95.0,107.0,0.0,11.403225806451614,21.48956989247312,590341.7170114318,200975.3856831792,1.2808789948510029,3.4011973816621555,0.0,0.0,1.0,0.5661255799148144,3.4011973816621555,0.0,2392.5
19.186666666666667,27.01,11.473333333333333,12.8,18.566666666666663,46.18666666666666,26.7,0,2.083333333333333,39.22,30,1.0,0.0,0.6931471805599453,0.6931471805599453,2.995732273553991,2.995732273553991,-0.6298568507156688,-0.0,-0.6931471805599453,-0.6931471805599453,21.0,3.0,0,0,0,0,0,0,0,0,0,0,0,0,0,0,0,0,0,0,0,0,0,0,0,0.0,53,0,0,FED,BLM,3,Other Conservation Area,Fee,National Public Lands,OPEN ACCESS,0,0,1,0,0,1,1,0,0,0,1,0,0,3,0,1.6110066165020342,174.85990720624852,0.17232886,71,30,22,26,0.0,0.3766981376160581,4.591303707270778,1878.274632553076,115.9708989461263,0.0,0.484043894613663,-1.0,-1.8369701987210292e-16,0,0,0,1,0,0.0,0.3196879782973353,1.7212124813115937,0.0,0.0,5.1696876962937655,0.0,0.0,-1878.274632553076,-3.450334525013693e-13,0.0,0.0,0.0,-174.85990720624852,-3.2121243848900317e-14,0.0,-1.6110066165020342,0.0,0.0,-0.17232886,0.0,-0.0,0.0,-0.0,0.0,-0.0,36037.82928325168,0.0,24041.915296679374,2238.206812239981,3354.978752930555,3246.56561046268,0.0,0.0,498.85333333333335,908.8,0.0,30.90984694861903,0.0,0.0,0.0,0.0,0.0,0.0,0.0,0.0,0.0,1301.9207658714315,121.20365167298482,0.1194492634381095,1.116664694091802,49.213449819756114,18.021826694558577,0.0,0.0,0.0,1301.9207658714315,121.20365167298482,0.1194492634381095,1.116664694091802,49.213449819756114,18.021826694558577,0.0,0.0,0.0,5626.807935337013,523.8334673684147,0.5162511275667674,4.826144513964161,212.69699142233333,77.88903911240376,0.0,0.0,0.0,0.0,0.0,0.0,0.0,0.0,0.0,0.6931471805599453,0.0,0.0,0.0,0.6931471805599453,0.0,0.0,0.0,2.995732273553991,0.0,0.0,0.0,0.0,8.8722839111673,0.0,13.299183904343485,8.8722839111673,0.0,13.299183904343485,38.34537310149109,0.0,57.47811655525591,0.0,0.6931471805599453,0.6931471805599453,2.995732273553991,0.0,0.0,0.0,0.6931471805599453,0.0,0.0,0.6931471805599453,0.0,0.0,2.995732273553991,0.0,0.0,-1.0,-1.8369701987210292e-16,0.0,0.0,-0.0,-0.0,0.0,0.0,-0.0,-0.0,0.0,0.0,-0.0,-0.0,0.0,0.0,0.0,0.0,0.0,0.0,0.0,0.0,0.0,0.0,0.0,1878.274632553076,1.6110066165020342,174.85990720624852,0.17232886,19.186666666666667,0.0,0.0,0.0,0.0,0.0,0.0,0.0,4.833019849506103,0.51698658,0.0,0.6931471805599453,0.6931471805599453,2.995732273553991,327.1,88.89999999999999,107.0,0.0,13.486559139784946,21.04179211469534,614383.6323081112,200975.3856831792,1.308278579648532,4.382026634673881,0.0,0.0,0.0,0.7293835350845074,0.0,0.0,2502.5
10.73225806451613,18.76129032258065,3.512903225806452,8.6,16.661290322580644,40.78387096774193,33.41935483870968,2,0.0,31.39354838709677,29,1.0,0.0,1.0986122886681098,0.0,3.4657359027997265,3.4657359027997265,-0.6298568507156688,-0.0,-1.0986122886681098,-0.0,33.0,2.0,0,0,0,0,0,0,0,0,0,0,0,0,0,0,0,0,0,0,0,0,0,0,0,0.0,53,0,0,FED,BLM,3,Other Conservation Area,Fee,National Public Lands,OPEN ACCESS,0,0,1,0,0,1,1,0,0,0,1,0,0,3,0,1.6110066165020342,174.85990720624852,0.17232886,71,30,22,26,0.0,0.3766981376160581,4.591303707270778,1878.274632553076,115.9708989461263,0.0,0.484043894613663,-0.8660254037844386,0.5000000000000001,0,0,0,1,0,0.0,0.3196879782973353,1.7212124813115937,0.0,0.0,5.1696876962937655,0.0,0.0,-1626.6335470748456,939.1373162765382,0.0,0.0,0.0,-151.43312174400083,87.42995360312428,0.0,-1.3951726555555763,0.0,0.0,-0.149241170565212,0.0,-0.0,0.0,-0.0,0.0,-0.0,20158.12807259382,3756.549265106152,16153.161839956452,1503.7952019737372,1876.6416492748024,2913.391679742818,0.0,0.0,279.0387096774194,610.6,142.0,17.2897387519428,0.0,0.0,0.0,0.0,0.0,0.0,0.0,0.0,0.0,2063.495592816388,192.10324285215,0.1893226032881662,1.7698716660147678,78.00147249543579,28.56391950537085,0.0,0.0,0.0,0.0,0.0,0.0,0.0,0.0,0.0,0.0,0.0,0.0,6509.603829357159,606.0182583649241,0.5972463171905477,5.5833234704590105,246.0672490987806,90.10913347279288,0.0,0.0,0.0,0.0,0.0,0.0,0.0,0.0,0.0,1.0986122886681098,0.0,0.0,0.0,0.0,0.0,0.0,0.0,3.4657359027997265,0.0,0.0,0.0,0.0,9.448065682545744,2.19722457733622,11.790590594834844,0.0,0.0,0.0,29.805328764077647,6.931471805599453,37.195172092305455,0.0,1.0986122886681098,0.0,3.4657359027997265,0.0,0.0,0.0,1.0986122886681098,0.0,0.0,0.0,0.0,0.0,3.4657359027997265,0.0,0.0,-0.8660254037844386,0.5000000000000001,0.0,0.0,-0.0,0.0,0.0,0.0,-0.0,0.0,0.0,0.0,-0.0,0.0,0.0,0.0,0.0,0.0,0.0,0.0,0.0,0.0,0.0,0.0,0.0,1878.274632553076,1.6110066165020342,174.85990720624852,0.17232886,10.73225806451613,0.0,0.0,0.0,0.0,0.0,0.0,0.0,4.833019849506103,0.51698658,0.0,1.0986122886681098,0.0,3.4657359027997265,335.7,51.9,109.0,2.0,13.486559139784946,17.18910394265233,630536.7941480676,204731.93494828528,1.6340089458678706,4.564348191467836,0.0,0.0,0.0,0.7597307585733446,0.0,0.0,3150.0
6.4,15.45,-0.3633333333333333,10.7,15.613333333333337,37.85,41.3,16,0.0,27.666666666666668,28,1.0,0.0,0.0,0.0,3.6635616461296463,3.6635616461296463,-0.6298568507156688,-0.0,-0.0,-0.0,38.0,1.0,0,0,0,0,0,0,0,0,0,0,0,0,0,0,0,0,0,0,0,0,0,0,0,0.0,53,0,0,FED,BLM,3,Other Conservation Area,Fee,National Public Lands,OPEN ACCESS,0,0,1,0,0,1,1,0,0,0,1,0,0,3,0,1.6110066165020342,174.85990720624852,0.17232886,71,30,22,26,0.0,0.3766981376160581,4.591303707270778,1878.274632553076,115.9708989461263,0.0,0.484043894613663,-0.5000000000000004,0.8660254037844384,0,0,0,1,0,0.0,0.3196879782973353,1.7212124813115937,0.0,0.0,5.1696876962937655,0.0,0.0,-939.1373162765389,1626.6335470748452,0.0,0.0,0.0,-87.42995360312433,151.4331217440008,0.0,-0.8055033082510178,0.0,0.0,-0.08616443,0.0,-0.0,0.0,-0.0,0.0,-0.0,12020.957648339689,30052.39412084921,20097.538568317912,1871.001007106859,1119.1034061199905,2730.146017846894,0.0,0.0,166.4,759.6999999999999,1136.0,10.31044234561302,0.0,0.0,0.0,0.0,0.0,0.0,0.0,0.0,0.0,0.0,0.0,0.0,0.0,0.0,0.0,0.0,0.0,0.0,0.0,0.0,0.0,0.0,0.0,0.0,0.0,0.0,0.0,6881.174904719704,640.610049486601,0.6313374020172453,5.902022051877944,260.1128768752049,95.2526027993708,0.0,0.0,0.0,0.0,0.0,0.0,0.0,0.0,0.0,0.0,0.0,0.0,0.0,0.0,0.0,0.0,0.0,3.6635616461296463,0.0,0.0,0.0,0.0,0.0,0.0,0.0,0.0,0.0,0.0,39.200109613587216,58.61698633807434,23.44679453522974,0.0,0.0,0.0,3.6635616461296463,0.0,0.0,0.0,0.0,0.0,0.0,0.0,0.0,0.0,3.6635616461296463,0.0,0.0,-0.5000000000000004,0.8660254037844384,0.0,0.0,-0.0,0.0,0.0,0.0,-0.0,0.0,0.0,0.0,-0.0,0.0,0.0,0.0,0.0,0.0,0.0,0.0,0.0,0.0,0.0,0.0,0.0,1878.274632553076,1.6110066165020342,174.85990720624852,0.17232886,6.4,0.0,0.0,0.0,0.0,0.0,0.0,0.0,4.833019849506103,0.51698658,0.0,0.0,0.0,3.6635616461296463,346.4,32.1,125.0,18.0,13.486559139784946,12.106308243727597,650634.3327163855,234784.3290691345,1.831780823064823,3.6635616461296463,0.0,0.0,0.0,0.609795824450283,0.0,0.0,2867.5
2.5870967741935487,10.01290322580645,-3.1,6.2,16.683870967741935,41.774193548387096,43.83870967741935,26,0.0,22.66774193548387,24,1.0,0.0,0.0,0.6931471805599453,3.8501476017100575,3.8501476017100575,-0.6298568507156688,-0.0,-0.0,-0.6931471805599453,47.0,2.0,0,0,0,0,0,0,0,0,0,0,0,0,0,0,0,0,0,0,0,0,0,0,0,0.0,53,0,0,FED,BLM,3,Other Conservation Area,Fee,National Public Lands,OPEN ACCESS,0,0,1,0,0,1,1,0,0,0,1,0,0,3,0,1.6110066165020342,174.85990720624852,0.17232886,71,30,22,26,0.0,0.3766981376160581,4.591303707270778,1878.274632553076,115.9708989461263,0.0,0.484043894613663,-2.4492935982947064e-16,1.0,1,0,0,0,0,0.0,0.3196879782973353,1.7212124813115937,0.0,0.0,5.1696876962937655,0.0,0.0,-4.600446033351593e-13,1878.274632553076,0.0,1878.274632553076,0.0,-4.282832513186709e-14,174.85990720624852,0.0,-3.945828192608848e-16,1.6110066165020342,0.0,-4.220839735994247e-17,0.0,-0.0,0.0,-0.0,0.0,-0.0,4859.278242927636,48835.14044637997,11645.302721829072,1084.1314246787408,452.3795018690688,2917.3401292603785,0.0,0.0,67.26451612903226,440.2,1846.0,4.167830020756877,0.0,0.0,0.0,0.0,0.0,0.0,0.0,0.0,0.0,0.0,0.0,0.0,0.0,0.0,0.0,0.0,0.0,0.0,1301.9207658714315,121.20365167298482,0.1194492634381095,1.116664694091802,49.213449819756114,18.021826694558577,0.0,0.0,0.0,7231.634571877064,673.236452365381,0.6634915470344283,6.202613260864341,273.3604797214141,100.10383764446148,0.0,0.0,0.0,0.0,0.0,0.0,0.0,0.0,0.0,0.0,0.0,0.0,0.0,0.6931471805599453,0.0,0.0,0.0,3.8501476017100575,0.0,0.0,0.0,0.0,0.0,0.0,0.0,4.297512519471661,18.021826694558577,1.7932388348679875,23.87091513060236,100.10383764446148,9.960704440553116,0.0,0.0,0.6931471805599453,3.8501476017100575,0.0,0.0,0.0,0.0,0.0,0.0,0.6931471805599453,0.0,0.0,3.8501476017100575,0.0,0.0,-2.4492935982947064e-16,1.0,0.0,1.0,-0.0,0.0,0.0,0.0,-0.0,0.0,0.0,0.0,-0.0,0.0,0.0,0.0,0.0,0.0,0.0,0.0,0.0,0.0,0.0,0.0,0.0,1878.274632553076,1.6110066165020342,174.85990720624852,0.17232886,2.5870967741935487,0.0,1.0,0.0,0.0,0.0,0.0,0.0,4.833019849506103,0.51698658,0.0,0.0,0.6931471805599453,3.8501476017100575,352.6,25.5,151.0,44.0,13.486559139784946,6.573118279569891,662279.6354382146,283619.46951551444,1.8388137207831805,4.543294782270003,0.0,0.0,0.0,0.7562264416655495,0.0,4.543294782270003,2107.5
-1.7225806451612902,6.674193548387097,-8.358064516129033,26.4,14.85483870967742,36.88709677419355,45.58064516129032,31,0.0,24.374193548387098,25,1.0,0.0,0.6931471805599453,0.0,3.80666248977032,3.80666248977032,0.3701431492843312,0.0,0.0,0.0,45.0,2.0,0,0,0,0,0,0,0,0,0,0,0,0,0,0,0,0,0,0,0,0,0,0,0,0.0,53,0,0,FED,BLM,3,Other Conservation Area,Fee,National Public Lands,OPEN ACCESS,0,0,1,0,0,1,1,0,0,0,1,0,0,3,0,1.6110066165020342,174.85990720624852,0.17232886,71,30,22,26,0.0,0.3766981376160581,4.591303707270778,1878.274632553076,115.9708989461263,0.0,0.484043894613663,0.4999999999999999,0.8660254037844387,1,0,0,0,0,0.0,0.3196879782973353,1.7212124813115937,0.0,0.0,5.1696876962937655,0.0,0.0,939.1373162765378,1626.633547074846,0.0,1878.274632553076,0.0,87.42995360312425,151.43312174400086,0.0,0.805503308251017,1.6110066165020342,0.0,0.0861644299999999,0.0,0.0,0.0,0.0,0.0,0.0,-3235.479528333363,58226.51360914535,49586.4502994012,4616.301550244961,-301.2102917681829,2597.515718337982,-0.0,0.0,-44.78709677419354,1874.4,2201.0,-2.7750888168131813,0.0,0.0,0.0,0.0,0.0,0.0,0.0,0.0,0.0,1301.9207658714315,121.20365167298482,0.1194492634381095,1.116664694091802,49.213449819756114,18.021826694558577,0.0,0.0,0.0,0.0,0.0,0.0,0.0,0.0,0.0,0.0,0.0,0.0,7149.957589226925,665.6326497267452,0.655997807266881,6.1325584578100925,270.27303677369275,98.97322473402832,0.0,0.0,0.0,0.0,0.0,0.0,0.0,0.0,0.0,0.6931471805599453,0.0,0.0,0.0,0.0,0.0,0.0,0.0,3.80666248977032,0.0,0.0,0.0,-0.0,18.299085566782555,21.487562597358306,-1.1940019174806795,0.0,0.0,-0.0,100.49588972993644,118.00653718287992,-6.557283127539841,0.0,0.6931471805599453,0.0,3.80666248977032,0.0,0.0,0.0,0.6931471805599453,0.0,0.0,0.0,0.0,0.0,3.80666248977032,0.0,0.0,0.4999999999999999,0.8660254037844387,0.0,1.0,0.0,0.0,0.0,0.0,0.0,0.0,0.0,0.0,0.0,0.0,0.0,0.0,0.0,0.0,0.0,0.0,-0.0,0.0,0.0,0.0,-0.0,1878.274632553076,1.6110066165020342,174.85990720624852,0.17232886,-1.7225806451612902,0.0,1.0,0.0,0.0,0.0,0.0,0.0,4.833019849506103,0.51698658,0.0,0.6931471805599453,0.0,3.80666248977032,26.4,43.3,31.0,73.0,0.0,2.421505376344085,49586.4502994012,58226.51360914535,1.817421301152004,4.499809670330265,0.0,0.0,0.0,0.7489883923987605,0.0,4.499809670330265,1812.5
-6.392857142857143,1.875,-13.785714285714286,47.9,14.289285714285716,35.97857142857143,38.07142857142857,28,0.0,24.696428571428573,26,1.0,0.0,0.0,0.0,3.5263605246161616,3.5263605246161616,0.3701431492843312,0.0,0.0,0.0,33.0,1.0,0,0,0,0,0,0,0,0,0,0,0,0,0,0,0,0,0,0,0,0,0,0,0,0.0,53,0,0,FED,BLM,3,Other Conservation Area,Fee,National Public Lands,OPEN ACCESS,0,0,1,0,0,1,1,0,0,0,1,0,0,3,0,1.6110066165020342,174.85990720624852,0.17232886,71,30,22,26,0.0,0.3766981376160581,4.591303707270778,1878.274632553076,115.9708989461263,0.0,0.484043894613663,0.8660254037844386,0.5000000000000001,1,0,0,0,0,0.0,0.3196879782973353,1.7212124813115937,0.0,0.0,5.1696876962937655,0.0,0.0,1626.6335470748456,939.1373162765382,0.0,1878.274632553076,0.0,151.43312174400083,87.42995360312428,0.0,1.3951726555555763,1.6110066165020342,0.0,0.149241170565212,0.0,0.0,0.0,0.0,0.0,0.0,-12007.541400964308,52591.68971148613,89969.35489929233,8375.789555179304,-1117.8544067828032,2498.623174043573,-0.0,0.0,-166.21428571428572,3400.9,1988.0,-10.298935155495148,0.0,0.0,0.0,0.0,0.0,0.0,0.0,0.0,0.0,0.0,0.0,0.0,0.0,0.0,0.0,0.0,0.0,0.0,0.0,0.0,0.0,0.0,0.0,0.0,0.0,0.0,0.0,6623.473518623093,616.6190741101599,0.6076936891561051,5.680990137328221,250.37159724774747,91.6853736400202,0.0,0.0,0.0,0.0,0.0,0.0,0.0,0.0,0.0,0.0,0.0,0.0,0.0,0.0,0.0,0.0,0.0,3.5263605246161616,0.0,0.0,0.0,-0.0,0.0,0.0,-0.0,0.0,0.0,-0.0,168.91266912911414,98.73809468925252,-22.54351906808189,0.0,0.0,0.0,3.5263605246161616,0.0,0.0,0.0,0.0,0.0,0.0,0.0,0.0,0.0,3.5263605246161616,0.0,0.0,0.8660254037844386,0.5000000000000001,0.0,1.0,0.0,0.0,0.0,0.0,0.0,0.0,0.0,0.0,0.0,0.0,0.0,0.0,0.0,0.0,0.0,0.0,-0.0,0.0,0.0,0.0,-0.0,1878.274632553076,1.6110066165020342,174.85990720624852,0.17232886,-6.392857142857143,0.0,1.0,0.0,0.0,0.0,0.0,0.0,4.833019849506103,0.51698658,0.0,0.0,0.0,3.5263605246161616,74.3,80.5,59.0,85.0,0.0,-1.8427803379416288,139555.80519869353,110818.20332063148,1.7631802623080808,3.5263605246161616,0.0,0.0,0.0,0.586958848007644,0.0,3.5263605246161616,1075.0
1.3483870967741935,9.429032258064517,-5.67741935483871,22.0,16.161290322580644,39.20967741935484,49.2258064516129,27,0.0,28.12258064516129,24,1.0,0.0,0.6931471805599453,0.0,2.9444389791664403,2.9444389791664403,0.3701431492843312,0.0,0.0,0.0,19.0,2.0,0,0,0,0,0,0,0,0,0,0,0,0,0,0,0,0,0,0,0,0,0,0,0,0.0,53,0,0,FED,BLM,3,Other Conservation Area,Fee,National Public Lands,OPEN ACCESS,0,0,1,0,0,1,1,0,0,0,1,0,0,3,0,1.6110066165020342,174.85990720624852,0.17232886,71,30,22,26,0.0,0.3766981376160581,4.591303707270778,1878.274632553076,115.9708989461263,0.0,0.484043894613663,1.0,6.123233995736766e-17,0,1,0,0,0,0.0,0.3196879782973353,1.7212124813115937,0.0,0.0,5.1696876962937655,0.0,0.0,1878.274632553076,1.1501115083378977e-13,0.0,0.0,0.0,174.85990720624852,1.0707081282966771e-14,0.0,1.6110066165020342,0.0,0.0,0.17232886,0.0,0.0,0.0,0.0,0.0,0.0,2532.641278732857,50713.41507893305,41322.04191616767,3846.917958537468,235.77884262003832,2825.961726139694,0.0,0.0,35.05806451612903,1562.0,1917.0,2.1722605345091948,0.0,0.0,0.0,0.0,0.0,0.0,0.0,0.0,0.0,1301.9207658714315,121.20365167298482,0.1194492634381095,1.116664694091802,49.213449819756114,18.021826694558577,0.0,0.0,0.0,0.0,0.0,0.0,0.0,0.0,0.0,0.0,0.0,0.0,5530.465041668799,514.8643266715048,0.5074118126193164,4.743510677323631,209.0551675208173,76.55541345832745,0.0,0.0,0.0,0.0,0.0,0.0,0.0,0.0,0.0,0.6931471805599453,0.0,0.0,0.0,0.0,0.0,0.0,0.0,2.9444389791664403,0.0,0.0,0.0,0.0,15.249237972318795,18.714973875118524,0.9346307144324424,0.0,0.0,0.0,64.77765754166168,79.49985243749389,3.9702435267470064,0.0,0.6931471805599453,0.0,2.9444389791664403,0.0,0.0,0.0,0.6931471805599453,0.0,0.0,0.0,0.0,0.0,2.9444389791664403,0.0,0.0,1.0,6.123233995736766e-17,0.0,0.0,0.0,0.0,0.0,0.0,0.0,0.0,0.0,0.0,0.0,0.0,0.0,0.0,0.0,0.0,0.0,0.0,0.0,0.0,0.0,0.0,0.0,1878.274632553076,1.6110066165020342,174.85990720624852,0.17232886,1.3483870967741935,0.0,0.0,0.0,0.0,0.0,0.0,0.0,4.833019849506103,0.51698658,0.0,0.6931471805599453,0.0,2.9444389791664403,96.3,96.3,86.0,86.0,0.0,-2.255683563748081,180877.8471148612,161531.61839956453,1.3954886418497134,3.6375861597263857,0.0,0.0,0.0,0.6054722331812492,0.0,0.0,2055.0
8.9,16.863333333333333,0.7733333333333333,11.8,22.773333333333333,56.29666666666667,41.96666666666667,13,0.0,25.58333333333333,29,1.0,0.0,0.6931471805599453,0.0,2.302585092994046,2.302585092994046,0.3701431492843312,0.0,0.0,0.0,10.0,2.0,0,0,0,0,0,0,0,0,0,0,0,0,0,0,0,0,0,0,0,0,0,0,0,0.0,53,0,0,FED,BLM,3,Other Conservation Area,Fee,National Public Lands,OPEN ACCESS,0,0,1,0,0,1,1,0,0,0,1,0,0,3,0,1.6110066165020342,174.85990720624852,0.17232886,71,30,22,26,0.0,0.3766981376160581,4.591303707270778,1878.274632553076,115.9708989461263,0.0,0.484043894613663,0.8660254037844387,-0.4999999999999998,0,1,0,0,0,0.0,0.3196879782973353,1.7212124813115937,0.0,0.0,5.1696876962937655,0.0,0.0,1626.633547074846,-939.1373162765376,0.0,0.0,0.0,151.43312174400086,-87.42995360312422,0.0,1.3951726555555766,0.0,0.0,0.149241170565212,0.0,0.0,0.0,0.0,0.0,0.0,16716.644229722377,24417.570223189985,22163.6406641263,2063.3469050337326,1556.253174135612,3982.142953443633,0.0,0.0,231.4,837.8000000000001,923.0,14.337958886868105,0.0,0.0,0.0,0.0,0.0,0.0,0.0,0.0,0.0,1301.9207658714315,121.20365167298482,0.1194492634381095,1.116664694091802,49.213449819756114,18.021826694558577,0.0,0.0,0.0,0.0,0.0,0.0,0.0,0.0,0.0,0.0,0.0,0.0,4324.887169465582,402.62981569543,0.3968018641286579,3.70947981987236,163.48354160257725,59.8672124178452,0.0,0.0,0.0,0.0,0.0,0.0,0.0,0.0,0.0,0.6931471805599453,0.0,0.0,0.0,0.0,0.0,0.0,0.0,2.302585092994046,0.0,0.0,0.0,0.0,8.179136730607356,9.010913347279288,6.169009906983513,0.0,0.0,0.0,27.170504097329744,29.9336062089226,20.49300732764701,0.0,0.6931471805599453,0.0,2.302585092994046,0.0,0.0,0.0,0.6931471805599453,0.0,0.0,0.0,0.0,0.0,2.302585092994046,0.0,0.0,0.8660254037844387,-0.4999999999999998,0.0,0.0,0.0,-0.0,0.0,0.0,0.0,-0.0,0.0,0.0,0.0,-0.0,0.0,0.0,0.0,0.0,0.0,0.0,0.0,0.0,0.0,0.0,0.0,1878.274632553076,1.6110066165020342,174.85990720624852,0.17232886,8.9,0.0,0.0,0.0,0.0,0.0,0.0,0.0,4.833019849506103,0.51698658,0.0,0.6931471805599453,0.0,2.302585092994046,108.1,81.7,99.0,68.0,0.0,1.2851766513056824,203041.4877789875,185949.1886227545,1.0860859635549664,2.9957322735539913,0.0,0.0,0.0,0.4986363566487481,0.0,0.0,2569.736842
19.98333333333333,27.473333333333336,11.896666666666668,26.9,18.773333333333333,45.91666666666666,53.96666666666667,0,2.7666666666666666,41.55,27,1.0,0.0,0.0,0.0,2.19722457733622,2.19722457733622,0.3701431492843312,0.0,0.0,0.0,8.0,1.0,0,0,0,0,0,0,0,0,0,0,0,0,0,0,0,0,0,0,0,0,0,0,0,0.0,53,0,0,FED,BLM,3,Other Conservation Area,Fee,National Public Lands,OPEN ACCESS,0,0,1,0,0,1,1,0,0,0,1,0,0,3,0,1.6110066165020342,174.85990720624852,0.17232886,71,30,22,26,0.0,0.3766981376160581,4.591303707270778,1878.274632553076,115.9708989461263,0.0,0.484043894613663,1.2246467991473532e-16,-1.0,0,0,1,0,1,0.0,0.3196879782973353,1.7212124813115937,0.0,0.0,5.1696876962937655,0.0,0.0,2.3002230166757963e-13,-1878.274632553076,1878.274632553076,0.0,174.85990720624852,2.1414162565933542e-14,-174.85990720624852,1.6110066165020342,1.972914096304424e-16,0.0,0.17232886,2.1104198679971242e-17,0.0,0.0,0.0,0.0,0.0,0.0,37534.188073852296,0.0,50525.58761567774,4703.731503848085,3494.2838123382,3282.703324618639,0.0,0.0,519.5666666666666,1909.9,0.0,32.19328221976565,0.0,0.0,0.0,0.0,0.0,0.0,0.0,0.0,0.0,0.0,0.0,0.0,0.0,0.0,0.0,0.0,0.0,0.0,0.0,0.0,0.0,0.0,0.0,0.0,0.0,0.0,0.0,4126.991185632776,384.20648570430006,0.3786452065763326,3.539743332029536,156.0029449908716,57.12783901074173,0.0,0.0,0.0,0.0,0.0,0.0,0.0,0.0,0.0,0.0,0.0,0.0,0.0,0.0,0.0,0.0,0.0,2.19722457733622,0.0,0.0,0.0,0.0,0.0,0.0,0.0,0.0,0.0,0.0,59.10534113034432,0.0,43.90787113710213,0.0,0.0,0.0,2.19722457733622,0.0,0.0,0.0,0.0,0.0,0.0,0.0,0.0,0.0,2.19722457733622,0.0,0.0,1.2246467991473532e-16,-1.0,1.0,0.0,0.0,-0.0,0.0,0.0,0.0,-0.0,0.0,0.0,0.0,-0.0,0.0,0.0,0.0,0.0,0.0,0.0,0.0,0.0,0.0,0.0,0.0,1878.274632553076,1.6110066165020342,174.85990720624852,0.17232886,19.98333333333333,1.0,0.0,0.0,0.0,0.0,0.0,0.0,4.833019849506103,0.51698658,0.0,0.0,0.0,2.19722457733622,135.0,60.7,99.0,40.0,2.7666666666666666,10.077240143369174,253567.07539466524,185949.1886227545,1.09861228866811,2.19722457733622,0.0,0.0,1.0,0.36572562496789224,2.19722457733622,0.0,1862.5
23.351612903225806,31.56451612903226,15.361290322580643,35.2,18.906451612903226,47.18387096774194,53.45161290322581,0,5.351612903225806,46.303225806451614,31,1.0,0.0,0.0,0.0,2.19722457733622,2.19722457733622,0.3701431492843312,0.0,0.0,0.0,8.0,1.0,0,0,0,0,0,0,0,0,0,0,0,0,0,0,0,0,0,0,0,0,0,0,0,0.0,53,0,0,FED,BLM,3,Other Conservation Area,Fee,National Public Lands,OPEN ACCESS,0,0,1,0,0,1,1,0,0,0,1,0,0,3,0,1.6110066165020342,174.85990720624852,0.17232886,71,30,22,26,0.0,0.3766981376160581,4.591303707270778,1878.274632553076,115.9708989461263,0.0,0.484043894613663,-0.4999999999999997,-0.8660254037844388,0,0,1,0,1,0.0,0.3196879782973353,1.7212124813115937,0.0,0.0,5.1696876962937655,0.0,0.0,-939.1373162765374,-1626.633547074846,1878.274632553076,0.0,174.85990720624852,-87.42995360312422,-151.43312174400089,1.6110066165020342,-0.8055033082510167,0.0,0.17232886,-0.0861644299999999,0.0,-0.0,0.0,-0.0,0.0,-0.0,43860.74214532812,0.0,66115.26706586828,6155.0687336599485,4083.2608653743,3305.9803746316857,0.0,0.0,607.141935483871,2499.2000000000003,0.0,37.61960289309105,0.0,0.0,0.0,0.0,0.0,0.0,0.0,0.0,0.0,0.0,0.0,0.0,0.0,0.0,0.0,0.0,0.0,0.0,0.0,0.0,0.0,0.0,0.0,0.0,0.0,0.0,0.0,4126.991185632776,384.20648570430006,0.3786452065763326,3.539743332029536,156.0029449908716,57.12783901074173,0.0,0.0,0.0,0.0,0.0,0.0,0.0,0.0,0.0,0.0,0.0,0.0,0.0,0.0,0.0,0.0,0.0,2.19722457733622,0.0,0.0,0.0,0.0,0.0,0.0,0.0,0.0,0.0,0.0,77.34230512223495,0.0,51.30873779140934,0.0,0.0,0.0,2.19722457733622,0.0,0.0,0.0,0.0,0.0,0.0,0.0,0.0,0.0,2.19722457733622,0.0,0.0,-0.4999999999999997,-0.8660254037844388,1.0,0.0,-0.0,-0.0,0.0,0.0,-0.0,-0.0,0.0,0.0,-0.0,-0.0,0.0,0.0,0.0,0.0,0.0,0.0,0.0,0.0,0.0,0.0,0.0,1878.274632553076,1.6110066165020342,174.85990720624852,0.17232886,23.351612903225806,1.0,0.0,0.0,0.0,0.0,0.0,0.0,4.833019849506103,0.51698658,0.0,0.0,0.0,2.19722457733622,170.2,73.9,99.0,13.0,8.118279569892472,17.411648745519713,319682.3424605335,185949.1886227545,1.09861228866811,2.19722457733622,0.0,0.0,1.0,0.36572562496789224,2.19722457733622,0.0,2247.5
21.496774193548383,29.048387096774192,13.709677419354838,30.0,17.82903225806452,43.270967741935486,41.2258064516129,0,3.532258064516129,46.141935483870974,30,1.0,0.0,0.0,0.0,3.295836866004329,3.295836866004329,0.3701431492843312,0.0,0.0,0.0,26.0,1.0,0,0,0,0,0,0,0,0,0,0,0,0,0,0,0,0,0,0,0,0,0,0,0,0.0,53,0,0,FED,BLM,3,Other Conservation Area,Fee,National Public Lands,OPEN ACCESS,0,0,1,0,0,1,1,0,0,0,1,0,0,3,0,1.6110066165020342,174.85990720624852,0.17232886,71,30,22,26,0.0,0.3766981376160581,4.591303707270778,1878.274632553076,115.9708989461263,0.0,0.484043894613663,-0.8660254037844385,-0.5000000000000004,0,0,1,0,1,0.0,0.3196879782973353,1.7212124813115937,0.0,0.0,5.1696876962937655,0.0,0.0,-1626.6335470748454,-939.1373162765389,1878.274632553076,0.0,174.85990720624852,-151.43312174400083,-87.42995360312433,1.6110066165020342,-1.3951726555555763,0.0,0.17232886,-0.1492411705652119,0.0,-0.0,0.0,-0.0,0.0,-0.0,40376.84564946353,0.0,56348.23897659228,5245.797216187456,3758.923940717548,3117.5829262223733,0.0,0.0,558.9161290322579,2130.0,0.0,34.631445459256625,0.0,0.0,0.0,0.0,0.0,0.0,0.0,0.0,0.0,0.0,0.0,0.0,0.0,0.0,0.0,0.0,0.0,0.0,0.0,0.0,0.0,0.0,0.0,0.0,0.0,0.0,0.0,6190.486778449163,576.30972855645,0.5679678098644988,5.309614998044303,234.00441748630732,85.69175851611256,0.0,0.0,0.0,0.0,0.0,0.0,0.0,0.0,0.0,0.0,0.0,0.0,0.0,0.0,0.0,0.0,0.0,3.295836866004329,0.0,0.0,0.0,0.0,0.0,0.0,0.0,0.0,0.0,0.0,98.87510598012987,0.0,70.84986088726724,0.0,0.0,0.0,3.295836866004329,0.0,0.0,0.0,0.0,0.0,0.0,0.0,0.0,0.0,3.295836866004329,0.0,0.0,-0.8660254037844385,-0.5000000000000004,1.0,0.0,-0.0,-0.0,0.0,0.0,-0.0,-0.0,0.0,0.0,-0.0,-0.0,0.0,0.0,0.0,0.0,0.0,0.0,0.0,0.0,0.0,0.0,0.0,1878.274632553076,1.6110066165020342,174.85990720624852,0.17232886,21.496774193548383,1.0,0.0,0.0,0.0,0.0,0.0,0.0,4.833019849506103,0.51698658,0.0,0.0,0.0,3.295836866004329,200.2,92.1,99.0,0.0,11.650537634408602,21.610573476702506,376030.58143712574,185949.1886227545,1.6479184330021646,3.295836866004329,0.0,0.0,1.0,0.5485884374518382,3.295836866004329,0.0,2495.0
18.72,27.146666666666665,10.223333333333333,15.9,17.91,43.11,27.766666666666666,0,1.7699999999999998,39.086666666666666,27,1.0,0.0,0.0,0.0,4.060443010546419,4.060443010546419,0.3701431492843312,0.0,0.0,0.0,57.0,1.0,0,0,0,0,0,0,0,0,0,0,0,0,0,0,0,0,0,0,0,0,0,0,0,0.0,53,0,0,FED,BLM,3,Other Conservation Area,Fee,National Public Lands,OPEN ACCESS,0,0,1,0,0,1,1,0,0,0,1,0,0,3,0,1.6110066165020342,174.85990720624852,0.17232886,71,30,22,26,0.0,0.3766981376160581,4.591303707270778,1878.274632553076,115.9708989461263,0.0,0.484043894613663,-1.0,-1.8369701987210292e-16,0,0,0,1,0,0.0,0.3196879782973353,1.7212124813115937,0.0,0.0,5.1696876962937655,0.0,0.0,-1878.274632553076,-3.450334525013693e-13,0.0,0.0,0.0,-174.85990720624852,-3.2121243848900317e-14,0.0,-1.6110066165020342,0.0,0.0,-0.17232886,0.0,-0.0,0.0,-0.0,0.0,-0.0,35161.301121393575,0.0,29864.566657593907,2780.272524579352,3273.377462900972,3131.740938063911,0.0,0.0,486.72,1128.9,0.0,30.15804386091808,0.0,0.0,0.0,0.0,0.0,0.0,0.0,0.0,0.0,0.0,0.0,0.0,0.0,0.0,0.0,0.0,0.0,0.0,0.0,0.0,0.0,0.0,0.0,0.0,0.0,0.0,0.0,7626.627103636781,710.0086880404073,0.6997315151024324,6.54140055591972,288.29145374879573,105.5715182742069,0.0,0.0,0.0,0.0,0.0,0.0,0.0,0.0,0.0,0.0,0.0,0.0,0.0,0.0,0.0,0.0,0.0,4.060443010546419,0.0,0.0,0.0,0.0,0.0,0.0,0.0,0.0,0.0,0.0,64.56104386768807,0.0,76.01149315742896,0.0,0.0,0.0,4.060443010546419,0.0,0.0,0.0,0.0,0.0,0.0,0.0,0.0,0.0,4.060443010546419,0.0,0.0,-1.0,-1.8369701987210292e-16,0.0,0.0,-0.0,-0.0,0.0,0.0,-0.0,-0.0,0.0,0.0,-0.0,-0.0,0.0,0.0,0.0,0.0,0.0,0.0,0.0,0.0,0.0,0.0,0.0,1878.274632553076,1.6110066165020342,174.85990720624852,0.17232886,18.72,0.0,0.0,0.0,0.0,0.0,0.0,0.0,4.833019849506103,0.51698658,0.0,0.0,0.0,4.060443010546419,216.1,81.10000000000001,99.0,0.0,13.420537634408602,21.1894623655914,405895.1480947197,185949.1886227545,2.030221505273209,4.060443010546419,0.0,0.0,0.0,0.6758562929779948,0.0,0.0,2505.0
10.119354838709675,17.893548387096775,3.096774193548387,20.0,15.74516129032258,38.0258064516129,30.032258064516128,6,0.0,33.13548387096775,29,1.0,0.0,0.0,0.0,3.091042453358316,3.091042453358316,0.3701431492843312,0.0,0.0,0.0,21.0,1.0,0,0,0,0,0,0,0,0,0,0,0,0,0,0,0,0,0,0,0,0,0,0,0,0.0,53,0,0,FED,BLM,3,Other Conservation Area,Fee,National Public Lands,OPEN ACCESS,0,0,1,0,0,1,1,0,0,0,1,0,0,3,0,1.6110066165020342,174.85990720624852,0.17232886,71,30,22,26,0.0,0.3766981376160581,4.591303707270778,1878.274632553076,115.9708989461263,0.0,0.484043894613663,-0.8660254037844386,0.5000000000000001,0,0,0,1,0,0.0,0.3196879782973353,1.7212124813115937,0.0,0.0,5.1696876962937655,0.0,0.0,-1626.6335470748456,939.1373162765382,0.0,0.0,0.0,-151.43312174400083,87.42995360312428,0.0,-1.3951726555555763,0.0,0.0,-0.149241170565212,0.0,-0.0,0.0,-0.0,0.0,-0.0,19006.92749135161,11269.647795318457,37565.49265106152,3497.1981441249704,1769.469448083876,2753.1974421732225,0.0,0.0,263.1032258064516,1420.0,426.0,16.302347599893164,0.0,0.0,0.0,0.0,0.0,0.0,0.0,0.0,0.0,0.0,0.0,0.0,0.0,0.0,0.0,0.0,0.0,0.0,0.0,0.0,0.0,0.0,0.0,0.0,0.0,0.0,0.0,5805.826628287549,540.4993965648099,0.5326758221988418,4.979689844248928,219.46401418844044,80.36710378731621,0.0,0.0,0.0,0.0,0.0,0.0,0.0,0.0,0.0,0.0,0.0,0.0,0.0,0.0,0.0,0.0,0.0,3.091042453358316,0.0,0.0,0.0,0.0,0.0,0.0,0.0,0.0,0.0,0.0,61.82084906716632,18.546254720149896,31.279355407048502,0.0,0.0,0.0,3.091042453358316,0.0,0.0,0.0,0.0,0.0,0.0,0.0,0.0,0.0,3.091042453358316,0.0,0.0,-0.8660254037844386,0.5000000000000001,0.0,0.0,-0.0,0.0,0.0,0.0,-0.0,0.0,0.0,0.0,-0.0,0.0,0.0,0.0,0.0,0.0,0.0,0.0,0.0,0.0,0.0,0.0,0.0,1878.274632553076,1.6110066165020342,174.85990720624852,0.17232886,10.119354838709675,0.0,0.0,0.0,0.0,0.0,0.0,0.0,4.833019849506103,0.51698658,0.0,0.0,0.0,3.091042453358316,236.1,65.9,105.0,6.0,13.420537634408602,16.778709677419354,443460.6407457812,197218.83641807293,1.545521226679158,3.091042453358316,0.0,0.0,0.0,0.514500631713884,0.0,0.0,3102.5
1.4233333333333331,8.336666666666666,-4.296666666666667,25.700000000000003,15.033333333333331,37.11333333333334,41.16666666666666,25,0.0,23.44,25,1.0,0.0,1.6094379124341005,0.0,3.295836866004329,3.295836866004329,0.3701431492843312,0.0,0.0,0.0,30.0,2.0,0,0,0,0,0,0,0,0,0,0,0,0,0,0,0,0,0,0,0,0,0,0,0,0.0,53,0,0,FED,BLM,3,Other Conservation Area,Fee,National Public Lands,OPEN ACCESS,0,0,1,0,0,1,1,0,0,0,1,0,0,3,0,1.6110066165020342,174.85990720624852,0.17232886,71,30,22,26,0.0,0.3766981376160581,4.591303707270778,1878.274632553076,115.9708989461263,0.0,0.484043894613663,-0.5000000000000004,0.8660254037844384,0,0,0,1,0,0.0,0.3196879782973353,1.7212124813115937,0.0,0.0,5.1696876962937655,0.0,0.0,-939.1373162765389,1626.6335470748452,0.0,0.0,0.0,-87.42995360312433,151.4331217440008,0.0,-0.8055033082510178,0.0,0.0,-0.08616443,0.0,-0.0,0.0,-0.0,0.0,-0.0,2673.410893667211,46956.865813826895,48271.658056614055,4493.899615200588,248.88393459022703,2628.727271667269,0.0,0.0,37.00666666666666,1824.7000000000005,1775.0,2.292999417487895,0.0,0.0,0.0,0.0,0.0,0.0,0.0,0.0,0.0,3022.9664035941496,281.4261640224452,0.2773526006905483,2.5928151257805574,114.27009178282114,41.84538572328661,0.0,0.0,0.0,0.0,0.0,0.0,0.0,0.0,0.0,0.0,0.0,0.0,6190.486778449163,576.30972855645,0.5679678098644988,5.309614998044303,234.00441748630732,85.69175851611256,0.0,0.0,0.0,0.0,0.0,0.0,0.0,0.0,0.0,1.6094379124341005,0.0,0.0,0.0,0.0,0.0,0.0,0.0,3.295836866004329,0.0,0.0,0.0,0.0,41.36255434955639,40.23594781085252,2.2907666286978694,0.0,0.0,0.0,84.70300745631127,82.39592165010822,4.691074472612828,0.0,1.6094379124341005,0.0,3.295836866004329,0.0,0.0,0.0,1.6094379124341005,0.0,0.0,0.0,0.0,0.0,3.295836866004329,0.0,0.0,-0.5000000000000004,0.8660254037844384,0.0,0.0,-0.0,0.0,0.0,0.0,-0.0,0.0,0.0,0.0,-0.0,0.0,0.0,0.0,0.0,0.0,0.0,0.0,0.0,0.0,0.0,0.0,0.0,1878.274632553076,1.6110066165020342,174.85990720624852,0.17232886,1.4233333333333331,0.0,0.0,0.0,0.0,0.0,0.0,0.0,4.833019849506103,0.51698658,0.0,1.6094379124341005,0.0,3.295836866004329,261.8,61.6,130.0,31.0,13.420537634408602,10.087562724014337,491732.2988023953,244175.70223189984,1.5745264767856852,4.90527477843843,0.0,0.0,0.0,0.8164776156648268,0.0,0.0,2302.5
-0.7387096774193548,6.680645161290323,-6.012903225806451,5.4,15.52258064516129,39.20645161290323,56.70967741935484,30,0.0,21.293548387096774,23,1.0,0.0,1.0986122886681098,0.0,4.30406509320417,4.30406509320417,0.3701431492843312,0.0,0.0,0.0,75.0,2.0,0,0,0,0,0,0,0,0,0,0,0,0,0,0,0,0,0,0,0,0,0,0,0,0.0,53,0,0,FED,BLM,3,Other Conservation Area,Fee,National Public Lands,OPEN ACCESS,0,0,1,0,0,1,1,0,0,0,1,0,0,3,0,1.6110066165020342,174.85990720624852,0.17232886,71,30,22,26,0.0,0.3766981376160581,4.591303707270778,1878.274632553076,115.9708989461263,0.0,0.484043894613663,-2.4492935982947064e-16,1.0,1,0,0,0,0,0.0,0.3196879782973353,1.7212124813115937,0.0,0.0,5.1696876962937655,0.0,0.0,-4.600446033351593e-13,1878.274632553076,0.0,1878.274632553076,0.0,-4.282832513186709e-14,174.85990720624852,0.0,-3.945828192608848e-16,1.6110066165020342,0.0,-4.220839735994247e-17,0.0,-0.0,0.0,-0.0,0.0,-0.0,-1387.4996479182398,56348.23897659228,10142.68301578661,944.243498913742,-129.17070564590617,2714.277011214412,-0.0,0.0,-19.206451612903223,383.4,2130.0,-1.190066177996664,0.0,0.0,0.0,0.0,0.0,0.0,0.0,0.0,0.0,2063.495592816388,192.10324285215,0.1893226032881662,1.7698716660147678,78.00147249543579,28.56391950537085,0.0,0.0,0.0,0.0,0.0,0.0,0.0,0.0,0.0,0.0,0.0,0.0,8084.216281422583,752.6084228073346,0.7417146308776684,6.933877343007363,305.5886216174961,111.90569242330842,0.0,0.0,0.0,0.0,0.0,0.0,0.0,0.0,0.0,1.0986122886681098,0.0,0.0,0.0,0.0,0.0,0.0,0.0,4.30406509320417,0.0,0.0,0.0,-0.0,5.932506358807793,32.95836866004329,-0.8115555293709584,0.0,0.0,-0.0,23.24195150330252,129.1219527961251,-3.1794545365927576,0.0,1.0986122886681098,0.0,4.30406509320417,0.0,0.0,0.0,1.0986122886681098,0.0,0.0,0.0,0.0,0.0,4.30406509320417,0.0,0.0,-2.4492935982947064e-16,1.0,0.0,1.0,-0.0,0.0,0.0,0.0,-0.0,0.0,0.0,0.0,-0.0,0.0,0.0,0.0,0.0,0.0,0.0,0.0,-0.0,0.0,0.0,0.0,-0.0,1878.274632553076,1.6110066165020342,174.85990720624852,0.17232886,-0.7387096774193548,0.0,1.0,0.0,0.0,0.0,0.0,0.0,4.833019849506103,0.51698658,0.0,1.0986122886681098,0.0,4.30406509320417,267.2,51.1,160.0,61.0,13.420537634408602,3.60132616487455,501874.9818181818,300523.9412084921,2.035902303173593,5.40267738187228,0.0,0.0,0.0,0.8992697343576014,0.0,5.40267738187228,1972.5
-2.367741935483872,4.458064516129032,-7.696774193548387,18.1,16.067741935483873,38.68064516129032,61.354838709677416,31,0.0,23.93870967741936,23,1.0,0.0,0.0,0.0,4.30406509320417,4.30406509320417,1.3701431492843312,0.0,0.0,0.0,73.0,1.0,0,0,0,0,0,0,0,0,0,0,0,0,0,0,0,0,0,0,0,0,0,0,0,0.0,53,0,0,FED,BLM,3,Other Conservation Area,Fee,National Public Lands,OPEN ACCESS,0,0,1,0,0,1,1,0,0,0,1,0,0,3,0,1.6110066165020342,174.85990720624852,0.17232886,71,30,22,26,0.0,0.3766981376160581,4.591303707270778,1878.274632553076,115.9708989461263,0.0,0.484043894613663,0.4999999999999999,0.8660254037844387,1,0,0,0,0,0.0,0.3196879782973353,1.7212124813115937,0.0,0.0,5.1696876962937655,0.0,0.0,939.1373162765378,1626.633547074846,0.0,1878.274632553076,0.0,87.42995360312425,151.43312174400086,0.0,0.805503308251017,1.6110066165020342,0.0,0.0861644299999999,0.0,0.0,0.0,0.0,0.0,0.0,-4447.269613851478,58226.51360914535,33996.77084921068,3164.9643204330987,-414.0231351270531,2809.603863852658,-0.0,0.0,-61.56129032258067,1285.1,2201.0,-3.81444792423385,0.0,0.0,0.0,0.0,0.0,0.0,0.0,0.0,0.0,0.0,0.0,0.0,0.0,0.0,0.0,0.0,0.0,0.0,0.0,0.0,0.0,0.0,0.0,0.0,0.0,0.0,0.0,8084.216281422583,752.6084228073346,0.7417146308776684,6.933877343007363,305.5886216174961,111.90569242330842,0.0,0.0,0.0,0.0,0.0,0.0,0.0,0.0,0.0,0.0,0.0,0.0,0.0,0.0,0.0,0.0,0.0,4.30406509320417,0.0,0.0,0.0,-0.0,0.0,0.0,-0.0,0.0,0.0,-0.0,77.90357818699549,133.42601788932927,-10.190915414231814,0.0,0.0,0.0,4.30406509320417,0.0,0.0,0.0,0.0,0.0,0.0,0.0,0.0,0.0,4.30406509320417,0.0,0.0,0.4999999999999999,0.8660254037844387,0.0,1.0,0.0,0.0,0.0,0.0,0.0,0.0,0.0,0.0,0.0,0.0,0.0,0.0,0.0,0.0,0.0,0.0,-0.0,0.0,0.0,0.0,-0.0,1878.274632553076,1.6110066165020342,174.85990720624852,0.17232886,-2.367741935483872,0.0,1.0,0.0,0.0,0.0,0.0,0.0,4.833019849506103,0.51698658,0.0,0.0,0.0,4.30406509320417,18.1,49.2,31.0,86.0,0.0,-0.561039426523299,33996.77084921068,58226.51360914535,2.152032546602085,4.30406509320417,0.0,0.0,0.0,0.7164069218736552,0.0,4.30406509320417,1932.5
-1.8285714285714287,6.428571428571429,-8.932142857142857,13.4,16.664285714285715,41.00714285714286,41.46428571428572,28,0.0,22.010714285714283,26,1.0,0.0,1.6094379124341005,0.0,4.127134385045092,4.127134385045092,1.3701431492843312,0.0,1.6094379124341005,0.0,65.0,2.0,0,0,0,0,0,0,0,0,0,0,0,0,0,0,0,0,0,0,0,0,0,0,0,0.0,53,0,0,FED,BLM,3,Other Conservation Area,Fee,National Public Lands,OPEN ACCESS,0,0,1,0,0,1,1,0,0,0,1,0,0,3,0,1.6110066165020342,174.85990720624852,0.17232886,71,30,22,26,0.0,0.3766981376160581,4.591303707270778,1878.274632553076,115.9708989461263,0.0,0.484043894613663,0.8660254037844386,0.5000000000000001,1,0,0,0,0,0.0,0.3196879782973353,1.7212124813115937,0.0,0.0,5.1696876962937655,0.0,0.0,1626.6335470748456,939.1373162765382,0.0,1878.274632553076,0.0,151.43312174400083,87.42995360312428,0.0,1.3951726555555763,1.6110066165020342,0.0,0.149241170565212,0.0,0.0,0.0,0.0,0.0,0.0,-3434.5593280970534,52591.68971148613,25168.88007621122,2343.12275656373,-319.7438303199973,2913.915453658413,-0.0,0.0,-47.54285714285714,951.4,1988.0,-2.9458406701751487,0.0,0.0,0.0,0.0,0.0,0.0,0.0,0.0,0.0,3022.9664035941496,281.4261640224452,0.2773526006905483,2.5928151257805574,114.27009178282114,41.84538572328661,0.0,0.0,0.0,0.0,0.0,0.0,0.0,0.0,0.0,0.0,0.0,0.0,7751.891820567735,721.6703355967023,0.7112243636416217,6.648840801500697,293.0265413382015,107.3054940111724,0.0,0.0,0.0,0.0,0.0,0.0,0.0,0.0,0.0,1.6094379124341005,0.0,0.0,0.0,0.0,0.0,0.0,0.0,4.127134385045092,0.0,0.0,0.0,-0.0,21.56646802661695,45.06426154815482,-2.942972182736641,0.0,0.0,-0.0,55.30360075960423,115.55976278126256,-7.546760018368168,0.0,1.6094379124341005,0.0,4.127134385045092,0.0,0.0,0.0,1.6094379124341005,0.0,0.0,0.0,0.0,0.0,4.127134385045092,0.0,0.0,0.8660254037844386,0.5000000000000001,0.0,1.0,0.0,0.0,0.0,0.0,0.0,0.0,0.0,0.0,0.0,0.0,0.0,0.0,0.0,0.0,0.0,0.0,-0.0,0.0,0.0,0.0,-0.0,1878.274632553076,1.6110066165020342,174.85990720624852,0.17232886,-1.8285714285714287,0.0,1.0,0.0,0.0,0.0,0.0,0.0,4.833019849506103,0.51698658,0.0,1.6094379124341005,0.0,4.127134385045092,31.5,36.9,59.0,89.0,0.0,-1.6450076804915532,59165.65092542189,110818.20332063148,1.94905645507002,5.736572297479192,0.0,0.0,0.0,0.9548461774501791,0.0,5.736572297479192,2020.0
0.9838709677419356,7.848387096774194,-5.554838709677419,14.7,17.432258064516127,43.20322580645161,54.74193548387097,30,0.0,25.370967741935484,28,1.0,0.0,0.6931471805599453,0.0,4.3694478524670215,4.3694478524670215,1.3701431492843312,0.0,0.6931471805599453,0.0,79.0,2.0,0,0,0,0,0,0,0,0,0,0,0,0,0,0,0,0,0,0,0,0,0,0,0,0.0,53,0,0,FED,BLM,3,Other Conservation Area,Fee,National Public Lands,OPEN ACCESS,0,0,1,0,0,1,1,0,0,0,1,0,0,3,0,1.6110066165020342,174.85990720624852,0.17232886,71,30,22,26,0.0,0.3766981376160581,4.591303707270778,1878.274632553076,115.9708989461263,0.0,0.484043894613663,1.0,6.123233995736766e-17,0,1,0,0,0,0.0,0.3196879782973353,1.7212124813115937,0.0,0.0,5.1696876962937655,0.0,0.0,1878.274632553076,1.1501115083378977e-13,0.0,0.0,0.0,174.85990720624852,1.0707081282966771e-14,0.0,1.6110066165020342,0.0,0.0,0.17232886,0.0,0.0,0.0,0.0,0.0,0.0,1847.9798804151235,56348.23897659228,27610.637098530213,2570.440635931853,172.0395861222768,3048.203027556667,0.0,0.0,25.580645161290327,1043.7,2130.0,1.5850226388165178,0.0,0.0,0.0,0.0,0.0,0.0,0.0,0.0,0.0,1301.9207658714315,121.20365167298482,0.1194492634381095,1.116664694091802,49.213449819756114,18.021826694558577,0.0,0.0,0.0,0.0,0.0,0.0,0.0,0.0,0.0,0.0,0.0,0.0,8207.02305955232,764.0412460249253,0.75298196724509,7.039209400784976,310.2307975251585,113.60564416414256,0.0,0.0,0.0,0.0,0.0,0.0,0.0,0.0,0.0,0.6931471805599453,0.0,0.0,0.0,0.0,0.0,0.0,0.0,4.3694478524670215,0.0,0.0,0.0,0.0,10.189263554231196,20.79441541679836,0.6819673873251075,0.0,0.0,0.0,64.23088343126521,131.08343557401065,4.298972887104651,0.0,0.6931471805599453,0.0,4.3694478524670215,0.0,0.0,0.0,0.6931471805599453,0.0,0.0,0.0,0.0,0.0,4.3694478524670215,0.0,0.0,1.0,6.123233995736766e-17,0.0,0.0,0.0,0.0,0.0,0.0,0.0,0.0,0.0,0.0,0.0,0.0,0.0,0.0,0.0,0.0,0.0,0.0,0.0,0.0,0.0,0.0,0.0,1878.274632553076,1.6110066165020342,174.85990720624852,0.17232886,0.9838709677419356,0.0,0.0,0.0,0.0,0.0,0.0,0.0,4.833019849506103,0.51698658,0.0,0.6931471805599453,0.0,4.3694478524670215,46.2,46.2,89.0,89.0,0.0,-1.070814132104456,86776.28802395212,167166.44229722375,2.094839725948785,5.062595033026967,0.0,0.0,0.0,0.8426633997776433,0.0,0.0,2277.5
7.086666666666667,15.226666666666668,-1.29,34.7,19.21333333333333,46.46333333333334,45.06666666666667,18,0.0,27.336666666666662,28,1.0,0.0,1.3862943611198906,0.0,5.087596335232384,5.087596335232384,1.3701431492843312,0.0,1.3862943611198906,0.0,164.0,2.0,0,0,0,0,0,0,0,0,0,0,0,0,0,0,0,0,0,0,0,0,0,0,0,0.0,53,0,0,FED,BLM,3,Other Conservation Area,Fee,National Public Lands,OPEN ACCESS,0,0,1,0,0,1,1,0,0,0,1,0,0,3,0,1.6110066165020342,174.85990720624852,0.17232886,71,30,22,26,0.0,0.3766981376160581,4.591303707270778,1878.274632553076,115.9708989461263,0.0,0.484043894613663,0.8660254037844387,-0.4999999999999998,0,1,0,0,0,0.0,0.3196879782973353,1.7212124813115937,0.0,0.0,5.1696876962937655,0.0,0.0,1626.633547074846,-939.1373162765376,0.0,0.0,0.0,151.43312174400086,-87.42995360312422,0.0,1.3951726555555766,0.0,0.0,0.149241170565212,0.0,0.0,0.0,0.0,0.0,0.0,13310.706229359464,33808.94338595537,65176.12974959174,6067.6387800568245,1239.1738757349478,3359.641683789388,0.0,0.0,184.25333333333333,2463.7000000000003,1278.0,11.416666888944416,0.0,0.0,0.0,0.0,0.0,0.0,0.0,0.0,0.0,2603.8415317428635,242.40730334596964,0.238898526876219,2.2333293881836043,98.42689963951224,36.04365338911715,0.0,0.0,0.0,0.0,0.0,0.0,0.0,0.0,0.0,0.0,0.0,0.0,9555.90313713698,889.6166230815846,0.8767396765907746,8.196151358150871,361.2193398014993,132.27750471604196,0.0,0.0,0.0,0.0,0.0,0.0,0.0,0.0,0.0,1.3862943611198906,0.0,0.0,0.0,0.0,0.0,0.0,0.0,5.087596335232384,0.0,0.0,0.0,0.0,48.10441433086021,24.95329850015803,9.82420603913629,0.0,0.0,0.0,176.53959283256373,91.5767340341829,36.054099362346825,0.0,1.3862943611198906,0.0,5.087596335232384,0.0,0.0,0.0,1.3862943611198906,0.0,0.0,0.0,0.0,0.0,5.087596335232384,0.0,0.0,0.8660254037844387,-0.4999999999999998,0.0,0.0,0.0,-0.0,0.0,0.0,0.0,-0.0,0.0,0.0,0.0,-0.0,0.0,0.0,0.0,0.0,0.0,0.0,0.0,0.0,0.0,0.0,0.0,1878.274632553076,1.6110066165020342,174.85990720624852,0.17232886,7.086666666666667,0.0,0.0,0.0,0.0,0.0,0.0,0.0,4.833019849506103,0.51698658,0.0,1.3862943611198906,0.0,5.087596335232384,80.9,62.8,107.0,76.0,0.0,2.0806554019457235,151952.41777354386,200975.3856831792,2.40330559430573,6.473890696352274,0.0,0.0,0.0,1.0775720175894234,0.0,0.0,2455.0
13.52258064516129,20.68387096774193,5.945161290322581,79.4,17.383870967741935,43.690322580645166,51.58064516129032,0,0.0,41.07096774193548,29,1.0,0.0,0.6931471805599453,0.0,5.093750200806762,5.093750200806762,1.3701431492843312,0.0,0.6931471805599453,0.0,163.0,2.0,0,0,0,0,0,0,0,0,0,0,0,0,0,0,0,0,0,0,0,0,0,0,0,0.0,53,0,0,FED,BLM,3,Other Conservation Area,Fee,National Public Lands,OPEN ACCESS,0,0,1,0,0,1,1,0,0,0,1,0,0,3,0,1.6110066165020342,174.85990720624852,0.17232886,71,30,22,26,0.0,0.3766981376160581,4.591303707270778,1878.274632553076,115.9708989461263,0.0,0.484043894613663,0.4999999999999999,-0.8660254037844387,0,1,0,0,0,0.0,0.3196879782973353,1.7212124813115937,0.0,0.0,5.1696876962937655,0.0,0.0,939.1373162765378,-1626.633547074846,0.0,0.0,0.0,87.42995360312425,-151.43312174400086,0.0,0.805503308251017,0.0,0.0,0.0861644299999999,0.0,0.0,0.0,0.0,0.0,0.0,25399.120192459657,0.0,149135.00582471423,13883.876632176134,2364.557196801916,3039.742064304752,0.0,0.0,351.5870967741935,5637.400000000001,0.0,21.784966891537184,0.0,0.0,0.0,0.0,0.0,0.0,0.0,0.0,0.0,1301.9207658714315,121.20365167298482,0.1194492634381095,1.116664694091802,49.213449819756114,18.021826694558577,0.0,0.0,0.0,0.0,0.0,0.0,0.0,0.0,0.0,0.0,0.0,0.0,9567.461786737478,890.6926874448802,0.8778001652298004,8.20606527630826,361.6562642572801,132.43750522097582,0.0,0.0,0.0,0.0,0.0,0.0,0.0,0.0,0.0,0.6931471805599453,0.0,0.0,0.0,0.0,0.0,0.0,0.0,5.093750200806762,0.0,0.0,0.0,0.0,55.03588613645966,0.0,9.373138648088034,0.0,0.0,0.0,404.44376594405696,0.0,68.88064787671595,0.0,0.6931471805599453,0.0,5.093750200806762,0.0,0.0,0.0,0.6931471805599453,0.0,0.0,0.0,0.0,0.0,5.093750200806762,0.0,0.0,0.4999999999999999,-0.8660254037844387,0.0,0.0,0.0,-0.0,0.0,0.0,0.0,-0.0,0.0,0.0,0.0,-0.0,0.0,0.0,0.0,0.0,0.0,0.0,0.0,0.0,0.0,0.0,0.0,1878.274632553076,1.6110066165020342,174.85990720624852,0.17232886,13.52258064516129,0.0,0.0,0.0,0.0,0.0,0.0,0.0,4.833019849506103,0.51698658,0.0,0.6931471805599453,0.0,5.093750200806762,160.3,128.8,107.0,48.0,0.0,7.197706093189962,301087.42359825806,200975.3856831792,2.4532087013080046,5.786897381366708,0.0,0.0,0.0,0.9632227325580035,0.0,0.0,1925.0
17.220000000000002,24.67,9.196666666666664,42.0,19.73,47.10333333333333,46.4,0,1.14,42.52,28,1.0,0.0,0.6931471805599453,0.0,4.934473933130692,4.934473933130692,1.3701431492843312,0.0,0.6931471805599453,0.0,139.0,2.0,0,0,0,0,0,0,0,0,0,0,0,0,0,0,0,0,0,0,0,0,0,0,0,0.0,53,0,0,FED,BLM,3,Other Conservation Area,Fee,National Public Lands,OPEN ACCESS,0,0,1,0,0,1,1,0,0,0,1,0,0,3,0,1.6110066165020342,174.85990720624852,0.17232886,71,30,22,26,0.0,0.3766981376160581,4.591303707270778,1878.274632553076,115.9708989461263,0.0,0.484043894613663,1.2246467991473532e-16,-1.0,0,0,1,0,1,0.0,0.3196879782973353,1.7212124813115937,0.0,0.0,5.1696876962937655,0.0,0.0,2.3002230166757963e-13,-1878.274632553076,1878.274632553076,0.0,174.85990720624852,2.1414162565933542e-14,-174.85990720624852,1.6110066165020342,1.972914096304424e-16,0.0,0.17232886,2.1104198679971242e-17,0.0,0.0,0.0,0.0,0.0,0.0,32343.88917256397,0.0,78887.53456722919,7344.116102662438,3011.0876020916,3449.9859691792835,0.0,0.0,447.7200000000001,2982.0,0.0,27.74153393616504,0.0,0.0,0.0,0.0,0.0,0.0,0.0,0.0,0.0,1301.9207658714315,121.20365167298482,0.1194492634381095,1.116664694091802,49.213449819756114,18.021826694558577,0.0,0.0,0.0,0.0,0.0,0.0,0.0,0.0,0.0,0.0,0.0,0.0,9268.297213593782,862.8416540588851,0.8503522675961285,7.949470155230362,350.34764925227915,128.296322261398,0.0,0.0,0.0,0.0,0.0,0.0,0.0,0.0,0.0,0.6931471805599453,0.0,0.0,0.0,0.0,0.0,0.0,0.0,4.934473933130692,0.0,0.0,0.0,0.0,29.112181583517703,0.0,11.93599444924226,0.0,0.0,0.0,207.24790519148908,0.0,84.97164112851054,0.0,0.6931471805599453,0.0,4.934473933130692,0.0,0.0,0.0,0.6931471805599453,0.0,0.0,0.0,0.0,0.0,4.934473933130692,0.0,0.0,1.2246467991473532e-16,-1.0,1.0,0.0,0.0,-0.0,0.0,0.0,0.0,-0.0,0.0,0.0,0.0,-0.0,0.0,0.0,0.0,0.0,0.0,0.0,0.0,0.0,0.0,0.0,0.0,1878.274632553076,1.6110066165020342,174.85990720624852,0.17232886,17.220000000000002,1.0,0.0,0.0,0.0,0.0,0.0,0.0,4.833019849506103,0.51698658,0.0,0.6931471805599453,0.0,4.934473933130692,202.3,156.10000000000002,107.0,18.0,1.14,12.609749103942653,379974.9581654873,200975.3856831792,2.374303839082825,5.627621113690638,0.0,0.0,1.0,0.9367113722085738,5.627621113690638,0.0,2122.5
23.30967741935484,32.17741935483871,14.28064516129032,10.6,22.029032258064515,50.59354838709677,37.96774193548387,0,5.329032258064516,44.87419354838709,31,1.0,0.0,0.0,1.0986122886681098,4.795790545596741,4.795790545596741,1.3701431492843312,0.0,0.0,1.0986122886681098,122.0,2.0,0,0,0,0,0,0,0,0,0,0,0,0,0,0,0,0,0,0,0,0,0,0,0,0.0,53,0,0,FED,BLM,3,Other Conservation Area,Fee,National Public Lands,OPEN ACCESS,0,0,1,0,0,1,1,0,0,0,1,0,0,3,0,1.6110066165020342,174.85990720624852,0.17232886,71,30,22,26,0.0,0.3766981376160581,4.591303707270778,1878.274632553076,115.9708989461263,0.0,0.484043894613663,-0.4999999999999997,-0.8660254037844388,0,0,1,0,1,0.0,0.3196879782973353,1.7212124813115937,0.0,0.0,5.1696876962937655,0.0,0.0,-939.1373162765374,-1626.633547074846,1878.274632553076,0.0,174.85990720624852,-87.42995360312422,-151.43312174400089,1.6110066165020342,-0.8055033082510167,0.0,0.17232886,-0.0861644299999999,0.0,-0.0,0.0,-0.0,0.0,-0.0,43781.97578976944,0.0,19909.711105062604,1853.5150163862345,4075.928030555974,3851.994536488616,0.0,0.0,606.0516129032259,752.6,0.0,37.55204455110872,0.0,0.0,0.0,0.0,0.0,0.0,0.0,0.0,0.0,0.0,0.0,0.0,0.0,0.0,0.0,0.0,0.0,0.0,2063.495592816388,192.10324285215,0.1893226032881662,1.7698716660147678,78.00147249543579,28.56391950537085,0.0,0.0,0.0,9007.811724832234,838.5914897836502,0.8264531175214644,7.726050300314251,340.5011287373686,124.69055418551528,0.0,0.0,0.0,0.0,0.0,0.0,0.0,0.0,0.0,0.0,0.0,0.0,0.0,1.0986122886681098,0.0,0.0,0.0,4.795790545596741,0.0,0.0,0.0,0.0,0.0,0.0,0.0,11.645290259881964,0.0,25.60829805779278,50.83537978332546,0.0,111.7883305886518,0.0,0.0,1.0986122886681098,4.795790545596741,0.0,0.0,0.0,0.0,0.0,0.0,1.0986122886681098,0.0,0.0,4.795790545596741,0.0,0.0,-0.4999999999999997,-0.8660254037844388,1.0,0.0,-0.0,-0.0,0.0,0.0,-0.0,-0.0,0.0,0.0,-0.0,-0.0,0.0,0.0,0.0,0.0,0.0,0.0,0.0,0.0,0.0,0.0,0.0,1878.274632553076,1.6110066165020342,174.85990720624852,0.17232886,23.30967741935484,1.0,0.0,0.0,0.0,0.0,0.0,0.0,4.833019849506103,0.51698658,0.0,0.0,1.0986122886681098,4.795790545596741,212.9,132.0,107.0,0.0,6.469032258064516,18.01741935483871,399884.6692705498,200975.3856831792,2.2745372954295777,5.894402834264851,0.0,0.0,1.0,0.9811168974759547,5.894402834264851,0.0,2052.5
-7.741935483870968,0.1258064516129032,-15.183870967741935,19.4,15.025806451612905,33.722580645161294,36.193548387096776,31,0.0,24.387096774193548,26,0.0,0.0,0.6931471805599453,0.6931471805599453,0.0,0.0,-0.6298568507156688,-0.0,-0.6931471805599453,-0.6931471805599453,2.0,2.0,0,0,0,0,0,0,0,0,0,0,0,0,0,0,0,0,0,0,0,0,0,0,0,0.0,53,0,0,FED,BLM,3,Other Conservation Area,Fee,National Public Lands,OPEN ACCESS,0,0,1,0,0,1,1,0,0,0,1,0,0,3,0,0.1411269756703764,144.39695115886605,0.0,80,20,16,60,0.0,0.4154579004316706,0.0,2504.6901408450703,165.7908641259782,0.0,0.499686926603317,0.4999999999999999,0.8660254037844387,1,0,0,0,0,0.0,0.3474530832918935,0.0,0.0,0.0,4.979467596233536,0.0,0.0,1252.345070422535,2169.125290580255,0.0,2504.6901408450703,0.0,72.19847557943301,125.05142793259884,0.0,0.0705634878351881,0.1411269756703764,0.0,0.0,0.0,0.0,0.0,0.0,0.0,0.0,-19391.149477510226,77645.39436619719,48590.98873239436,2801.300852482001,-1117.911879939608,2169.680640316123,-0.0,0.0,-464.5161290322581,1552.0,2480.0,-1.092595940673882,0.0,0.0,0.0,0.0,0.0,0.0,0.0,0.0,0.0,1736.1189093030528,100.08833957722013,0.0,0.0978217652868734,55.451774444795625,41.58883083359672,0.0,0.0,0.0,1736.1189093030528,100.08833957722013,0.0,0.0978217652868734,55.451774444795625,41.58883083359672,0.0,0.0,0.0,0.0,0.0,0.0,0.0,0.0,0.0,0.0,0.0,0.0,0.0,0.0,0.0,0.0,0.0,0.0,0.6931471805599453,0.0,0.0,0.0,0.6931471805599453,0.0,0.0,0.0,0.0,0.0,0.0,0.0,-0.0,13.447055302862935,21.487562597358306,-5.366300752722157,13.447055302862935,21.487562597358306,-5.366300752722157,0.0,0.0,-0.0,0.0,0.6931471805599453,0.6931471805599453,0.0,0.0,0.0,0.0,0.6931471805599453,0.0,0.0,0.6931471805599453,0.0,0.0,0.0,0.0,0.0,0.4999999999999999,0.8660254037844387,0.0,1.0,0.0,0.0,0.0,0.0,0.0,0.0,0.0,0.0,0.0,0.0,0.0,0.0,0.0,0.0,0.0,0.0,-0.0,0.0,0.0,0.0,-0.0,2504.6901408450703,0.1411269756703764,144.39695115886605,0.0,-7.741935483870968,0.0,1.0,0.0,0.0,0.0,0.0,0.0,0.4233809270111292,0.0,0.0,0.6931471805599453,0.6931471805599453,0.0,19.4,19.4,31.0,31.0,0.0,-7.741935483870968,48590.98873239436,77645.39436619719,0.4001887112843145,1.3862943611198906,0.0,0.0,0.0,0.6443173156757936,0.0,1.3862943611198906,289.0
-8.660714285714286,-0.475,-17.475,14.7,15.703571428571427,38.6,36.535714285714285,28,0.0,22.714285714285715,27,0.0,0.0,1.3862943611198906,0.6931471805599453,0.0,0.0,-0.6298568507156688,-0.0,-1.3862943611198906,-0.6931471805599453,4.0,2.0,0,0,0,0,0,0,0,0,0,0,0,0,0,0,0,0,0,0,0,0,0,0,0,0.0,53,0,0,FED,BLM,3,Other Conservation Area,Fee,National Public Lands,OPEN ACCESS,0,0,1,0,0,1,1,0,0,0,1,0,0,3,0,0.1411269756703764,144.39695115886605,0.0,80,20,16,60,0.0,0.4154579004316706,0.0,2504.6901408450703,165.7908641259782,0.0,0.499686926603317,0.8660254037844386,0.5000000000000001,1,0,0,0,0,0.0,0.3474530832918935,0.0,0.0,0.0,4.979467596233536,0.0,0.0,2169.1252905802544,1252.3450704225354,0.0,2504.6901408450703,0.0,125.05142793259884,72.19847557943304,0.0,0.1222195460898143,0.1411269756703764,0.0,0.0,0.0,0.0,0.0,0.0,0.0,0.0,-21692.40568410463,70131.32394366196,36818.94507042253,2122.6351820353307,-1250.580737715179,2267.5478365911927,-0.0,0.0,-519.6428571428572,1176.0,2240.0,-1.2222604142880815,0.0,0.0,0.0,0.0,0.0,0.0,0.0,0.0,0.0,3472.237818606105,200.17667915444025,0.0,0.1956435305737468,110.90354888959124,83.17766166719343,0.0,0.0,0.0,1736.1189093030528,100.08833957722013,0.0,0.0978217652868734,55.451774444795625,41.58883083359672,0.0,0.0,0.0,0.0,0.0,0.0,0.0,0.0,0.0,0.0,0.0,0.0,0.0,0.0,0.0,0.0,0.0,0.0,1.3862943611198906,0.0,0.0,0.0,0.6931471805599453,0.0,0.0,0.0,0.0,0.0,0.0,0.0,-0.0,20.37852710846239,38.816242111356935,-12.006299377556196,10.189263554231196,19.408121055678468,-6.003149688778098,0.0,0.0,-0.0,0.0,1.3862943611198906,0.6931471805599453,0.0,0.0,0.0,0.0,1.3862943611198906,0.0,0.0,0.6931471805599453,0.0,0.0,0.0,0.0,0.0,0.8660254037844386,0.5000000000000001,0.0,1.0,0.0,0.0,0.0,0.0,0.0,0.0,0.0,0.0,0.0,0.0,0.0,0.0,0.0,0.0,0.0,0.0,-0.0,0.0,0.0,0.0,-0.0,2504.6901408450703,0.1411269756703764,144.39695115886605,0.0,-8.660714285714286,0.0,1.0,0.0,0.0,0.0,0.0,0.0,0.4233809270111292,0.0,0.0,1.3862943611198906,0.6931471805599453,0.0,34.099999999999994,34.099999999999994,59.0,59.0,0.0,-8.201324884792626,85409.93380281689,147776.71830985916,0.6636379003329687,2.0794415416798357,0.0,0.0,0.0,0.9664759735136905,0.0,2.0794415416798357,218.0
-3.864516129032258,3.674193548387097,-12.53225806451613,47.2,16.270967741935483,39.0258064516129,42.67741935483871,31,0.0,27.570967741935487,26,0.0,0.0,1.0986122886681098,0.6931471805599453,0.0,0.0,-0.6298568507156688,-0.0,-1.0986122886681098,-0.6931471805599453,3.0,2.0,0,0,0,0,0,0,0,0,0,0,0,0,0,0,0,0,0,0,0,0,0,0,0,0.0,53,0,0,FED,BLM,3,Other Conservation Area,Fee,National Public Lands,OPEN ACCESS,0,0,1,0,0,1,1,0,0,0,1,0,0,3,0,0.1411269756703764,144.39695115886605,0.0,80,20,16,60,0.0,0.4154579004316706,0.0,2504.6901408450703,165.7908641259782,0.0,0.499686926603317,1.0,6.123233995736766e-17,0,1,0,0,0,0.0,0.3474530832918935,0.0,0.0,0.0,4.979467596233536,0.0,0.0,2504.6901408450703,1.5336803819209245e-13,0.0,0.0,0.0,144.39695115886605,8.8417632021671e-15,0.0,0.1411269756703764,0.0,0.0,0.0,0.0,0.0,0.0,0.0,0.0,0.0,-9679.415447523852,77645.39436619719,118221.37464788732,6815.536094698477,-558.024346736521,2349.4781343397426,-0.0,0.0,-231.87096774193543,3776.0,2480.0,-0.5453874737197126,0.0,0.0,0.0,0.0,0.0,0.0,0.0,0.0,0.0,2751.683368038253,158.63626498933908,0.0,0.1550438297340408,87.88898309344879,65.91673732008658,0.0,0.0,0.0,1736.1189093030528,100.08833957722013,0.0,0.0978217652868734,55.451774444795625,41.58883083359672,0.0,0.0,0.0,0.0,0.0,0.0,0.0,0.0,0.0,0.0,0.0,0.0,0.0,0.0,0.0,0.0,0.0,0.0,1.0986122886681098,0.0,0.0,0.0,0.6931471805599453,0.0,0.0,0.0,0.0,0.0,0.0,0.0,-0.0,51.85450002513478,34.056980948711406,-4.245604909110953,32.71654692242942,21.487562597358306,-2.678678459067143,0.0,0.0,-0.0,0.0,1.0986122886681098,0.6931471805599453,0.0,0.0,0.0,0.0,1.0986122886681098,0.0,0.0,0.6931471805599453,0.0,0.0,0.0,0.0,0.0,1.0,6.123233995736766e-17,0.0,0.0,0.0,0.0,0.0,0.0,0.0,0.0,0.0,0.0,0.0,0.0,0.0,0.0,0.0,0.0,0.0,0.0,-0.0,0.0,0.0,0.0,-0.0,2504.6901408450703,0.1411269756703764,144.39695115886605,0.0,-3.864516129032258,0.0,0.0,0.0,0.0,0.0,0.0,0.0,0.4233809270111292,0.0,0.0,1.0986122886681098,0.6931471805599453,0.0,81.3,81.3,90.0,90.0,0.0,-6.755721966205837,203631.3084507042,225422.1126760564,0.5430781023753039,1.791759469228055,0.0,0.0,0.0,0.8327680497936212,0.0,0.0,442.0
1.0466666666666666,9.113333333333332,-7.2266666666666675,30.0,16.756666666666668,41.00333333333333,39.06666666666667,29,0.0,28.01333333333333,29,0.0,0.0,1.3862943611198906,0.6931471805599453,0.0,0.0,-0.6298568507156688,-0.0,-1.3862943611198906,-0.6931471805599453,4.0,2.0,0,0,0,0,0,0,0,0,0,0,0,0,0,0,0,0,0,0,0,0,0,0,0,0.0,53,0,0,FED,BLM,3,Other Conservation Area,Fee,National Public Lands,OPEN ACCESS,0,0,1,0,0,1,1,0,0,0,1,0,0,3,0,0.1411269756703764,144.39695115886605,0.0,80,20,16,60,0.0,0.4154579004316706,0.0,2504.6901408450703,165.7908641259782,0.0,0.499686926603317,0.8660254037844387,-0.4999999999999998,0,1,0,0,0,0.0,0.3474530832918935,0.0,0.0,0.0,4.979467596233536,0.0,0.0,2169.125290580255,-1252.3450704225347,0.0,0.0,0.0,125.05142793259884,-72.198475579433,0.0,0.1222195460898143,0.0,0.0,0.0,0.0,0.0,0.0,0.0,0.0,0.0,2621.5756807511734,72636.01408450704,75140.7042253521,4331.908534765981,151.1354755462798,2419.6115782520656,0.0,0.0,62.8,2400.0,2320.0,0.1477129012016606,0.0,0.0,0.0,0.0,0.0,0.0,0.0,0.0,0.0,3472.237818606105,200.17667915444025,0.0,0.1956435305737468,110.90354888959124,83.17766166719343,0.0,0.0,0.0,1736.1189093030528,100.08833957722013,0.0,0.0978217652868734,55.451774444795625,41.58883083359672,0.0,0.0,0.0,0.0,0.0,0.0,0.0,0.0,0.0,0.0,0.0,0.0,0.0,0.0,0.0,0.0,0.0,0.0,1.3862943611198906,0.0,0.0,0.0,0.6931471805599453,0.0,0.0,0.0,0.0,0.0,0.0,0.0,0.0,41.58883083359672,40.20253647247683,1.450988097972152,20.79441541679836,20.10126823623841,0.7254940489860761,0.0,0.0,0.0,0.0,1.3862943611198906,0.6931471805599453,0.0,0.0,0.0,0.0,1.3862943611198906,0.0,0.0,0.6931471805599453,0.0,0.0,0.0,0.0,0.0,0.8660254037844387,-0.4999999999999998,0.0,0.0,0.0,-0.0,0.0,0.0,0.0,-0.0,0.0,0.0,0.0,-0.0,0.0,0.0,0.0,0.0,0.0,0.0,0.0,0.0,0.0,0.0,0.0,2504.6901408450703,0.1411269756703764,144.39695115886605,0.0,1.0466666666666666,0.0,0.0,0.0,0.0,0.0,0.0,0.0,0.4233809270111292,0.0,0.0,1.3862943611198906,0.6931471805599453,0.0,111.3,91.9,119.0,88.0,0.0,-3.826187916026626,278772.0126760563,298058.12676056335,0.6636379003329687,2.0794415416798357,0.0,0.0,0.0,0.9664759735136905,0.0,0.0,628.0
6.996774193548387,13.86774193548387,-0.5774193548387097,98.2,17.1,43.37741935483872,56.064516129032256,16,0.0,40.10967741935484,26,0.0,0.0,2.3978952727983707,0.6931471805599453,0.0,0.0,-0.6298568507156688,-0.0,-2.3978952727983707,-0.6931471805599453,11.0,2.0,0,0,0,0,0,0,0,0,0,0,0,0,0,0,0,0,0,0,0,0,0,0,0,0.0,53,0,0,FED,BLM,3,Other Conservation Area,Fee,National Public Lands,OPEN ACCESS,0,0,1,0,0,1,1,0,0,0,1,0,0,3,0,0.1411269756703764,144.39695115886605,0.0,80,20,16,60,0.0,0.4154579004316706,0.0,2504.6901408450703,165.7908641259782,0.0,0.499686926603317,0.4999999999999999,-0.8660254037844387,0,1,0,0,0,0.0,0.3474530832918935,0.0,0.0,0.0,4.979467596233536,0.0,0.0,1252.345070422535,-2169.125290580255,0.0,0.0,0.0,72.19847557943301,-125.05142793259884,0.0,0.0705634878351881,0.0,0.0,0.0,0.0,0.0,0.0,0.0,0.0,0.0,17524.751340299863,40075.042253521126,245960.57183098592,14179.780603800646,1010.3128614954207,2469.1878648166094,0.0,0.0,419.8064516129032,7856.0,1280.0,0.9874335813840208,0.0,0.0,0.0,0.0,0.0,0.0,0.0,0.0,0.0,6005.98464855708,346.2487665903421,0.0,0.3384077078243263,191.83162182386965,143.87371636790223,0.0,0.0,0.0,1736.1189093030528,100.08833957722013,0.0,0.0978217652868734,55.451774444795625,41.58883083359672,0.0,0.0,0.0,0.0,0.0,0.0,0.0,0.0,0.0,0.0,0.0,0.0,0.0,0.0,0.0,0.0,0.0,0.0,2.3978952727983707,0.0,0.0,0.0,0.6931471805599453,0.0,0.0,0.0,0.0,0.0,0.0,0.0,0.0,235.4733157888,38.36632436477393,16.77753176354731,68.06705313098662,11.090354888959125,4.84979430527265,0.0,0.0,0.0,0.0,2.3978952727983707,0.6931471805599453,0.0,0.0,0.0,0.0,2.3978952727983707,0.0,0.0,0.6931471805599453,0.0,0.0,0.0,0.0,0.0,0.4999999999999999,-0.8660254037844387,0.0,0.0,0.0,-0.0,0.0,0.0,0.0,-0.0,0.0,0.0,0.0,-0.0,0.0,0.0,0.0,0.0,0.0,0.0,0.0,0.0,0.0,0.0,0.0,2504.6901408450703,0.1411269756703764,144.39695115886605,0.0,6.996774193548387,0.0,0.0,0.0,0.0,0.0,0.0,0.0,0.4233809270111292,0.0,0.0,2.3978952727983707,0.6931471805599453,0.0,209.5,175.39999999999998,135.0,76.0,0.0,1.3929749103942657,524732.5845070422,338133.1690140845,1.131624038143282,3.091042453358316,0.0,0.0,0.0,1.4366445049800718,0.0,0.0,1778.0
15.336666666666668,23.45,6.17,25.8,17.59,45.12,42.766666666666666,1,0.4299999999999999,40.52,29,0.0,0.0,2.6390573296152584,0.6931471805599453,0.0,0.0,-0.6298568507156688,-0.0,-2.6390573296152584,-0.6931471805599453,14.0,2.0,0,0,0,0,0,0,0,0,0,0,0,0,0,0,0,0,0,0,0,0,0,0,0,0.0,53,0,0,FED,BLM,3,Other Conservation Area,Fee,National Public Lands,OPEN ACCESS,0,0,1,0,0,1,1,0,0,0,1,0,0,3,0,0.1411269756703764,144.39695115886605,0.0,80,20,16,60,0.0,0.4154579004316706,0.0,2504.6901408450703,165.7908641259782,0.0,0.499686926603317,1.2246467991473532e-16,-1.0,0,0,1,0,1,0.0,0.3474530832918935,0.0,0.0,0.0,4.979467596233536,0.0,0.0,3.067360763841849e-13,-2504.6901408450703,2504.6901408450703,0.0,144.39695115886605,1.76835264043342e-14,-144.39695115886605,0.1411269756703764,1.7283069902807285e-17,0.0,0.0,0.0,0.0,0.0,0.0,0.0,0.0,0.0,38413.59779342723,2504.6901408450703,64621.005633802815,3725.441339898744,2214.567907606476,2539.942370884454,0.0,0.0,920.2,2064.0,80.0,2.16441738353134,0.0,0.0,0.0,0.0,0.0,0.0,0.0,0.0,0.0,6610.020874612257,381.0718323299019,0.0,0.3724421795493411,211.12458636922068,158.34343977691552,0.0,0.0,0.0,1736.1189093030528,100.08833957722013,0.0,0.0978217652868734,55.451774444795625,41.58883083359672,0.0,0.0,0.0,0.0,0.0,0.0,0.0,0.0,0.0,0.0,0.0,0.0,0.0,0.0,0.0,0.0,0.0,0.0,2.6390573296152584,0.0,0.0,0.0,0.6931471805599453,0.0,0.0,0.0,0.0,0.0,0.0,0.0,0.0,68.08767910407367,2.6390573296152584,40.474342578532685,17.88319725844659,0.6931471805599453,10.630567259187696,0.0,0.0,0.0,0.0,2.6390573296152584,0.6931471805599453,0.0,0.0,0.0,0.0,2.6390573296152584,0.0,0.0,0.6931471805599453,0.0,0.0,0.0,0.0,0.0,1.2246467991473532e-16,-1.0,1.0,0.0,0.0,-0.0,0.0,0.0,0.0,-0.0,0.0,0.0,0.0,-0.0,0.0,0.0,0.0,0.0,0.0,0.0,0.0,0.0,0.0,0.0,0.0,2504.6901408450703,0.1411269756703764,144.39695115886605,0.0,15.336666666666668,1.0,0.0,0.0,0.0,0.0,0.0,0.0,0.4233809270111292,0.0,0.0,2.6390573296152584,0.6931471805599453,0.0,235.3,154.0,136.0,46.0,0.4299999999999999,7.793369175627241,589353.590140845,340637.8591549296,1.247554925778985,3.332204510175204,0.0,0.0,1.0,1.548731009440485,3.332204510175204,0.0,5106.0
17.345161290322583,25.10967741935484,9.51290322580645,58.6,14.777419354838708,38.7483870967742,42.516129032258064,0,0.2870967741935484,46.95806451612904,29,0.0,0.0,2.772588722239781,1.0986122886681098,0.0,0.0,-0.6298568507156688,-0.0,-2.772588722239781,-1.0986122886681098,17.0,2.0,0,0,0,0,0,0,0,0,0,0,0,0,0,0,0,0,0,0,0,0,0,0,0,0.0,53,0,0,FED,BLM,3,Other Conservation Area,Fee,National Public Lands,OPEN ACCESS,0,0,1,0,0,1,1,0,0,0,1,0,0,3,0,0.1411269756703764,144.39695115886605,0.0,80,20,16,60,0.0,0.4154579004316706,0.0,2504.6901408450703,165.7908641259782,0.0,0.499686926603317,-0.4999999999999997,-0.8660254037844388,0,0,1,0,1,0.0,0.3474530832918935,0.0,0.0,0.0,4.979467596233536,0.0,0.0,-1252.3450704225345,-2169.125290580255,2504.6901408450703,0.0,144.39695115886605,-72.19847557943298,-125.05142793259886,0.1411269756703764,-0.0705634878351881,0.0,0.0,-0.0,0.0,-0.0,0.0,-0.0,0.0,-0.0,43444.25447523853,0.0,146774.8422535211,8461.66133790955,2504.588407681364,2133.8143008347265,0.0,0.0,1040.7096774193549,4688.0,0.0,2.44787015541811,0.0,0.0,0.0,0.0,0.0,0.0,0.0,0.0,0.0,6944.475637212211,400.3533583088805,0.0,0.3912870611474936,221.8070977791825,166.35532333438687,0.0,0.0,0.0,2751.683368038253,158.63626498933908,0.0,0.1550438297340408,87.88898309344879,65.91673732008658,0.0,0.0,0.0,0.0,0.0,0.0,0.0,0.0,0.0,0.0,0.0,0.0,0.0,0.0,0.0,0.0,0.0,0.0,2.772588722239781,0.0,0.0,0.0,1.0986122886681098,0.0,0.0,0.0,0.0,0.0,0.0,0.0,0.0,162.47369912325118,0.0,48.0909985789784,64.37868011595124,0.0,19.0556073424788,0.0,0.0,0.0,0.0,2.772588722239781,1.0986122886681098,0.0,0.0,0.0,0.0,2.772588722239781,0.0,0.0,1.0986122886681098,0.0,0.0,0.0,0.0,0.0,-0.4999999999999997,-0.8660254037844388,1.0,0.0,-0.0,-0.0,0.0,0.0,-0.0,-0.0,0.0,0.0,-0.0,-0.0,0.0,0.0,0.0,0.0,0.0,0.0,0.0,0.0,0.0,0.0,0.0,2504.6901408450703,0.1411269756703764,144.39695115886605,0.0,17.345161290322583,1.0,0.0,0.0,0.0,0.0,0.0,0.0,0.4233809270111292,0.0,0.0,2.772588722239781,1.0986122886681098,0.0,293.9,182.6,136.0,17.0,0.7170967741935483,13.22620071684588,736128.4323943661,340637.8591549296,1.309917028770682,3.8712010109078907,0.0,0.0,1.0,1.7992440233073117,3.8712010109078907,0.0,5556.0
17.0,24.958064516129035,8.66451612903226,17.1,15.912903225806453,40.53548387096774,33.61290322580645,0,0.1870967741935484,40.74193548387097,30,1.0,0.0,2.8903717578961645,0.0,2.6390573296152584,2.6390573296152584,-0.6298568507156688,-0.0,-2.8903717578961645,-0.0,30.0,2.0,0,0,0,0,0,0,0,0,0,0,0,0,0,0,0,0,0,0,0,0,0,0,0,0.0,53,0,0,FED,BLM,3,Other Conservation Area,Fee,National Public Lands,OPEN ACCESS,0,0,1,0,0,1,1,0,0,0,1,0,0,3,0,0.1411269756703764,144.39695115886605,0.0,80,20,16,60,0.0,0.4154579004316706,0.0,2504.6901408450703,165.7908641259782,0.0,0.499686926603317,-0.8660254037844385,-0.5000000000000004,0,0,1,0,1,0.0,0.3474530832918935,0.0,0.0,0.0,4.979467596233536,0.0,0.0,-2169.125290580254,-1252.3450704225363,2504.6901408450703,0.0,144.39695115886605,-125.0514279325988,-72.1984755794331,0.1411269756703764,-0.1222195460898143,0.0,0.0,-0.0,0.0,-0.0,0.0,-0.0,0.0,-0.0,42579.7323943662,0.0,42830.20140845071,2469.1878648166094,2454.748169700723,2297.774709892536,0.0,0.0,1020.0,1368.0,0.0,2.399158586396399,0.0,0.0,0.0,0.0,0.0,0.0,0.0,0.0,0.0,7239.485645379558,417.3608695558983,0.0,0.4079094247549551,231.2297406316932,173.42230547376988,0.0,0.0,0.0,0.0,0.0,0.0,0.0,0.0,0.0,0.0,0.0,0.0,6610.020874612257,381.0718323299019,0.0,0.3724421795493411,211.12458636922068,158.34343977691552,0.0,0.0,0.0,0.0,0.0,0.0,0.0,0.0,0.0,2.8903717578961645,0.0,0.0,0.0,0.0,0.0,0.0,0.0,2.6390573296152584,0.0,0.0,0.0,0.0,49.42535706002442,0.0,49.1363198842348,0.0,0.0,0.0,45.12788033642092,0.0,44.86397460345939,0.0,2.8903717578961645,0.0,2.6390573296152584,0.0,0.0,0.0,2.8903717578961645,0.0,0.0,0.0,0.0,0.0,2.6390573296152584,0.0,0.0,-0.8660254037844385,-0.5000000000000004,1.0,0.0,-0.0,-0.0,0.0,0.0,-0.0,-0.0,0.0,0.0,-0.0,-0.0,0.0,0.0,0.0,0.0,0.0,0.0,0.0,0.0,0.0,0.0,0.0,2504.6901408450703,0.1411269756703764,144.39695115886605,0.0,17.0,1.0,0.0,0.0,0.0,0.0,0.0,0.0,0.4233809270111292,0.0,0.0,2.8903717578961645,0.0,2.6390573296152584,311.0,101.5,136.0,1.0,0.9041935483870966,16.560609318996416,778958.6338028169,340637.8591549296,1.5995026288803478,5.5294290875114225,0.0,0.0,1.0,2.5699497933519333,5.5294290875114225,0.0,4831.0
14.263333333333332,22.64,6.236666666666666,19.9,16.683333333333334,42.66333333333333,31.433333333333334,1,0.1033333333333332,37.830000000000005,29,1.0,0.0,2.4849066497880004,0.0,2.8903717578961645,2.8903717578961645,-0.6298568507156688,-0.0,-2.4849066497880004,-0.0,28.0,2.0,0,0,0,0,0,0,0,0,0,0,0,0,0,0,0,0,0,0,0,0,0,0,0,0.0,53,0,0,FED,BLM,3,Other Conservation Area,Fee,National Public Lands,OPEN ACCESS,0,0,1,0,0,1,1,0,0,0,1,0,0,3,0,0.1411269756703764,144.39695115886605,0.0,80,20,16,60,0.0,0.4154579004316706,0.0,2504.6901408450703,165.7908641259782,0.0,0.499686926603317,-1.0,-1.8369701987210292e-16,0,0,0,1,0,0.0,0.3474530832918935,0.0,0.0,0.0,4.979467596233536,0.0,0.0,-2504.6901408450703,-4.601041145762772e-13,0.0,0.0,0.0,-144.39695115886605,-2.6525289606501297e-14,0.0,-0.1411269756703764,0.0,0.0,-0.0,0.0,-0.0,0.0,-0.0,0.0,-0.0,35725.23037558685,2504.6901408450703,49843.333802816895,2873.499328061434,2059.581846695959,2409.022468500415,0.0,0.0,855.8,1592.0,80.0,2.012941096311802,0.0,0.0,0.0,0.0,0.0,0.0,0.0,0.0,0.0,6223.921186644358,358.81294414377936,0.0,0.3506873603077877,198.79253198304,149.09439898728002,0.0,0.0,0.0,0.0,0.0,0.0,0.0,0.0,0.0,0.0,0.0,0.0,7239.485645379558,417.3608695558983,0.0,0.4079094247549551,231.2297406316932,173.42230547376988,0.0,0.0,0.0,0.0,0.0,0.0,0.0,0.0,0.0,2.4849066497880004,0.0,0.0,0.0,0.0,0.0,0.0,0.0,2.8903717578961645,0.0,0.0,0.0,0.0,49.4496423307812,2.4849066497880004,35.443051848142844,0.0,0.0,0.0,57.51839798213367,2.8903717578961645,41.22633584012562,0.0,2.4849066497880004,0.0,2.8903717578961645,0.0,0.0,0.0,2.4849066497880004,0.0,0.0,0.0,0.0,0.0,2.8903717578961645,0.0,0.0,-1.0,-1.8369701987210292e-16,0.0,0.0,-0.0,-0.0,0.0,0.0,-0.0,-0.0,0.0,0.0,-0.0,-0.0,0.0,0.0,0.0,0.0,0.0,0.0,0.0,0.0,0.0,0.0,0.0,2504.6901408450703,0.1411269756703764,144.39695115886605,0.0,14.263333333333332,0.0,0.0,0.0,0.0,0.0,0.0,0.0,0.4233809270111292,0.0,0.0,2.4849066497880004,0.0,2.8903717578961645,330.9,95.6,137.0,1.0,1.00752688172043,16.20283154121864,828801.9676056338,343142.54929577466,1.560513320137051,5.375278407684165,0.0,0.0,0.0,2.4983041493808638,0.0,0.0,2126.0
5.903225806451613,13.790322580645162,-1.1161290322580646,8.4,17.19677419354839,41.88387096774194,33.83870967741935,20,0.0,30.387096774193548,28,1.0,0.0,1.6094379124341005,0.6931471805599453,0.0,0.0,-0.6298568507156688,-0.0,-1.6094379124341005,-0.6931471805599453,5.0,2.0,0,0,0,0,0,0,0,0,0,0,0,0,0,0,0,0,0,0,0,0,0,0,0,0.0,53,0,0,FED,BLM,3,Other Conservation Area,Fee,National Public Lands,OPEN ACCESS,0,0,1,0,0,1,1,0,0,0,1,0,0,3,0,0.1411269756703764,144.39695115886605,0.0,80,20,16,60,0.0,0.4154579004316706,0.0,2504.6901408450703,165.7908641259782,0.0,0.499686926603317,-0.8660254037844386,0.5000000000000001,0,0,0,1,0,0.0,0.3474530832918935,0.0,0.0,0.0,4.979467596233536,0.0,0.0,-2169.1252905802544,1252.3450704225354,0.0,0.0,0.0,-125.05142793259884,72.19847557943304,0.0,-0.1222195460898143,0.0,0.0,-0.0,0.0,-0.0,0.0,-0.0,0.0,-0.0,14785.751476601545,50093.80281690141,21039.39718309859,1212.9343897344747,852.4078084539511,2483.161763315855,0.0,0.0,354.1935483870968,672.0,1600.0,0.833104404763835,0.0,0.0,0.0,0.0,0.0,0.0,0.0,0.0,0.0,4031.1432715759634,232.3979276349741,0.0,0.2271351051110686,128.75503299472803,96.56627474604603,0.0,0.0,0.0,1736.1189093030528,100.08833957722013,0.0,0.0978217652868734,55.451774444795625,41.58883083359672,0.0,0.0,0.0,0.0,0.0,0.0,0.0,0.0,0.0,0.0,0.0,0.0,0.0,0.0,0.0,0.0,0.0,0.0,1.6094379124341005,0.0,0.0,0.0,0.6931471805599453,0.0,0.0,0.0,0.0,0.0,0.0,0.0,0.0,13.519278464446446,32.18875824868201,9.500875418562591,5.8224363167035404,13.862943611198906,4.091804323950645,0.0,0.0,0.0,0.0,1.6094379124341005,0.6931471805599453,0.0,0.0,0.0,0.0,1.6094379124341005,0.0,0.0,0.6931471805599453,0.0,0.0,0.0,0.0,0.0,-0.8660254037844386,0.5000000000000001,0.0,0.0,-0.0,0.0,0.0,0.0,-0.0,0.0,0.0,0.0,-0.0,0.0,0.0,0.0,0.0,0.0,0.0,0.0,0.0,0.0,0.0,0.0,0.0,2504.6901408450703,0.1411269756703764,144.39695115886605,0.0,5.903225806451613,0.0,0.0,0.0,0.0,0.0,0.0,0.0,0.4233809270111292,0.0,0.0,1.6094379124341005,0.6931471805599453,0.0,339.3,45.399999999999984,157.0,21.0,1.00752688172043,12.38885304659498,849841.3647887324,393236.352112676,0.7627295021344586,2.302585092994046,0.0,0.0,0.0,1.0701878964829143,0.0,0.0,685.0
2.4733333333333336,10.78,-4.126666666666667,10.7,15.37,34.623333333333335,43.766666666666666,30,0.0,26.673333333333336,27,1.0,0.0,0.0,0.0,0.0,0.0,-0.6298568507156688,-0.0,-0.0,-0.0,0.0,0.0,0,0,0,0,0,0,0,0,0,0,0,0,0,0,0,0,0,0,0,0,0,0,0,0.0,53,0,0,FED,BLM,3,Other Conservation Area,Fee,National Public Lands,OPEN ACCESS,0,0,1,0,0,1,1,0,0,0,1,0,0,3,0,0.1411269756703764,144.39695115886605,0.0,80,20,16,60,0.0,0.4154579004316706,0.0,2504.6901408450703,165.7908641259782,0.0,0.499686926603317,-0.5000000000000004,0.8660254037844384,0,0,0,1,0,0.0,0.3474530832918935,0.0,0.0,0.0,4.979467596233536,0.0,0.0,-1252.3450704225363,2169.125290580254,0.0,0.0,0.0,-72.1984755794331,125.0514279325988,0.0,-0.0705634878351882,0.0,0.0,-0.0,0.0,-0.0,0.0,-0.0,0.0,-0.0,6194.933615023475,75140.7042253521,26800.18450704225,1545.0473773998665,357.1417925329287,2219.381139311771,0.0,0.0,148.4,856.0,2400.0,0.3490540531580643,0.0,0.0,0.0,0.0,0.0,0.0,0.0,0.0,0.0,0.0,0.0,0.0,0.0,0.0,0.0,0.0,0.0,0.0,0.0,0.0,0.0,0.0,0.0,0.0,0.0,0.0,0.0,0.0,0.0,0.0,0.0,0.0,0.0,0.0,0.0,0.0,0.0,0.0,0.0,0.0,0.0,0.0,0.0,0.0,0.0,0.0,0.0,0.0,0.0,0.0,0.0,0.0,0.0,0.0,0.0,0.0,0.0,0.0,0.0,0.0,0.0,0.0,0.0,0.0,0.0,0.0,0.0,0.0,0.0,0.0,0.0,0.0,0.0,0.0,0.0,0.0,0.0,0.0,0.0,0.0,-0.5000000000000004,0.8660254037844384,0.0,0.0,-0.0,0.0,0.0,0.0,-0.0,0.0,0.0,0.0,-0.0,0.0,0.0,0.0,0.0,0.0,0.0,0.0,0.0,0.0,0.0,0.0,0.0,2504.6901408450703,0.1411269756703764,144.39695115886605,0.0,2.4733333333333336,0.0,0.0,0.0,0.0,0.0,0.0,0.0,0.4233809270111292,0.0,0.0,0.0,0.0,0.0,350.0,38.99999999999999,187.0,51.0,1.00752688172043,7.54663082437276,876641.5492957747,468377.05633802817,0.0,0.0,0.0,0.0,0.0,0.0,0.0,0.0,351.0
-1.4161290322580644,5.535483870967742,-7.290322580645161,14.5,16.951612903225808,39.02258064516129,46.516129032258064,31,0.0,21.43870967741936,24,1.0,0.0,0.6931471805599453,0.6931471805599453,0.0,0.0,-0.6298568507156688,-0.0,-0.6931471805599453,-0.6931471805599453,2.0,2.0,0,0,0,0,0,0,0,0,0,0,0,0,0,0,0,0,0,0,0,0,0,0,0,0.0,53,0,0,FED,BLM,3,Other Conservation Area,Fee,National Public Lands,OPEN ACCESS,0,0,1,0,0,1,1,0,0,0,1,0,0,3,0,0.1411269756703764,144.39695115886605,0.0,80,20,16,60,0.0,0.4154579004316706,0.0,2504.6901408450703,165.7908641259782,0.0,0.499686926603317,-2.4492935982947064e-16,1.0,1,0,0,0,0,0.0,0.3474530832918935,0.0,0.0,0.0,4.979467596233536,0.0,0.0,-6.134721527683698e-13,2504.6901408450703,0.0,2504.6901408450703,0.0,-3.53670528086684e-14,144.39695115886605,0.0,-3.456613980561457e-17,0.1411269756703764,0.0,-0.0,0.0,-0.0,0.0,-0.0,0.0,-0.0,-3546.9644252612447,77645.39436619719,36318.00704225352,2093.7557918035577,-204.48471470562,2447.7612204511006,-0.0,0.0,-84.96774193548387,1160.0,2480.0,-0.1998540074815975,0.0,0.0,0.0,0.0,0.0,0.0,0.0,0.0,0.0,1736.1189093030528,100.08833957722013,0.0,0.0978217652868734,55.451774444795625,41.58883083359672,0.0,0.0,0.0,1736.1189093030528,100.08833957722013,0.0,0.0978217652868734,55.451774444795625,41.58883083359672,0.0,0.0,0.0,0.0,0.0,0.0,0.0,0.0,0.0,0.0,0.0,0.0,0.0,0.0,0.0,0.0,0.0,0.0,0.6931471805599453,0.0,0.0,0.0,0.6931471805599453,0.0,0.0,0.0,0.0,0.0,0.0,0.0,-0.0,10.050634118119207,21.487562597358306,-0.9815858460187612,10.050634118119207,21.487562597358306,-0.9815858460187612,0.0,0.0,-0.0,0.0,0.6931471805599453,0.6931471805599453,0.0,0.0,0.0,0.0,0.6931471805599453,0.0,0.0,0.6931471805599453,0.0,0.0,0.0,0.0,0.0,-2.4492935982947064e-16,1.0,0.0,1.0,-0.0,0.0,0.0,0.0,-0.0,0.0,0.0,0.0,-0.0,0.0,0.0,0.0,0.0,0.0,0.0,0.0,-0.0,0.0,0.0,0.0,-0.0,2504.6901408450703,0.1411269756703764,144.39695115886605,0.0,-1.4161290322580644,0.0,1.0,0.0,0.0,0.0,0.0,0.0,0.4233809270111292,0.0,0.0,0.6931471805599453,0.6931471805599453,0.0,364.5,33.59999999999999,218.0,81.0,1.00752688172043,2.3201433691756272,912959.5563380282,546022.4507042253,0.4001887112843145,1.3862943611198906,0.0,0.0,0.0,0.6443173156757936,0.0,1.3862943611198906,256.0
-6.367741935483871,1.7935483870967743,-13.819354838709677,18.0,15.448387096774194,33.66451612903226,49.96774193548387,31,0.0,21.95483870967742,24,1.0,0.0,1.0986122886681098,0.6931471805599453,0.0,0.0,0.3701431492843312,0.0,0.0,0.0,3.0,2.0,0,0,0,0,0,0,0,0,0,0,0,0,0,0,0,0,0,0,0,0,0,0,0,0.0,53,0,0,FED,BLM,3,Other Conservation Area,Fee,National Public Lands,OPEN ACCESS,0,0,1,0,0,1,1,0,0,0,1,0,0,3,0,0.1411269756703764,144.39695115886605,0.0,80,20,16,60,0.0,0.4154579004316706,0.0,2504.6901408450703,165.7908641259782,0.0,0.499686926603317,0.4999999999999999,0.8660254037844387,1,0,0,0,0,0.0,0.3474530832918935,0.0,0.0,0.0,4.979467596233536,0.0,0.0,1252.345070422535,2169.125290580255,0.0,2504.6901408450703,0.0,72.19847557943301,125.05142793259884,0.0,0.0705634878351881,0.1411269756703764,0.0,0.0,0.0,0.0,0.0,0.0,0.0,0.0,-15949.220445252158,77645.39436619719,45084.42253521127,2599.145120859589,-919.4825212503276,2230.69999709616,-0.0,0.0,-382.06451612903226,1440.0,2480.0,-0.898660161204268,0.0,0.0,0.0,0.0,0.0,0.0,0.0,0.0,0.0,2751.683368038253,158.63626498933908,0.0,0.1550438297340408,87.88898309344879,65.91673732008658,0.0,0.0,0.0,1736.1189093030528,100.08833957722013,0.0,0.0978217652868734,55.451774444795625,41.58883083359672,0.0,0.0,0.0,0.0,0.0,0.0,0.0,0.0,0.0,0.0,0.0,0.0,0.0,0.0,0.0,0.0,0.0,0.0,1.0986122886681098,0.0,0.0,0.0,0.6931471805599453,0.0,0.0,0.0,0.0,0.0,0.0,0.0,-0.0,19.77502119602597,34.056980948711406,-6.995679541389835,12.476649250079015,21.487562597358306,-4.413782369113974,0.0,0.0,-0.0,0.0,1.0986122886681098,0.6931471805599453,0.0,0.0,0.0,0.0,1.0986122886681098,0.0,0.0,0.6931471805599453,0.0,0.0,0.0,0.0,0.0,0.4999999999999999,0.8660254037844387,0.0,1.0,0.0,0.0,0.0,0.0,0.0,0.0,0.0,0.0,0.0,0.0,0.0,0.0,0.0,0.0,0.0,0.0,-0.0,0.0,0.0,0.0,-0.0,2504.6901408450703,0.1411269756703764,144.39695115886605,0.0,-6.367741935483871,0.0,1.0,0.0,0.0,0.0,0.0,0.0,0.4233809270111292,0.0,0.0,1.0986122886681098,0.6931471805599453,0.0,18.0,43.19999999999999,31.0,92.0,0.0,-1.770179211469534,45084.42253521127,77645.39436619719,0.5430781023753039,1.791759469228055,0.0,0.0,0.0,0.8327680497936212,0.0,1.791759469228055,260.0
-9.292857142857144,-0.307142857142857,-18.185714285714287,28.4,15.703571428571427,34.08571428571428,41.25,28,0.0,20.67142857142857,24,1.0,0.0,0.6931471805599453,0.0,0.0,0.0,0.3701431492843312,0.0,0.0,0.0,1.0,1.0,0,0,0,0,0,0,0,0,0,0,0,0,0,0,0,0,0,0,0,0,0,0,0,0.0,53,0,0,FED,BLM,3,Other Conservation Area,Fee,National Public Lands,OPEN ACCESS,0,0,1,0,0,1,1,0,0,0,1,0,0,3,0,0.1411269756703764,144.39695115886605,0.0,80,20,16,60,0.0,0.4154579004316706,0.0,2504.6901408450703,165.7908641259782,0.0,0.499686926603317,0.8660254037844386,0.5000000000000001,1,0,0,0,0,0.0,0.3474530832918935,0.0,0.0,0.0,4.979467596233536,0.0,0.0,2169.1252905802544,1252.3450704225354,0.0,2504.6901408450703,0.0,125.05142793259884,72.19847557943304,0.0,0.1222195460898143,0.1411269756703764,0.0,0.0,0.0,0.0,0.0,0.0,0.0,0.0,-23275.72766599598,70131.32394366196,71133.2,4100.873412911796,-1341.8602389834623,2267.5478365911927,-0.0,0.0,-557.5714285714287,2272.0,2240.0,-1.3114728239082838,0.0,0.0,0.0,0.0,0.0,0.0,0.0,0.0,0.0,1736.1189093030528,100.08833957722013,0.0,0.0978217652868734,55.451774444795625,41.58883083359672,0.0,0.0,0.0,0.0,0.0,0.0,0.0,0.0,0.0,0.0,0.0,0.0,0.0,0.0,0.0,0.0,0.0,0.0,0.0,0.0,0.0,0.0,0.0,0.0,0.0,0.0,0.0,0.6931471805599453,0.0,0.0,0.0,0.0,0.0,0.0,0.0,0.0,0.0,0.0,0.0,-0.0,19.68537992790245,19.408121055678468,-6.441317727917778,0.0,0.0,-0.0,0.0,0.0,-0.0,0.0,0.6931471805599453,0.0,0.0,0.0,0.0,0.0,0.6931471805599453,0.0,0.0,0.0,0.0,0.0,0.0,0.0,0.0,0.8660254037844386,0.5000000000000001,0.0,1.0,0.0,0.0,0.0,0.0,0.0,0.0,0.0,0.0,0.0,0.0,0.0,0.0,0.0,0.0,0.0,0.0,-0.0,0.0,0.0,0.0,-0.0,2504.6901408450703,0.1411269756703764,144.39695115886605,0.0,-9.292857142857144,0.0,1.0,0.0,0.0,0.0,0.0,0.0,0.4233809270111292,0.0,0.0,0.6931471805599453,0.0,0.0,46.4,60.899999999999984,59.0,90.0,0.0,-5.692242703533027,116217.62253521128,147776.71830985916,0.3465735902799726,0.6931471805599453,0.0,0.0,0.0,0.3221586578378968,0.0,0.6931471805599453,180.0
-3.435483870967742,4.990322580645161,-11.87741935483871,36.5,17.193548387096776,40.251612903225805,53.774193548387096,31,0.0,25.661290322580644,24,1.0,0.0,1.0986122886681098,0.6931471805599453,0.0,0.0,0.3701431492843312,0.0,0.0,0.0,3.0,2.0,0,0,0,0,0,0,0,0,0,0,0,0,0,0,0,0,0,0,0,0,0,0,0,0.0,53,0,0,FED,BLM,3,Other Conservation Area,Fee,National Public Lands,OPEN ACCESS,0,0,1,0,0,1,1,0,0,0,1,0,0,3,0,0.1411269756703764,144.39695115886605,0.0,80,20,16,60,0.0,0.4154579004316706,0.0,2504.6901408450703,165.7908641259782,0.0,0.499686926603317,1.0,6.123233995736766e-17,0,1,0,0,0,0.0,0.3474530832918935,0.0,0.0,0.0,4.979467596233536,0.0,0.0,2504.6901408450703,1.5336803819209245e-13,0.0,0.0,0.0,144.39695115886605,8.8417632021671e-15,0.0,0.1411269756703764,0.0,0.0,0.0,0.0,0.0,0.0,0.0,0.0,0.0,-8604.822580645161,77645.39436619719,91421.19014084506,5270.488717298611,-496.0733967232011,2482.6959666992134,-0.0,0.0,-206.1290322580645,2920.0,2480.0,-0.4848394486740351,0.0,0.0,0.0,0.0,0.0,0.0,0.0,0.0,0.0,2751.683368038253,158.63626498933908,0.0,0.1550438297340408,87.88898309344879,65.91673732008658,0.0,0.0,0.0,1736.1189093030528,100.08833957722013,0.0,0.0978217652868734,55.451774444795625,41.58883083359672,0.0,0.0,0.0,0.0,0.0,0.0,0.0,0.0,0.0,0.0,0.0,0.0,0.0,0.0,0.0,0.0,0.0,0.0,1.0986122886681098,0.0,0.0,0.0,0.6931471805599453,0.0,0.0,0.0,0.0,0.0,0.0,0.0,-0.0,40.09934853638601,34.056980948711406,-3.774264798166248,25.299872090438004,21.487562597358306,-2.381295959020457,0.0,0.0,-0.0,0.0,1.0986122886681098,0.6931471805599453,0.0,0.0,0.0,0.0,1.0986122886681098,0.0,0.0,0.6931471805599453,0.0,0.0,0.0,0.0,0.0,1.0,6.123233995736766e-17,0.0,0.0,0.0,0.0,0.0,0.0,0.0,0.0,0.0,0.0,0.0,0.0,0.0,0.0,0.0,0.0,0.0,0.0,-0.0,0.0,0.0,0.0,-0.0,2504.6901408450703,0.1411269756703764,144.39695115886605,0.0,-3.435483870967742,0.0,0.0,0.0,0.0,0.0,0.0,0.0,0.4233809270111292,0.0,0.0,1.0986122886681098,0.6931471805599453,0.0,82.9,82.89999999999998,90.0,90.0,0.0,-6.36536098310292,207638.81267605635,225422.1126760564,0.5430781023753039,1.791759469228055,0.0,0.0,0.0,0.8327680497936212,0.0,0.0,448.0
3.57,10.923333333333334,-4.233333333333333,19.8,21.51,51.586666666666666,45.56666666666667,26,0.0,24.17,29,1.0,0.0,1.6094379124341005,0.0,1.0986122886681098,1.0986122886681098,0.3701431492843312,0.0,0.0,0.0,6.0,2.0,0,0,0,0,0,0,0,0,0,0,0,0,0,0,0,0,0,0,0,0,0,0,0,0.0,53,0,0,FED,BLM,3,Other Conservation Area,Fee,National Public Lands,OPEN ACCESS,0,0,1,0,0,1,1,0,0,0,1,0,0,3,0,0.1411269756703764,144.39695115886605,0.0,80,20,16,60,0.0,0.4154579004316706,0.0,2504.6901408450703,165.7908641259782,0.0,0.499686926603317,0.8660254037844387,-0.4999999999999998,0,1,0,0,0,0.0,0.3474530832918935,0.0,0.0,0.0,4.979467596233536,0.0,0.0,2169.125290580255,-1252.3450704225347,0.0,0.0,0.0,125.05142793259884,-72.198475579433,0.0,0.1222195460898143,0.0,0.0,0.0,0.0,0.0,0.0,0.0,0.0,0.0,8941.7438028169,65121.94366197183,49592.8647887324,2859.059632945548,515.4971156371518,3105.978419427209,0.0,0.0,214.2,1584.0,2080.0,0.5038233031432438,0.0,0.0,0.0,0.0,0.0,0.0,0.0,0.0,0.0,4031.1432715759634,232.3979276349741,0.0,0.2271351051110686,128.75503299472803,96.56627474604603,0.0,0.0,0.0,0.0,0.0,0.0,0.0,0.0,0.0,0.0,0.0,0.0,2751.683368038253,158.63626498933908,0.0,0.1550438297340408,87.88898309344879,65.91673732008658,0.0,0.0,0.0,0.0,0.0,0.0,0.0,0.0,0.0,1.6094379124341005,0.0,0.0,0.0,0.0,0.0,0.0,0.0,1.0986122886681098,0.0,0.0,0.0,0.0,31.86687066619519,41.84538572328661,5.7456933473897385,0.0,0.0,0.0,21.752523315628576,28.56391950537085,3.922045870545152,0.0,1.6094379124341005,0.0,1.0986122886681098,0.0,0.0,0.0,1.6094379124341005,0.0,0.0,0.0,0.0,0.0,1.0986122886681098,0.0,0.0,0.8660254037844387,-0.4999999999999998,0.0,0.0,0.0,-0.0,0.0,0.0,0.0,-0.0,0.0,0.0,0.0,-0.0,0.0,0.0,0.0,0.0,0.0,0.0,0.0,0.0,0.0,0.0,0.0,2504.6901408450703,0.1411269756703764,144.39695115886605,0.0,3.57,0.0,0.0,0.0,0.0,0.0,0.0,0.0,0.4233809270111292,0.0,0.0,1.6094379124341005,0.0,1.0986122886681098,102.7,84.69999999999999,116.0,85.0,0.0,-3.052780337941629,257231.67746478872,290544.05633802817,0.809084952661624,2.7080502011022105,0.0,0.0,0.0,1.258638630600742,0.0,0.0,583.0
8.019354838709678,16.067741935483873,-0.2645161290322579,87.7,20.13225806451613,48.00967741935484,53.096774193548384,17,0.0,32.035483870967745,28,1.0,0.0,3.091042453358316,0.6931471805599453,1.6094379124341005,1.6094379124341005,0.3701431492843312,0.0,0.0,0.0,26.0,3.0,0,0,0,0,0,0,0,0,0,0,0,0,0,0,0,0,0,0,0,0,0,0,0,0.0,53,0,0,FED,BLM,3,Other Conservation Area,Fee,National Public Lands,OPEN ACCESS,0,0,1,0,0,1,1,0,0,0,1,0,0,3,0,0.1411269756703764,144.39695115886605,0.0,80,20,16,60,0.0,0.4154579004316706,0.0,2504.6901408450703,165.7908641259782,0.0,0.499686926603317,0.4999999999999999,-0.8660254037844387,0,1,0,0,0,0.0,0.3474530832918935,0.0,0.0,0.0,4.979467596233536,0.0,0.0,1252.345070422535,-2169.125290580255,0.0,0.0,0.0,72.19847557943301,-125.05142793259884,0.0,0.0705634878351881,0.0,0.0,0.0,0.0,0.0,0.0,0.0,0.0,0.0,20085.99900045434,42579.7323943662,219661.32535211268,12663.612616632552,1157.970388970777,2907.0366844596224,0.0,0.0,481.1612903225807,7016.0,1360.0,1.131747295214696,0.0,0.0,0.0,0.0,0.0,0.0,0.0,0.0,0.0,7742.103557860132,446.33710616756224,0.0,0.4362294731111997,247.28339626866529,185.46254720149892,0.0,0.0,0.0,1736.1189093030528,100.08833957722013,0.0,0.0978217652868734,55.451774444795625,41.58883083359672,0.0,0.0,0.0,4031.1432715759634,232.3979276349741,0.0,0.2271351051110686,128.75503299472803,96.56627474604603,0.0,0.0,0.0,0.0,0.0,0.0,0.0,0.0,0.0,3.091042453358316,0.0,0.0,0.0,0.6931471805599453,0.0,0.0,0.0,1.6094379124341005,0.0,0.0,0.0,0.0,271.0844231595243,52.54772170709137,24.78816625499605,60.789007735107205,11.78350206951907,5.558593196361368,141.14770492047063,27.360444511379708,12.906653710681208,0.0,3.091042453358316,0.6931471805599453,1.6094379124341005,0.0,0.0,0.0,3.091042453358316,0.0,0.0,0.6931471805599453,0.0,0.0,1.6094379124341005,0.0,0.0,0.4999999999999999,-0.8660254037844387,0.0,0.0,0.0,-0.0,0.0,0.0,0.0,-0.0,0.0,0.0,0.0,-0.0,0.0,0.0,0.0,0.0,0.0,0.0,0.0,0.0,0.0,0.0,0.0,2504.6901408450703,0.1411269756703764,144.39695115886605,0.0,8.019354838709678,0.0,0.0,0.0,0.0,0.0,0.0,0.0,0.4233809270111292,0.0,0.0,3.091042453358316,0.6931471805599453,1.6094379124341005,190.4,144.0,133.0,74.0,0.0,2.717956989247311,476893.0028169014,333123.78873239434,1.33572481312196,5.393627546352362,0.0,0.0,0.0,2.506832401462986,0.0,0.0,1579.0
14.566666666666666,22.506666666666668,6.35,36.2,17.816666666666666,43.556666666666665,55.86666666666667,0,0.1399999999999999,40.46666666666667,28,1.0,0.0,2.8903717578961645,0.0,3.218875824868201,3.218875824868201,0.3701431492843312,0.0,0.0,0.0,41.0,2.0,0,0,0,0,0,0,0,0,0,0,0,0,0,0,0,0,0,0,0,0,0,0,0,0.0,53,0,0,FED,BLM,3,Other Conservation Area,Fee,National Public Lands,OPEN ACCESS,0,0,1,0,0,1,1,0,0,0,1,0,0,3,0,0.1411269756703764,144.39695115886605,0.0,80,20,16,60,0.0,0.4154579004316706,0.0,2504.6901408450703,165.7908641259782,0.0,0.499686926603317,1.2246467991473532e-16,-1.0,0,0,1,0,1,0.0,0.3474530832918935,0.0,0.0,0.0,4.979467596233536,0.0,0.0,3.067360763841849e-13,-2504.6901408450703,2504.6901408450703,0.0,144.39695115886605,1.76835264043342e-14,-144.39695115886605,0.1411269756703764,1.7283069902807285e-17,0.0,0.0,0.0,0.0,0.0,0.0,0.0,0.0,0.0,36484.98638497653,0.0,90669.78309859156,5227.169631950951,2103.3822552141487,2572.672346480463,0.0,0.0,874.0,2896.0,0.0,2.0557496122651497,0.0,0.0,0.0,0.0,0.0,0.0,0.0,0.0,0.0,7239.485645379558,417.3608695558983,0.0,0.4079094247549551,231.2297406316932,173.42230547376988,0.0,0.0,0.0,0.0,0.0,0.0,0.0,0.0,0.0,0.0,0.0,0.0,8062.286543151927,464.7958552699483,0.0,0.4542702102221373,257.51006598945605,193.13254949209207,0.0,0.0,0.0,0.0,0.0,0.0,0.0,0.0,0.0,2.8903717578961645,0.0,0.0,0.0,0.0,0.0,0.0,0.0,3.218875824868201,0.0,0.0,0.0,0.0,104.63145763584116,0.0,42.10308194002079,0.0,0.0,0.0,116.52330486022888,0.0,46.8882911822468,0.0,2.8903717578961645,0.0,3.218875824868201,0.0,0.0,0.0,2.8903717578961645,0.0,0.0,0.0,0.0,0.0,3.218875824868201,0.0,0.0,1.2246467991473532e-16,-1.0,1.0,0.0,0.0,-0.0,0.0,0.0,0.0,-0.0,0.0,0.0,0.0,-0.0,0.0,0.0,0.0,0.0,0.0,0.0,0.0,0.0,0.0,0.0,0.0,2504.6901408450703,0.1411269756703764,144.39695115886605,0.0,14.566666666666666,1.0,0.0,0.0,0.0,0.0,0.0,0.0,0.4233809270111292,0.0,0.0,2.8903717578961645,0.0,3.218875824868201,226.6,143.7,133.0,43.0,0.1399999999999999,8.718673835125449,567562.785915493,333123.78873239434,1.7686797305604958,6.1092475827643655,0.0,0.0,1.0,2.8394359190393805,6.1092475827643655,0.0,4212.0
17.83225806451613,26.42258064516129,9.86774193548387,47.2,16.51290322580645,40.92258064516129,54.064516129032256,0,0.7161290322580646,45.541935483870965,29,1.0,0.0,3.1354942159291497,0.6931471805599453,3.49650756146648,3.49650756146648,0.3701431492843312,0.0,0.0,0.0,55.0,3.0,0,0,0,0,0,0,0,0,0,0,0,0,0,0,0,0,0,0,0,0,0,0,0,0.0,53,0,0,FED,BLM,3,Other Conservation Area,Fee,National Public Lands,OPEN ACCESS,0,0,1,0,0,1,1,0,0,0,1,0,0,3,0,0.1411269756703764,144.39695115886605,0.0,80,20,16,60,0.0,0.4154579004316706,0.0,2504.6901408450703,165.7908641259782,0.0,0.499686926603317,-0.4999999999999997,-0.8660254037844388,0,0,1,0,1,0.0,0.3474530832918935,0.0,0.0,0.0,4.979467596233536,0.0,0.0,-1252.3450704225345,-2169.125290580255,2504.6901408450703,0.0,144.39695115886605,-72.19847557943298,-125.05142793259886,0.1411269756703764,-0.0705634878351881,0.0,0.0,-0.0,0.0,-0.0,0.0,-0.0,0.0,-0.0,44664.280963198544,0.0,118221.37464788732,6815.536094698477,2574.92369679423,2384.4128805878554,0.0,0.0,1069.9354838709678,3776.0,0.0,2.5166126500188413,0.0,0.0,0.0,0.0,0.0,0.0,0.0,0.0,0.0,7853.441449314485,452.7558051564285,0.0,0.4425028159260391,250.839537274332,188.12965295574892,0.0,0.0,0.0,1736.1189093030528,100.08833957722013,0.0,0.0978217652868734,55.451774444795625,41.58883083359672,0.0,0.0,0.0,8757.668016595331,504.8850315796811,0.0,0.493451537558367,279.7206049173184,209.7904536879888,0.0,0.0,0.0,0.0,0.0,0.0,0.0,0.0,0.0,3.1354942159291497,0.0,0.0,0.0,0.6931471805599453,0.0,0.0,0.0,3.49650756146648,0.0,0.0,0.0,0.0,147.99532699185588,0.0,55.912942018246255,32.71654692242942,0.0,12.360379400436702,165.03515690121785,0.0,62.350625160602256,0.0,3.1354942159291497,0.6931471805599453,3.49650756146648,0.0,0.0,0.0,3.1354942159291497,0.0,0.0,0.6931471805599453,0.0,0.0,3.49650756146648,0.0,0.0,-0.4999999999999997,-0.8660254037844388,1.0,0.0,-0.0,-0.0,0.0,0.0,-0.0,-0.0,0.0,0.0,-0.0,-0.0,0.0,0.0,0.0,0.0,0.0,0.0,0.0,0.0,0.0,0.0,0.0,2504.6901408450703,0.1411269756703764,144.39695115886605,0.0,17.83225806451613,1.0,0.0,0.0,0.0,0.0,0.0,0.0,0.4233809270111292,0.0,0.0,3.1354942159291497,0.6931471805599453,3.49650756146648,273.8,171.1,133.0,17.0,0.8561290322580645,13.472759856630825,685784.1605633803,333123.78873239434,1.7438358395002105,7.325148957955575,0.0,0.0,1.0,3.4045585453456946,7.325148957955575,0.0,6229.0
16.3,24.490322580645163,8.63225806451613,63.9,15.541935483870969,38.88387096774194,43.41935483870968,0,0.1967741935483872,45.70322580645161,29,1.0,0.0,3.091042453358316,0.6931471805599453,3.218875824868201,3.218875824868201,0.3701431492843312,0.0,0.0,0.0,46.0,3.0,0,0,0,0,0,0,0,0,0,0,0,0,0,0,0,0,0,0,0,0,0,0,0,0.0,53,0,0,FED,BLM,3,Other Conservation Area,Fee,National Public Lands,OPEN ACCESS,0,0,1,0,0,1,1,0,0,0,1,0,0,3,0,0.1411269756703764,144.39695115886605,0.0,80,20,16,60,0.0,0.4154579004316706,0.0,2504.6901408450703,165.7908641259782,0.0,0.499686926603317,-0.8660254037844385,-0.5000000000000004,0,0,1,0,1,0.0,0.3474530832918935,0.0,0.0,0.0,4.979467596233536,0.0,0.0,-2169.125290580254,-1252.3450704225363,2504.6901408450703,0.0,144.39695115886605,-125.0514279325988,-72.1984755794331,0.1411269756703764,-0.1222195460898143,0.0,0.0,-0.0,0.0,-0.0,0.0,-0.0,0.0,-0.0,40826.44929577465,0.0,160049.69999999998,9226.96517905154,2353.6703038895166,2244.2080989787632,0.0,0.0,978.0,5112.0,0.0,2.3003697034271355,0.0,0.0,0.0,0.0,0.0,0.0,0.0,0.0,0.0,7742.103557860132,446.33710616756224,0.0,0.4362294731111997,247.28339626866529,185.46254720149892,0.0,0.0,0.0,1736.1189093030528,100.08833957722013,0.0,0.0978217652868734,55.451774444795625,41.58883083359672,0.0,0.0,0.0,8062.286543151927,464.7958552699483,0.0,0.4542702102221373,257.51006598945605,193.13254949209207,0.0,0.0,0.0,0.0,0.0,0.0,0.0,0.0,0.0,3.091042453358316,0.0,0.0,0.0,0.6931471805599453,0.0,0.0,0.0,3.218875824868201,0.0,0.0,0.0,0.0,197.5176127695964,0.0,50.38399198974055,44.2921048377805,0.0,11.298299043127107,205.68616520907804,0.0,52.46767594535168,0.0,3.091042453358316,0.6931471805599453,3.218875824868201,0.0,0.0,0.0,3.091042453358316,0.0,0.0,0.6931471805599453,0.0,0.0,3.218875824868201,0.0,0.0,-0.8660254037844385,-0.5000000000000004,1.0,0.0,-0.0,-0.0,0.0,0.0,-0.0,-0.0,0.0,0.0,-0.0,-0.0,0.0,0.0,0.0,0.0,0.0,0.0,0.0,0.0,0.0,0.0,0.0,2504.6901408450703,0.1411269756703764,144.39695115886605,0.0,16.3,1.0,0.0,0.0,0.0,0.0,0.0,0.0,0.4233809270111292,0.0,0.0,3.091042453358316,0.6931471805599453,3.218875824868201,337.7,147.29999999999998,133.0,0.0,1.0529032258064517,16.23297491039426,845833.8605633802,333123.78873239434,1.6467570740995294,7.0030654587864625,0.0,0.0,1.0,3.2548616401080035,7.0030654587864625,0.0,4148.0
13.72,22.433333333333334,5.25,30.0,16.556666666666665,40.09333333333333,30.7,0,0.1599999999999999,38.13666666666666,26,1.0,0.0,2.6390573296152584,0.0,3.1354942159291497,3.1354942159291497,0.3701431492843312,0.0,0.0,0.0,35.0,2.0,0,0,0,0,0,0,0,0,0,0,0,0,0,0,0,0,0,0,0,0,0,0,0,0.0,53,0,0,FED,BLM,3,Other Conservation Area,Fee,National Public Lands,OPEN ACCESS,0,0,1,0,0,1,1,0,0,0,1,0,0,3,0,0.1411269756703764,144.39695115886605,0.0,80,20,16,60,0.0,0.4154579004316706,0.0,2504.6901408450703,165.7908641259782,0.0,0.499686926603317,-1.0,-1.8369701987210292e-16,0,0,0,1,0,0.0,0.3474530832918935,0.0,0.0,0.0,4.979467596233536,0.0,0.0,-2504.6901408450703,-4.601041145762772e-13,0.0,0.0,0.0,-144.39695115886605,-2.6525289606501297e-14,0.0,-0.1411269756703764,0.0,0.0,-0.0,0.0,-0.0,0.0,-0.0,0.0,-0.0,34364.34873239437,0.0,75140.7042253521,4331.908534765981,1981.1261698996425,2390.732188020292,0.0,0.0,823.2,2400.0,0.0,1.9362621061975644,0.0,0.0,0.0,0.0,0.0,0.0,0.0,0.0,0.0,6610.020874612257,381.0718323299019,0.0,0.3724421795493411,211.12458636922068,158.34343977691552,0.0,0.0,0.0,0.0,0.0,0.0,0.0,0.0,0.0,0.0,0.0,0.0,7853.441449314485,452.7558051564285,0.0,0.4425028159260391,250.839537274332,188.12965295574892,0.0,0.0,0.0,0.0,0.0,0.0,0.0,0.0,0.0,2.6390573296152584,0.0,0.0,0.0,0.0,0.0,0.0,0.0,3.1354942159291497,0.0,0.0,0.0,0.0,79.17171988845776,0.0,36.20786656232135,0.0,0.0,0.0,94.06482647787448,0.0,43.01898064254794,0.0,2.6390573296152584,0.0,3.1354942159291497,0.0,0.0,0.0,2.6390573296152584,0.0,0.0,0.0,0.0,0.0,3.1354942159291497,0.0,0.0,-1.0,-1.8369701987210292e-16,0.0,0.0,-0.0,-0.0,0.0,0.0,-0.0,-0.0,0.0,0.0,-0.0,-0.0,0.0,0.0,0.0,0.0,0.0,0.0,0.0,0.0,0.0,0.0,0.0,2504.6901408450703,0.1411269756703764,144.39695115886605,0.0,13.72,0.0,0.0,0.0,0.0,0.0,0.0,0.0,0.4233809270111292,0.0,0.0,2.6390573296152584,0.0,3.1354942159291497,367.7,141.1,133.0,0.0,1.2129032258064516,15.950752688172043,920974.5647887324,333123.78873239434,1.6792444907441604,5.7745515455444085,0.0,0.0,0.0,2.6838770000124867,0.0,0.0,2195.0
5.196774193548387,13.270967741935484,-1.6419354838709677,10.8,15.229032258064516,36.303225806451614,33.096774193548384,23,0.0,32.3741935483871,27,1.0,0.0,2.079441541679836,0.0,3.218875824868201,3.218875824868201,0.3701431492843312,0.0,0.0,0.0,31.0,2.0,0,0,0,0,0,0,0,0,0,0,0,0,0,0,0,0,0,0,0,0,0,0,0,0.0,53,0,0,FED,BLM,3,Other Conservation Area,Fee,National Public Lands,OPEN ACCESS,0,0,1,0,0,1,1,0,0,0,1,0,0,3,0,0.1411269756703764,144.39695115886605,0.0,80,20,16,60,0.0,0.4154579004316706,0.0,2504.6901408450703,165.7908641259782,0.0,0.499686926603317,-0.8660254037844386,0.5000000000000001,0,0,0,1,0,0.0,0.3474530832918935,0.0,0.0,0.0,4.979467596233536,0.0,0.0,-2169.1252905802544,1252.3450704225354,0.0,0.0,0.0,-125.05142793259884,72.19847557943304,0.0,-0.1222195460898143,0.0,0.0,-0.0,0.0,-0.0,0.0,-0.0,0.0,-0.0,13016.309086778736,57607.873239436616,27050.65352112676,1559.4870725157534,750.3983494094618,2199.025827164537,0.0,0.0,311.8064516129032,864.0,1840.0,0.7334050251773432,0.0,0.0,0.0,0.0,0.0,0.0,0.0,0.0,0.0,5208.356727909159,300.2650187316604,0.0,0.2934652958606202,166.3553233343869,124.76649250079018,0.0,0.0,0.0,0.0,0.0,0.0,0.0,0.0,0.0,0.0,0.0,0.0,8062.286543151927,464.7958552699483,0.0,0.4542702102221373,257.51006598945605,193.13254949209207,0.0,0.0,0.0,0.0,0.0,0.0,0.0,0.0,0.0,2.079441541679836,0.0,0.0,0.0,0.0,0.0,0.0,0.0,3.218875824868201,0.0,0.0,0.0,0.0,22.45796865014223,47.82715545863624,10.806388140794244,0.0,0.0,0.0,34.76385890857657,74.03414397196862,16.727770818911843,0.0,2.079441541679836,0.0,3.218875824868201,0.0,0.0,0.0,2.079441541679836,0.0,0.0,0.0,0.0,0.0,3.218875824868201,0.0,0.0,-0.8660254037844386,0.5000000000000001,0.0,0.0,-0.0,0.0,0.0,0.0,-0.0,0.0,0.0,0.0,-0.0,0.0,0.0,0.0,0.0,0.0,0.0,0.0,0.0,0.0,0.0,0.0,0.0,2504.6901408450703,0.1411269756703764,144.39695115886605,0.0,5.196774193548387,0.0,0.0,0.0,0.0,0.0,0.0,0.0,0.4233809270111292,0.0,0.0,2.079441541679836,0.0,3.218875824868201,378.5,104.7,156.0,23.0,1.2129032258064516,11.738924731182792,948025.2183098592,390731.661971831,1.598665794969733,5.298317366548037,0.0,0.0,0.0,2.4625344508037257,0.0,0.0,642.0
-2.753333333333333,4.386666666666667,-8.673333333333334,14.9,17.7,40.193333333333335,41.03333333333333,30,0.0,21.73,25,1.0,0.0,1.3862943611198906,0.6931471805599453,3.1780538303479458,3.1780538303479458,0.3701431492843312,0.0,0.0,0.0,27.0,3.0,0,0,0,0,0,0,0,0,0,0,0,0,0,0,0,0,0,0,0,0,0,0,0,0.0,53,0,0,FED,BLM,3,Other Conservation Area,Fee,National Public Lands,OPEN ACCESS,0,0,1,0,0,1,1,0,0,0,1,0,0,3,0,0.1411269756703764,144.39695115886605,0.0,80,20,16,60,0.0,0.4154579004316706,0.0,2504.6901408450703,165.7908641259782,0.0,0.499686926603317,-0.5000000000000004,0.8660254037844384,0,0,0,1,0,0.0,0.3474530832918935,0.0,0.0,0.0,4.979467596233536,0.0,0.0,-1252.3450704225363,2169.125290580254,0.0,0.0,0.0,-72.1984755794331,125.0514279325988,0.0,-0.0705634878351882,0.0,0.0,-0.0,0.0,-0.0,0.0,-0.0,0.0,-0.0,-6896.246854460092,75140.7042253521,37319.88309859155,2151.514572267104,-397.5729388574112,2555.8260355119287,-0.0,0.0,-165.2,1192.0,2400.0,-0.3885696063457696,0.0,0.0,0.0,0.0,0.0,0.0,0.0,0.0,0.0,3472.237818606105,200.17667915444025,0.0,0.1956435305737468,110.90354888959124,83.17766166719343,0.0,0.0,0.0,1736.1189093030528,100.08833957722013,0.0,0.0978217652868734,55.451774444795625,41.58883083359672,0.0,0.0,0.0,7960.040095947412,458.90128372099946,0.0,0.4485091255946611,254.24430642783565,190.6832298208768,0.0,0.0,0.0,0.0,0.0,0.0,0.0,0.0,0.0,1.3862943611198906,0.0,0.0,0.0,0.6931471805599453,0.0,0.0,0.0,3.1780538303479458,0.0,0.0,0.0,-0.0,20.65578598068637,41.58883083359672,-3.816930474283432,10.327892990343186,20.79441541679836,-1.908465237141716,47.3530020721844,95.34161491043837,-8.750241546224677,0.0,1.3862943611198906,0.6931471805599453,3.1780538303479458,0.0,0.0,0.0,1.3862943611198906,0.0,0.0,0.6931471805599453,0.0,0.0,3.1780538303479458,0.0,0.0,-0.5000000000000004,0.8660254037844384,0.0,0.0,-0.0,0.0,0.0,0.0,-0.0,0.0,0.0,0.0,-0.0,0.0,0.0,0.0,0.0,0.0,0.0,0.0,-0.0,0.0,0.0,0.0,-0.0,2504.6901408450703,0.1411269756703764,144.39695115886605,0.0,-2.753333333333333,0.0,0.0,0.0,0.0,0.0,0.0,0.0,0.4233809270111292,0.0,0.0,1.3862943611198906,0.6931471805599453,3.1780538303479458,393.4,55.69999999999999,186.0,53.0,1.2129032258064516,5.387813620071683,985345.1014084507,465872.3661971831,1.3652810237526036,5.2574953720277815,0.0,0.0,0.0,2.4435613389831055,0.0,0.0,245.0
-7.429032258064517,0.9064516129032258,-16.593548387096774,15.2,14.387096774193548,32.012903225806454,58.16129032258065,31,0.0,22.780645161290323,26,1.0,0.0,0.0,0.0,3.871201010907891,3.871201010907891,0.3701431492843312,0.0,0.0,0.0,47.0,1.0,0,0,0,0,0,0,0,0,0,0,0,0,0,0,0,0,0,0,0,0,0,0,0,0.0,53,0,0,FED,BLM,3,Other Conservation Area,Fee,National Public Lands,OPEN ACCESS,0,0,1,0,0,1,1,0,0,0,1,0,0,3,0,0.1411269756703764,144.39695115886605,0.0,80,20,16,60,0.0,0.4154579004316706,0.0,2504.6901408450703,165.7908641259782,0.0,0.499686926603317,-2.4492935982947064e-16,1.0,1,0,0,0,0,0.0,0.3474530832918935,0.0,0.0,0.0,4.979467596233536,0.0,0.0,-6.134721527683698e-13,2504.6901408450703,0.0,2504.6901408450703,0.0,-3.53670528086684e-14,144.39695115886605,0.0,-3.456613980561457e-17,0.1411269756703764,0.0,-0.0,0.0,-0.0,0.0,-0.0,0.0,-0.0,-18607.423852794185,77645.39436619719,38071.29014084507,2194.833657614764,-1072.7296081253824,2077.452910221105,-0.0,0.0,-445.741935483871,1216.0,2480.0,-1.0484368547383125,0.0,0.0,0.0,0.0,0.0,0.0,0.0,0.0,0.0,0.0,0.0,0.0,0.0,0.0,0.0,0.0,0.0,0.0,0.0,0.0,0.0,0.0,0.0,0.0,0.0,0.0,0.0,9696.159005250463,558.9896232982196,0.0,0.5463308908815345,309.6960808726313,232.27206065447348,0.0,0.0,0.0,0.0,0.0,0.0,0.0,0.0,0.0,0.0,0.0,0.0,0.0,0.0,0.0,0.0,0.0,3.871201010907891,0.0,0.0,0.0,-0.0,0.0,0.0,-0.0,0.0,0.0,-0.0,58.84225536579994,120.00723133814462,-28.75927718748669,0.0,0.0,0.0,3.871201010907891,0.0,0.0,0.0,0.0,0.0,0.0,0.0,0.0,0.0,3.871201010907891,0.0,0.0,-2.4492935982947064e-16,1.0,0.0,1.0,-0.0,0.0,0.0,0.0,-0.0,0.0,0.0,0.0,-0.0,0.0,0.0,0.0,0.0,0.0,0.0,0.0,-0.0,0.0,0.0,0.0,-0.0,2504.6901408450703,0.1411269756703764,144.39695115886605,0.0,-7.429032258064517,0.0,1.0,0.0,0.0,0.0,0.0,0.0,0.4233809270111292,0.0,0.0,0.0,0.0,3.871201010907891,408.6,40.899999999999984,217.0,84.0,1.2129032258064516,-1.6618637992831555,1023416.3915492956,543517.7605633803,1.9356005054539456,3.871201010907891,0.0,0.0,0.0,1.799244023307312,0.0,3.871201010907891,181.0
-8.851612903225806,-0.7645161290322581,-17.08709677419355,16.6,14.541935483870969,31.806451612903224,63.935483870967744,31,0.0,24.583870967741937,23,1.0,0.0,0.0,0.0,4.007333185232471,4.007333185232471,1.3701431492843312,0.0,0.0,0.0,54.0,1.0,0,0,0,0,0,0,0,0,0,0,0,0,0,0,0,0,0,0,0,0,0,0,0,0.0,53,0,0,FED,BLM,3,Other Conservation Area,Fee,National Public Lands,OPEN ACCESS,0,0,1,0,0,1,1,0,0,0,1,0,0,3,0,0.1411269756703764,144.39695115886605,0.0,80,20,16,60,0.0,0.4154579004316706,0.0,2504.6901408450703,165.7908641259782,0.0,0.499686926603317,0.4999999999999999,0.8660254037844387,1,0,0,0,0,0.0,0.3474530832918935,0.0,0.0,0.0,4.979467596233536,0.0,0.0,1252.345070422535,2169.125290580255,0.0,2504.6901408450703,0.0,72.19847557943301,125.05142793259884,0.0,0.0705634878351881,0.1411269756703764,0.0,0.0,0.0,0.0,0.0,0.0,0.0,0.0,-22170.54756928669,77645.39436619719,41577.85633802817,2396.9893892371765,-1278.1459160642853,2099.811147819897,-0.0,0.0,-531.0967741935484,1328.0,2480.0,-1.2492013588371382,0.0,0.0,0.0,0.0,0.0,0.0,0.0,0.0,0.0,0.0,0.0,0.0,0.0,0.0,0.0,0.0,0.0,0.0,0.0,0.0,0.0,0.0,0.0,0.0,0.0,0.0,0.0,10037.127920133042,578.6466942253162,0.0,0.565542812935395,320.5866548185977,240.43999111394828,0.0,0.0,0.0,0.0,0.0,0.0,0.0,0.0,0.0,0.0,0.0,0.0,0.0,0.0,0.0,0.0,0.0,4.007333185232471,0.0,0.0,0.0,-0.0,0.0,0.0,-0.0,0.0,0.0,-0.0,66.52173087485903,124.2273287422066,-35.471362129928714,0.0,0.0,0.0,4.007333185232471,0.0,0.0,0.0,0.0,0.0,0.0,0.0,0.0,0.0,4.007333185232471,0.0,0.0,0.4999999999999999,0.8660254037844387,0.0,1.0,0.0,0.0,0.0,0.0,0.0,0.0,0.0,0.0,0.0,0.0,0.0,0.0,0.0,0.0,0.0,0.0,-0.0,0.0,0.0,0.0,-0.0,2504.6901408450703,0.1411269756703764,144.39695115886605,0.0,-8.851612903225806,0.0,1.0,0.0,0.0,0.0,0.0,0.0,0.4233809270111292,0.0,0.0,0.0,0.0,4.007333185232471,16.6,46.69999999999999,31.0,92.0,0.0,-6.344659498207887,41577.85633802817,77645.39436619719,2.003666592616236,4.007333185232471,0.0,0.0,0.0,1.8625150857871924,0.0,4.007333185232471,176.0
-7.321428571428571,1.0857142857142856,-16.34642857142857,16.1,17.392857142857142,39.20357142857143,44.035714285714285,28,0.0,21.285714285714285,25,1.0,0.0,1.791759469228055,0.0,3.4657359027997265,3.4657359027997265,1.3701431492843312,0.0,1.791759469228055,0.0,36.0,2.0,0,0,0,0,0,0,0,0,0,0,0,0,0,0,0,0,0,0,0,0,0,0,0,0.0,53,0,0,FED,BLM,3,Other Conservation Area,Fee,National Public Lands,OPEN ACCESS,0,0,1,0,0,1,1,0,0,0,1,0,0,3,0,0.1411269756703764,144.39695115886605,0.0,80,20,16,60,0.0,0.4154579004316706,0.0,2504.6901408450703,165.7908641259782,0.0,0.499686926603317,0.8660254037844386,0.5000000000000001,1,0,0,0,0,0.0,0.3474530832918935,0.0,0.0,0.0,4.979467596233536,0.0,0.0,2169.1252905802544,1252.3450704225354,0.0,2504.6901408450703,0.0,125.05142793259884,72.19847557943304,0.0,0.1222195460898143,0.1411269756703764,0.0,0.0,0.0,0.0,0.0,0.0,0.0,0.0,-18337.909959758552,70131.32394366196,40325.51126760564,2324.790913657744,-1057.1919638416978,2511.475543370277,-0.0,0.0,-439.2857142857143,1288.0,2240.0,-1.0332510718723986,0.0,0.0,0.0,0.0,0.0,0.0,0.0,0.0,0.0,4487.802277341306,258.7246045665592,0.0,0.2528655950209142,143.3407575382444,107.5055681536833,0.0,0.0,0.0,0.0,0.0,0.0,0.0,0.0,0.0,0.0,0.0,0.0,8680.594546515264,500.4416978861007,0.0,0.489108826434367,277.25887222397813,207.9441541679836,0.0,0.0,0.0,0.0,0.0,0.0,0.0,0.0,0.0,1.791759469228055,0.0,0.0,0.0,0.0,0.0,0.0,0.0,3.4657359027997265,0.0,0.0,0.0,-0.0,28.847327454571687,50.16926513838554,-13.118238971133971,0.0,0.0,-0.0,55.798348035075605,97.04060527839236,-25.374137859783712,0.0,1.791759469228055,0.0,3.4657359027997265,0.0,0.0,0.0,1.791759469228055,0.0,0.0,0.0,0.0,0.0,3.4657359027997265,0.0,0.0,0.8660254037844386,0.5000000000000001,0.0,1.0,0.0,0.0,0.0,0.0,0.0,0.0,0.0,0.0,0.0,0.0,0.0,0.0,0.0,0.0,0.0,0.0,-0.0,0.0,0.0,0.0,-0.0,2504.6901408450703,0.1411269756703764,144.39695115886605,0.0,-7.321428571428571,0.0,1.0,0.0,0.0,0.0,0.0,0.0,0.4233809270111292,0.0,0.0,1.791759469228055,0.0,3.4657359027997265,32.7,47.89999999999999,59.0,90.0,0.0,-7.8673579109063,81903.3676056338,147776.71830985916,1.664473184604271,5.2574953720277815,0.0,0.0,0.0,2.4435613389831055,0.0,5.2574953720277815,183.0
-5.616129032258065,2.438709677419354,-15.50967741935484,19.0,17.683870967741935,42.34838709677419,55.64516129032258,31,0.0,24.36774193548387,29,1.0,0.0,1.6094379124341005,0.6931471805599453,3.295836866004329,3.295836866004329,1.3701431492843312,0.0,1.6094379124341005,0.6931471805599453,31.0,3.0,0,0,0,0,0,0,0,0,0,0,0,0,0,0,0,0,0,0,0,0,0,0,0,0.0,53,0,0,FED,BLM,3,Other Conservation Area,Fee,National Public Lands,OPEN ACCESS,0,0,1,0,0,1,1,0,0,0,1,0,0,3,0,0.1411269756703764,144.39695115886605,0.0,80,20,16,60,0.0,0.4154579004316706,0.0,2504.6901408450703,165.7908641259782,0.0,0.499686926603317,1.0,6.123233995736766e-17,0,1,0,0,0,0.0,0.3474530832918935,0.0,0.0,0.0,4.979467596233536,0.0,0.0,2504.6901408450703,1.5336803819209245e-13,0.0,0.0,0.0,144.39695115886605,8.8417632021671e-15,0.0,0.1411269756703764,0.0,0.0,0.0,0.0,0.0,0.0,0.0,0.0,0.0,-14066.66301681054,77645.39436619719,47589.112676056335,2743.5420720184547,-810.9519095728574,2553.4970524287214,-0.0,0.0,-336.9677419354839,1520.0,2480.0,-0.7925873052971785,0.0,0.0,0.0,0.0,0.0,0.0,0.0,0.0,0.0,4031.1432715759634,232.3979276349741,0.0,0.2271351051110686,128.75503299472803,96.56627474604603,0.0,0.0,0.0,1736.1189093030528,100.08833957722013,0.0,0.0978217652868734,55.451774444795625,41.58883083359672,0.0,0.0,0.0,8255.050104114758,475.9087949680172,0.0,0.4651314892021226,263.6669492803464,197.7502119602597,0.0,0.0,0.0,0.0,0.0,0.0,0.0,0.0,0.0,1.6094379124341005,0.0,0.0,0.0,0.6931471805599453,0.0,0.0,0.0,3.295836866004329,0.0,0.0,0.0,-0.0,30.57932033624791,49.89257528545711,-9.038810985637964,13.16979643063896,21.487562597358306,-3.892804004370531,62.62090045408225,102.1709428461342,-18.509845108753343,0.0,1.6094379124341005,0.6931471805599453,3.295836866004329,0.0,0.0,0.0,1.6094379124341005,0.0,0.0,0.6931471805599453,0.0,0.0,3.295836866004329,0.0,0.0,1.0,6.123233995736766e-17,0.0,0.0,0.0,0.0,0.0,0.0,0.0,0.0,0.0,0.0,0.0,0.0,0.0,0.0,0.0,0.0,0.0,0.0,-0.0,0.0,0.0,0.0,-0.0,2504.6901408450703,0.1411269756703764,144.39695115886605,0.0,-5.616129032258065,0.0,0.0,0.0,0.0,0.0,0.0,0.0,0.4233809270111292,0.0,0.0,1.6094379124341005,0.6931471805599453,3.295836866004329,51.7,51.69999999999999,90.0,90.0,0.0,-7.263056835637482,129492.48028169016,225422.1126760564,1.4256813514319946,5.598421958998375,0.0,0.0,0.0,2.6020160723500876,0.0,0.0,392.0
1.9766666666666663,9.57,-6.433333333333334,47.2,19.196666666666665,45.93333333333333,46.56666666666667,30,0.0,24.96,29,1.0,0.0,1.9459101490553128,1.3862943611198906,5.10594547390058,5.10594547390058,1.3701431492843312,0.0,1.9459101490553128,1.3862943611198906,173.0,3.0,0,0,0,0,0,0,0,0,0,0,0,0,0,0,0,0,0,0,0,0,0,0,0,0.0,53,0,0,FED,BLM,3,Other Conservation Area,Fee,National Public Lands,OPEN ACCESS,0,0,1,0,0,1,1,0,0,0,1,0,0,3,0,0.1411269756703764,144.39695115886605,0.0,80,20,16,60,0.0,0.4154579004316706,0.0,2504.6901408450703,165.7908641259782,0.0,0.499686926603317,0.8660254037844387,-0.4999999999999998,0,1,0,0,0,0.0,0.3474530832918935,0.0,0.0,0.0,4.979467596233536,0.0,0.0,2169.125290580255,-1252.3450704225347,0.0,0.0,0.0,125.05142793259884,-72.198475579433,0.0,0.1222195460898143,0.0,0.0,0.0,0.0,0.0,0.0,0.0,0.0,0.0,4950.937511737088,75140.7042253521,118221.37464788732,6815.536094698477,285.4246401240252,2771.9401390796984,0.0,0.0,118.59999999999998,3776.0,2400.0,0.2789609885751106,0.0,0.0,0.0,0.0,0.0,0.0,0.0,0.0,0.0,4873.901965309204,280.98349275268174,0.0,0.2746204142624676,155.67281192442502,116.75460894331876,0.0,0.0,0.0,3472.237818606105,200.17667915444025,0.0,0.1956435305737468,110.90354888959124,83.17766166719343,0.0,0.0,0.0,12788.811288171291,737.2829592146552,0.0,0.7205866426694357,408.4756379120464,306.35672843403484,0.0,0.0,0.0,0.0,0.0,0.0,0.0,0.0,0.0,1.9459101490553128,0.0,0.0,0.0,1.3862943611198906,0.0,0.0,0.0,5.10594547390058,0.0,0.0,0.0,0.0,91.84695903541076,58.377304471659386,3.846415727966001,65.43309384485885,41.58883083359672,2.7402418538136497,241.0006263681074,153.17836421701742,10.092752220076813,0.0,1.9459101490553128,1.3862943611198906,5.10594547390058,0.0,0.0,0.0,1.9459101490553128,0.0,0.0,1.3862943611198906,0.0,0.0,5.10594547390058,0.0,0.0,0.8660254037844387,-0.4999999999999998,0.0,0.0,0.0,-0.0,0.0,0.0,0.0,-0.0,0.0,0.0,0.0,-0.0,0.0,0.0,0.0,0.0,0.0,0.0,0.0,0.0,0.0,0.0,0.0,2504.6901408450703,0.1411269756703764,144.39695115886605,0.0,1.9766666666666663,0.0,0.0,0.0,0.0,0.0,0.0,0.0,0.4233809270111292,0.0,0.0,1.9459101490553128,1.3862943611198906,5.10594547390058,98.9,82.29999999999998,120.0,89.0,0.0,-3.653630312339992,247713.85492957747,300562.8169014084,2.15858470283004,8.438149984075784,0.0,0.0,0.0,3.921855487183401,0.0,0.0,639.0
8.196774193548388,15.919354838709678,0.3,84.7,17.20967741935484,42.193548387096776,56.70967741935484,12,0.0,40.148387096774194,27,1.0,0.0,2.3978952727983707,1.0986122886681098,5.493061443340548,5.493061443340548,1.3701431492843312,0.0,2.3978952727983707,1.0986122886681098,254.0,3.0,0,0,0,0,0,0,0,0,0,0,0,0,0,0,0,0,0,0,0,0,0,0,0,0.0,53,0,0,FED,BLM,3,Other Conservation Area,Fee,National Public Lands,OPEN ACCESS,0,0,1,0,0,1,1,0,0,0,1,0,0,3,0,0.1411269756703764,144.39695115886605,0.0,80,20,16,60,0.0,0.4154579004316706,0.0,2504.6901408450703,165.7908641259782,0.0,0.499686926603317,0.4999999999999999,-0.8660254037844387,0,1,0,0,0,0.0,0.3474530832918935,0.0,0.0,0.0,4.979467596233536,0.0,0.0,1252.345070422535,-2169.125290580255,0.0,0.0,0.0,72.19847557943301,-125.05142793259884,0.0,0.0705634878351881,0.0,0.0,0.0,0.0,0.0,0.0,0.0,0.0,0.0,20530.37950931395,30056.281690140844,212147.25492957747,12230.421763155957,1183.58920288606,2485.0249497824207,0.0,0.0,491.8064516129032,6776.0,960.0,1.1567859521884725,0.0,0.0,0.0,0.0,0.0,0.0,0.0,0.0,0.0,6005.98464855708,346.2487665903421,0.0,0.3384077078243263,191.83162182386965,143.87371636790223,0.0,0.0,0.0,2751.683368038253,158.63626498933908,0.0,0.1550438297340408,87.88898309344879,65.91673732008658,0.0,0.0,0.0,13758.416840191265,793.1813249466953,0.0,0.7752191486702042,439.4449154672439,329.5836866004329,0.0,0.0,0.0,0.0,0.0,0.0,0.0,0.0,0.0,2.3978952727983707,0.0,0.0,0.0,1.0986122886681098,0.0,0.0,0.0,5.493061443340548,0.0,0.0,0.0,0.0,203.101729606022,28.774743273580448,19.65500609090536,93.05246085018892,13.183347464017316,9.005076856469893,465.26230425094445,65.91673732008658,45.02538428234946,0.0,2.3978952727983707,1.0986122886681098,5.493061443340548,0.0,0.0,0.0,2.3978952727983707,0.0,0.0,1.0986122886681098,0.0,0.0,5.493061443340548,0.0,0.0,0.4999999999999999,-0.8660254037844387,0.0,0.0,0.0,-0.0,0.0,0.0,0.0,-0.0,0.0,0.0,0.0,-0.0,0.0,0.0,0.0,0.0,0.0,0.0,0.0,0.0,0.0,0.0,0.0,2504.6901408450703,0.1411269756703764,144.39695115886605,0.0,8.196774193548388,0.0,0.0,0.0,0.0,0.0,0.0,0.0,0.4233809270111292,0.0,0.0,2.3978952727983707,1.0986122886681098,5.493061443340548,183.6,150.9,132.0,73.0,0.0,1.5191039426523285,459861.10985915497,330619.09859154926,2.3753937917314603,8.989569004807029,0.0,0.0,0.0,4.178142198876521,0.0,0.0,2054.0
11.88,19.613333333333333,3.41,64.9,16.913333333333334,41.79333333333333,50.63333333333333,3,0.01,41.263333333333335,28,1.0,0.0,2.772588722239781,0.6931471805599453,5.537334267018537,5.537334267018537,1.3701431492843312,0.0,2.772588722239781,0.6931471805599453,269.0,3.0,0,0,0,0,0,0,0,0,0,0,0,0,0,0,0,0,0,0,0,0,0,0,0,0.0,53,0,0,FED,BLM,3,Other Conservation Area,Fee,National Public Lands,OPEN ACCESS,0,0,1,0,0,1,1,0,0,0,1,0,0,3,0,0.1411269756703764,144.39695115886605,0.0,80,20,16,60,0.0,0.4154579004316706,0.0,2504.6901408450703,165.7908641259782,0.0,0.499686926603317,1.2246467991473532e-16,-1.0,0,0,1,0,1,0.0,0.3474530832918935,0.0,0.0,0.0,4.979467596233536,0.0,0.0,3.067360763841849e-13,-2504.6901408450703,2504.6901408450703,0.0,144.39695115886605,1.76835264043342e-14,-144.39695115886605,0.1411269756703764,1.7283069902807285e-17,0.0,0.0,0.0,0.0,0.0,0.0,0.0,0.0,0.0,29755.71887323944,7514.070422535211,162554.3901408451,9371.362130210407,1715.4357797673288,2442.2337672669546,0.0,0.0,712.8000000000001,5192.0,240.0,1.676588470964072,0.0,0.0,0.0,0.0,0.0,0.0,0.0,0.0,0.0,6944.475637212211,400.3533583088805,0.0,0.3912870611474936,221.8070977791825,166.35532333438687,0.0,0.0,0.0,1736.1189093030528,100.08833957722013,0.0,0.0978217652868734,55.451774444795625,41.58883083359672,0.0,0.0,0.0,13869.306545164893,799.5741857049909,0.0,0.7814672383802665,442.9867413614829,332.2400560211122,0.0,0.0,0.0,0.0,0.0,0.0,0.0,0.0,0.0,2.772588722239781,0.0,0.0,0.0,0.6931471805599453,0.0,0.0,0.0,5.537334267018537,0.0,0.0,0.0,0.0,179.9410080733618,8.317766166719343,32.9383540202086,44.98525201834045,2.079441541679836,8.23458850505215,359.3729939295031,16.61200280105561,65.78353109218023,0.0,2.772588722239781,0.6931471805599453,5.537334267018537,0.0,0.0,0.0,2.772588722239781,0.0,0.0,0.6931471805599453,0.0,0.0,5.537334267018537,0.0,0.0,1.2246467991473532e-16,-1.0,1.0,0.0,0.0,-0.0,0.0,0.0,0.0,-0.0,0.0,0.0,0.0,-0.0,0.0,0.0,0.0,0.0,0.0,0.0,0.0,0.0,0.0,0.0,0.0,2504.6901408450703,0.1411269756703764,144.39695115886605,0.0,11.88,1.0,0.0,0.0,0.0,0.0,0.0,0.0,0.4233809270111292,0.0,0.0,2.772588722239781,0.6931471805599453,5.537334267018537,248.5,196.8,135.0,45.0,0.01,7.351146953405016,622415.5,338133.1690140845,2.487700002052718,9.003070169818264,0.0,0.0,1.0,4.184417225770165,9.003070169818264,0.0,4115.0
17.822580645161292,26.94516129032258,8.938709677419356,56.8,18.01935483870968,43.24193548387097,42.096774193548384,0,0.7193548387096773,44.274193548387096,31,1.0,0.0,3.218875824868201,0.0,5.521460917862246,5.521460917862246,1.3701431492843312,0.0,3.218875824868201,0.0,273.0,2.0,0,0,0,0,0,0,0,0,0,0,0,0,0,0,0,0,0,0,0,0,0,0,0,0.0,53,0,0,FED,BLM,3,Other Conservation Area,Fee,National Public Lands,OPEN ACCESS,0,0,1,0,0,1,1,0,0,0,1,0,0,3,0,0.1411269756703764,144.39695115886605,0.0,80,20,16,60,0.0,0.4154579004316706,0.0,2504.6901408450703,165.7908641259782,0.0,0.499686926603317,-0.4999999999999997,-0.8660254037844388,0,0,1,0,1,0.0,0.3474530832918935,0.0,0.0,0.0,4.979467596233536,0.0,0.0,-1252.3450704225345,-2169.125290580255,2504.6901408450703,0.0,144.39695115886605,-72.19847557943298,-125.05142793259886,0.1411269756703764,-0.0705634878351881,0.0,0.0,-0.0,0.0,-0.0,0.0,-0.0,0.0,-0.0,44640.04202635166,0.0,142266.4,8201.746825823591,2573.5263069443063,2601.9399005594382,0.0,0.0,1069.3548387096776,4544.0,0.0,2.515246905092999,0.0,0.0,0.0,0.0,0.0,0.0,0.0,0.0,0.0,8062.286543151927,464.7958552699483,0.0,0.4542702102221373,257.51006598945605,193.13254949209207,0.0,0.0,0.0,0.0,0.0,0.0,0.0,0.0,0.0,0.0,0.0,0.0,13829.54872403094,797.2821224821424,0.0,0.7792270806200794,441.7168734289797,331.2876550717348,0.0,0.0,0.0,0.0,0.0,0.0,0.0,0.0,0.0,3.218875824868201,0.0,0.0,0.0,0.0,0.0,0.0,0.0,5.521460917862246,0.0,0.0,0.0,0.0,182.8321468525138,0.0,57.368673975473584,0.0,0.0,0.0,313.6189801345756,0.0,98.40668248770616,0.0,3.218875824868201,0.0,5.521460917862246,0.0,0.0,0.0,3.218875824868201,0.0,0.0,0.0,0.0,0.0,5.521460917862246,0.0,0.0,-0.4999999999999997,-0.8660254037844388,1.0,0.0,-0.0,-0.0,0.0,0.0,-0.0,-0.0,0.0,0.0,-0.0,-0.0,0.0,0.0,0.0,0.0,0.0,0.0,0.0,0.0,0.0,0.0,0.0,2504.6901408450703,0.1411269756703764,144.39695115886605,0.0,17.822580645161292,1.0,0.0,0.0,0.0,0.0,0.0,0.0,0.4233809270111292,0.0,0.0,3.218875824868201,0.0,5.521460917862246,305.3,206.4,135.0,15.0,0.7293548387096773,12.633118279569892,764681.9,338133.1690140845,2.6925403524874776,8.740336742730447,0.0,0.0,1.0,4.062304851062984,8.740336742730447,0.0,9351.0
-3.870967741935484,3.648387096774193,-10.216129032258063,18.8,13.619354838709675,36.770967741935486,34.16129032258065,31,0.0,27.693548387096776,26,0.0,0.0,1.9459101490553128,0.6931471805599453,0.0,0.0,-0.6298568507156688,-0.0,-1.9459101490553128,-0.6931471805599453,7.0,2.0,0,0,0,0,0,0,0,0,0,0,0,0,0,0,0,0,0,0,0,3,3,1,3,16.666666666666668,53,0,0,FED,BLM,3,Other Conservation Area,Fee,National Public Lands,OPEN ACCESS,0,0,1,0,0,1,1,0,0,0,1,0,0,3,0,2.175217829677349,174.64951104740024,5.211195,63,12,33,52,0.0,0.0,26.213072974760912,1946.159753363229,113.55705165863036,0.0,0.46134714782238,0.4999999999999999,0.8660254037844387,1,0,0,0,0,0.0,0.0,3.303697481911289,0.6931471805599453,1.3862943611198906,5.168490595032472,0.0,12.813772926796531,973.0798766816145,1685.423786235414,0.0,1946.159753363229,0.0,87.3247555237001,151.25091332557955,0.0,1.0876089148386745,2.175217829677349,0.0,2.6055975,0.0,0.0,0.0,0.0,0.0,0.0,-7533.521625922177,60330.952354260095,36587.803363228704,3283.410807691125,-676.0626234092913,2378.6136633616893,-0.0,0.0,-201.2903225806452,1184.4,1953.0,-8.420198050363933,0.0,0.0,0.0,0.0,0.0,0.0,0.0,0.0,0.0,3787.052015752492,339.8522560746841,10.1405172392063,4.232778451175224,122.59233939048472,101.18732775087626,0.0,5.837730447165939,0.0,1348.9751459629606,121.05781616867849,3.612125121598084,1.5077461057445778,43.66827237527655,36.04365338911715,0.0,2.079441541679836,0.0,0.0,0.0,0.0,0.0,0.0,0.0,0.0,0.0,0.0,0.0,0.0,0.0,0.0,0.0,0.0,1.9459101490553128,0.0,0.0,0.0,0.6931471805599453,0.0,0.0,0.0,0.0,0.0,0.0,0.0,-0.0,36.58311080223988,60.32321462071469,-7.532555415697985,13.031166994526972,21.487562597358306,-2.6831503763610787,0.0,0.0,-0.0,0.0,1.9459101490553128,0.6931471805599453,0.0,0.0,0.0,0.0,1.9459101490553128,0.0,0.0,0.6931471805599453,0.0,0.0,0.0,0.0,0.0,0.4999999999999999,0.8660254037844387,0.0,1.0,0.0,0.0,0.0,0.0,0.0,0.0,0.0,0.0,0.0,0.0,0.0,0.0,0.0,0.0,0.0,0.0,-0.0,0.0,0.0,0.0,-0.0,1946.159753363229,2.175217829677349,174.64951104740024,5.211195,-3.870967741935484,0.0,1.0,0.0,0.0,0.0,0.0,0.0,6.525653489032047,15.633585,0.0,1.9459101490553128,0.6931471805599453,0.0,18.8,18.8,31.0,31.0,0.0,-3.870967741935484,36587.803363228704,60330.952354260095,0.917580772986892,2.639057329615258,0.0,0.0,0.0,0.26917887420882664,0.0,2.639057329615258,3795.0
-3.1,3.878571428571429,-9.453571428571427,17.3,15.614285714285714,40.75714285714286,34.714285714285715,28,0.0,22.13214285714286,24,0.0,0.0,1.6094379124341005,0.0,0.0,0.0,-0.6298568507156688,-0.0,-1.6094379124341005,-0.0,4.0,1.0,0,0,0,0,0,0,0,0,0,0,0,0,0,0,0,0,0,0,0,3,3,1,3,16.666666666666668,53,0,0,FED,BLM,3,Other Conservation Area,Fee,National Public Lands,OPEN ACCESS,0,0,1,0,0,1,1,0,0,0,1,0,0,3,0,2.175217829677349,174.64951104740024,5.211195,63,12,33,52,0.0,0.0,26.213072974760912,1946.159753363229,113.55705165863036,0.0,0.46134714782238,0.8660254037844386,0.5000000000000001,1,0,0,0,0,0.0,0.0,3.303697481911289,0.6931471805599453,1.3862943611198906,5.168490595032472,0.0,12.813772926796531,1685.4237862354137,973.0798766816148,0.0,1946.159753363229,0.0,151.25091332557955,87.32475552370013,0.0,1.8837938992654364,2.175217829677349,0.0,4.513027254074448,0.0,0.0,0.0,0.0,0.0,0.0,-6033.09523542601,54492.47309417041,33668.56373318386,3021.436541120024,-541.4134842469408,2727.0273653544064,-0.0,0.0,-161.20000000000002,1089.9,1764.0,-6.743175271999782,0.0,0.0,0.0,0.0,0.0,0.0,0.0,0.0,0.0,3132.2232907161792,281.0875444677642,8.387094802087022,3.5008780428853474,101.39458848334831,83.69077144657322,0.0,4.8283137373023015,0.0,0.0,0.0,0.0,0.0,0.0,0.0,0.0,0.0,0.0,0.0,0.0,0.0,0.0,0.0,0.0,0.0,0.0,0.0,0.0,0.0,0.0,0.0,0.0,0.0,1.6094379124341005,0.0,0.0,0.0,0.0,0.0,0.0,0.0,0.0,0.0,0.0,0.0,-0.0,27.84327588510994,45.06426154815482,-4.989257528545712,0.0,0.0,-0.0,0.0,0.0,-0.0,0.0,1.6094379124341005,0.0,0.0,0.0,0.0,0.0,1.6094379124341005,0.0,0.0,0.0,0.0,0.0,0.0,0.0,0.0,0.8660254037844386,0.5000000000000001,0.0,1.0,0.0,0.0,0.0,0.0,0.0,0.0,0.0,0.0,0.0,0.0,0.0,0.0,0.0,0.0,0.0,0.0,-0.0,0.0,0.0,0.0,-0.0,1946.159753363229,2.175217829677349,174.64951104740024,5.211195,-3.1,0.0,1.0,0.0,0.0,0.0,0.0,0.0,6.525653489032047,15.633585,0.0,1.6094379124341005,0.0,0.0,36.1,36.1,59.0,59.0,0.0,-3.485483870967742,70256.36709641256,114823.4254484305,0.8047189562170503,1.6094379124341005,0.0,0.0,0.0,0.16415963401642902,0.0,1.6094379124341005,3015.0
1.435483870967742,8.448387096774193,-5.522580645161291,49.5,17.12258064516129,43.99032258064516,40.516129032258064,30,0.0,29.193548387096776,28,0.0,0.6931471805599453,2.079441541679836,0.0,0.0,0.0,-0.6298568507156688,-0.6931471805599453,-2.079441541679836,-0.0,8.0,2.0,0,0,0,0,0,0,0,0,0,0,0,0,0,0,0,0,0,0,0,3,3,1,3,16.666666666666668,53,0,0,FED,BLM,3,Other Conservation Area,Fee,National Public Lands,OPEN ACCESS,0,0,1,0,0,1,1,0,0,0,1,0,0,3,0,2.175217829677349,174.64951104740024,5.211195,63,12,33,52,0.0,0.0,26.213072974760912,1946.159753363229,113.55705165863036,0.0,0.46134714782238,1.0,6.123233995736766e-17,0,1,0,0,0,0.0,0.0,3.303697481911289,0.6931471805599453,1.3862943611198906,5.168490595032472,0.0,12.813772926796531,1946.159753363229,1.1916791562928405e-13,0.0,0.0,0.0,174.64951104740024,1.0694198233842451e-14,0.0,2.175217829677349,0.0,0.0,5.211195,0.0,0.0,0.0,0.0,0.0,0.0,2793.680936279474,58384.792600896864,96334.90779147984,8645.150796846312,250.7065561809455,2990.450337547098,0.0,0.0,74.64516129032259,3118.5,1890.0,3.1224901103432914,1348.9751459629606,121.05781616867849,3.612125121598084,1.5077461057445778,43.66827237527655,36.04365338911715,0.0,2.079441541679836,0.0,4046.925437888882,363.1734485060355,10.836375364794254,4.523238317233734,131.00481712582967,108.13096016735147,0.0,6.238324625039509,0.0,0.0,0.0,0.0,0.0,0.0,0.0,0.0,0.0,0.0,0.0,0.0,0.0,0.0,0.0,0.0,0.0,0.0,0.0,0.0,0.0,0.6931471805599453,0.0,0.0,0.0,2.079441541679836,0.0,0.0,0.0,0.0,0.0,0.0,0.0,0.0,0.0,34.31078543771729,20.79441541679836,0.9950015979005666,102.93235631315189,62.38324625039509,2.9850047937017004,0.0,0.0,0.0,0.0,0.0,0.0,0.6931471805599453,2.079441541679836,0.0,0.0,0.6931471805599453,0.0,0.0,2.079441541679836,0.0,0.0,0.0,0.0,0.0,0.0,0.0,0.0,1.0,6.123233995736766e-17,0.0,0.0,0.0,0.0,0.0,0.0,0.0,0.0,0.0,0.0,0.0,0.0,0.0,0.0,0.0,0.0,0.0,0.0,0.0,0.0,0.0,0.0,0.0,1946.159753363229,2.175217829677349,174.64951104740024,5.211195,1.435483870967742,0.0,0.0,0.0,0.0,0.0,0.0,0.0,6.525653489032047,15.633585,0.6931471805599453,2.079441541679836,0.0,0.0,85.6,85.6,89.0,89.0,0.0,-1.8451612903225805,166591.2748878924,173208.21804932738,0.9802581434685472,2.7725887222397816,0.0,0.0,0.0,0.2827988246111342,0.0,0.0,5855.0
6.426666666666667,14.603333333333332,-1.5733333333333337,40.6,17.583333333333332,43.99666666666667,37.3,19,0.0,29.64333333333333,28,0.0,0.0,2.5649493574615367,0.0,0.0,0.0,-0.6298568507156688,-0.0,-2.5649493574615367,-0.0,12.0,1.0,0,0,0,0,0,0,0,0,0,0,0,0,0,0,0,0,0,0,0,3,3,1,3,16.666666666666668,53,0,0,FED,BLM,3,Other Conservation Area,Fee,National Public Lands,OPEN ACCESS,0,0,1,0,0,1,1,0,0,0,1,0,0,3,0,2.175217829677349,174.64951104740024,5.211195,63,12,33,52,0.0,0.0,26.213072974760912,1946.159753363229,113.55705165863036,0.0,0.46134714782238,0.8660254037844387,-0.4999999999999998,0,1,0,0,0,0.0,0.0,3.303697481911289,0.6931471805599453,1.3862943611198906,5.168490595032472,0.0,12.813772926796531,1685.423786235414,-973.079876681614,0.0,0.0,0.0,151.25091332557955,-87.32475552370008,0.0,1.8837938992654368,0.0,0.0,4.513027254074448,0.0,0.0,0.0,0.0,0.0,0.0,12507.320014947683,36977.03531390135,79014.0859865471,7090.77014852445,1122.414190997959,3070.9205692501205,0.0,0.0,334.18666666666667,2557.8,1197.0,13.979399918726427,0.0,0.0,0.0,0.0,0.0,0.0,0.0,0.0,0.0,4991.801208906517,447.9671511420008,13.366451266856773,5.579323574569795,161.59180952007682,133.37736658799992,0.0,7.694848072384611,0.0,0.0,0.0,0.0,0.0,0.0,0.0,0.0,0.0,0.0,0.0,0.0,0.0,0.0,0.0,0.0,0.0,0.0,0.0,0.0,0.0,0.0,0.0,0.0,0.0,2.5649493574615367,0.0,0.0,0.0,0.0,0.0,0.0,0.0,0.0,0.0,0.0,0.0,0.0,104.1369439129384,48.7340377917692,16.484074537286144,0.0,0.0,0.0,0.0,0.0,0.0,0.0,2.5649493574615367,0.0,0.0,0.0,0.0,0.0,2.5649493574615367,0.0,0.0,0.0,0.0,0.0,0.0,0.0,0.0,0.8660254037844387,-0.4999999999999998,0.0,0.0,0.0,-0.0,0.0,0.0,0.0,-0.0,0.0,0.0,0.0,-0.0,0.0,0.0,0.0,0.0,0.0,0.0,0.0,0.0,0.0,0.0,0.0,1946.159753363229,2.175217829677349,174.64951104740024,5.211195,6.426666666666667,0.0,0.0,0.0,0.0,0.0,0.0,0.0,6.525653489032047,15.633585,0.0,2.5649493574615367,0.0,0.0,126.2,107.4,108.0,77.0,0.0,1.5873835125448028,245605.3608744395,210185.25336322872,1.2824746787307684,2.5649493574615367,0.0,0.0,0.0,0.26162000070866437,0.0,0.0,6652.5
11.8,18.18064516129032,4.935483870967742,93.1,17.603225806451615,44.380645161290325,52.67741935483871,1,0.0,41.34838709677419,23,0.0,0.0,2.4849066497880004,0.0,0.0,0.0,-0.6298568507156688,-0.0,-2.4849066497880004,-0.0,11.0,1.0,0,0,0,0,0,0,0,0,0,0,0,0,0,0,0,0,0,0,0,3,3,1,3,16.666666666666668,53,0,0,FED,BLM,3,Other Conservation Area,Fee,National Public Lands,OPEN ACCESS,0,0,1,0,0,1,1,0,0,0,1,0,0,3,0,2.175217829677349,174.64951104740024,5.211195,63,12,33,52,0.0,0.0,26.213072974760912,1946.159753363229,113.55705165863036,0.0,0.46134714782238,0.4999999999999999,-0.8660254037844387,0,1,0,0,0,0.0,0.0,3.303697481911289,0.6931471805599453,1.3862943611198906,5.168490595032472,0.0,12.813772926796531,973.0798766816145,-1685.423786235414,0.0,0.0,0.0,87.3247555237001,-151.25091332557955,0.0,1.0876089148386745,0.0,0.0,2.6055975,0.0,0.0,0.0,0.0,0.0,0.0,22964.685089686103,1946.159753363229,181187.4730381166,16259.86947851296,2060.864230359323,3074.3947799537523,0.0,0.0,613.6,5865.299999999999,63.0,25.66757039019272,0.0,0.0,0.0,0.0,0.0,0.0,0.0,0.0,0.0,4836.025312682063,433.98773138390766,12.949333108841978,5.405213249702666,156.54911893664402,129.21514578897603,0.0,7.4547199493640015,0.0,0.0,0.0,0.0,0.0,0.0,0.0,0.0,0.0,0.0,0.0,0.0,0.0,0.0,0.0,0.0,0.0,0.0,0.0,0.0,0.0,0.0,0.0,0.0,0.0,2.4849066497880004,0.0,0.0,0.0,0.0,0.0,0.0,0.0,0.0,0.0,0.0,0.0,0.0,231.34480909526283,2.4849066497880004,29.321898467498407,0.0,0.0,0.0,0.0,0.0,0.0,0.0,2.4849066497880004,0.0,0.0,0.0,0.0,0.0,2.4849066497880004,0.0,0.0,0.0,0.0,0.0,0.0,0.0,0.0,0.4999999999999999,-0.8660254037844387,0.0,0.0,0.0,-0.0,0.0,0.0,0.0,-0.0,0.0,0.0,0.0,-0.0,0.0,0.0,0.0,0.0,0.0,0.0,0.0,0.0,0.0,0.0,0.0,1946.159753363229,2.175217829677349,174.64951104740024,5.211195,11.8,0.0,0.0,0.0,0.0,0.0,0.0,0.0,6.525653489032047,15.633585,0.0,2.4849066497880004,0.0,0.0,219.3,183.2,109.0,50.0,0.0,6.55405017921147,426792.8339125561,212131.41311659195,1.2424533248940002,2.4849066497880004,0.0,0.0,0.0,0.2534557953697338,0.0,0.0,5722.5
20.28,27.976666666666667,11.533333333333331,18.9,18.75,47.09333333333333,40.73333333333333,0,3.22,41.99666666666667,29,0.0,0.0,2.3978952727983707,0.0,0.0,0.0,-0.6298568507156688,-0.0,-2.3978952727983707,-0.0,10.0,1.0,0,0,0,0,0,0,0,0,0,0,0,0,0,0,0,0,0,0,0,3,3,1,3,16.666666666666668,53,0,0,FED,BLM,3,Other Conservation Area,Fee,National Public Lands,OPEN ACCESS,0,0,1,0,0,1,1,0,0,0,1,0,0,3,0,2.175217829677349,174.64951104740024,5.211195,63,12,33,52,0.0,0.0,26.213072974760912,1946.159753363229,113.55705165863036,0.0,0.46134714782238,1.2246467991473532e-16,-1.0,0,0,1,0,1,0.0,0.0,3.303697481911289,0.6931471805599453,1.3862943611198906,5.168490595032472,0.0,12.813772926796531,2.3833583125856805e-13,-1946.159753363229,1946.159753363229,0.0,174.64951104740024,2.1388396467684902e-14,-174.64951104740024,2.175217829677349,2.663873552562618e-16,0.0,5.211195,6.381873276482692e-16,0.0,0.0,0.0,0.0,0.0,0.0,39468.11979820629,0.0,36782.41933856502,3300.8757587958644,3541.892084041277,3274.6783321387543,0.0,0.0,1054.56,1190.6999999999998,0.0,44.11341758585664,0.0,0.0,0.0,0.0,0.0,0.0,0.0,0.0,0.0,4666.687272700129,418.79123693710784,12.495899856130505,5.215944551090047,151.06740218629736,124.69055418551528,0.0,7.193685818395112,0.0,0.0,0.0,0.0,0.0,0.0,0.0,0.0,0.0,0.0,0.0,0.0,0.0,0.0,0.0,0.0,0.0,0.0,0.0,0.0,0.0,0.0,0.0,0.0,0.0,2.3978952727983707,0.0,0.0,0.0,0.0,0.0,0.0,0.0,0.0,0.0,0.0,0.0,0.0,45.3202206558892,0.0,48.62931613235096,0.0,0.0,0.0,0.0,0.0,0.0,0.0,2.3978952727983707,0.0,0.0,0.0,0.0,0.0,2.3978952727983707,0.0,0.0,0.0,0.0,0.0,0.0,0.0,0.0,1.2246467991473532e-16,-1.0,1.0,0.0,0.0,-0.0,0.0,0.0,0.0,-0.0,0.0,0.0,0.0,-0.0,0.0,0.0,0.0,0.0,0.0,0.0,0.0,0.0,0.0,0.0,0.0,1946.159753363229,2.175217829677349,174.64951104740024,5.211195,20.28,1.0,0.0,0.0,0.0,0.0,0.0,0.0,6.525653489032047,15.633585,0.0,2.3978952727983707,0.0,0.0,238.2,152.6,109.0,20.0,3.22,12.835555555555558,463575.2532511211,212131.41311659195,1.1989476363991851,2.3978952727983707,0.0,0.0,1.0,0.24458079889330528,2.3978952727983707,0.0,4105.0
22.070967741935487,29.116129032258065,14.351612903225806,45.6,17.177419354838708,44.5516129032258,40.38709677419355,0,4.070967741935484,47.79677419354839,30,0.0,0.0,1.0986122886681098,0.0,0.0,0.0,-0.6298568507156688,-0.0,-1.0986122886681098,-0.0,2.0,1.0,0,0,0,0,0,0,0,0,0,0,0,0,0,0,0,0,0,0,0,3,3,1,3,16.666666666666668,53,0,0,FED,BLM,3,Other Conservation Area,Fee,National Public Lands,OPEN ACCESS,0,0,1,0,0,1,1,0,0,0,1,0,0,3,0,2.175217829677349,174.64951104740024,5.211195,63,12,33,52,0.0,0.0,26.213072974760912,1946.159753363229,113.55705165863036,0.0,0.46134714782238,-0.4999999999999997,-0.8660254037844388,0,0,1,0,1,0.0,0.0,3.303697481911289,0.6931471805599453,1.3862943611198906,5.168490595032472,0.0,12.813772926796531,-973.079876681614,-1685.423786235414,1946.159753363229,0.0,174.64951104740024,-87.32475552370008,-151.2509133255796,2.175217829677349,-1.0876089148386738,0.0,5.211195,-2.6055974999999987,0.0,-0.0,0.0,-0.0,0.0,-0.0,42953.62913713295,0.0,88744.88475336324,7964.017703761451,3854.683724471976,3000.0278913787297,0.0,0.0,1147.6903225806452,2872.8,0.0,48.00916255049169,0.0,0.0,0.0,0.0,0.0,0.0,0.0,0.0,0.0,2138.075020756141,191.8720990465507,5.725082865645811,2.389721038213511,69.21257418609092,57.12783901074171,0.0,3.295836866004329,0.0,0.0,0.0,0.0,0.0,0.0,0.0,0.0,0.0,0.0,0.0,0.0,0.0,0.0,0.0,0.0,0.0,0.0,0.0,0.0,0.0,0.0,0.0,0.0,0.0,1.0986122886681098,0.0,0.0,0.0,0.0,0.0,0.0,0.0,0.0,0.0,0.0,0.0,0.0,50.09672036326581,0.0,24.247436384087766,0.0,0.0,0.0,0.0,0.0,0.0,0.0,1.0986122886681098,0.0,0.0,0.0,0.0,0.0,1.0986122886681098,0.0,0.0,0.0,0.0,0.0,0.0,0.0,0.0,-0.4999999999999997,-0.8660254037844388,1.0,0.0,-0.0,-0.0,0.0,0.0,-0.0,-0.0,0.0,0.0,-0.0,-0.0,0.0,0.0,0.0,0.0,0.0,0.0,0.0,0.0,0.0,0.0,0.0,1946.159753363229,2.175217829677349,174.64951104740024,5.211195,22.070967741935487,1.0,0.0,0.0,0.0,0.0,0.0,0.0,6.525653489032047,15.633585,0.0,1.0986122886681098,0.0,0.0,283.8,157.6,109.0,1.0,7.290967741935484,18.05032258064516,552320.1380044844,212131.41311659195,0.5493061443340549,1.0986122886681098,0.0,0.0,1.0,0.11205638306416672,1.0986122886681098,0.0,4000.0
21.416129032258063,28.896774193548385,13.448387096774193,30.5,16.73225806451613,42.28387096774193,32.193548387096776,0,3.5000000000000004,42.9483870967742,30,1.0,0.0,1.3862943611198906,0.0,3.828641396489095,3.828641396489095,-0.6298568507156688,-0.0,-1.3862943611198906,-0.0,48.0,2.0,0,0,0,0,0,0,0,0,0,0,0,0,0,0,0,0,0,0,0,3,3,1,3,16.666666666666668,53,0,0,FED,BLM,3,Other Conservation Area,Fee,National Public Lands,OPEN ACCESS,0,0,1,0,0,1,1,0,0,0,1,0,0,3,0,2.175217829677349,174.64951104740024,5.211195,63,12,33,52,0.0,0.0,26.213072974760912,1946.159753363229,113.55705165863036,0.0,0.46134714782238,-0.8660254037844385,-0.5000000000000004,0,0,1,0,1,0.0,0.0,3.303697481911289,0.6931471805599453,1.3862943611198906,5.168490595032472,0.0,12.813772926796531,-1685.4237862354134,-973.0798766816154,1946.159753363229,0.0,174.64951104740024,-151.25091332557955,-87.32475552370019,2.175217829677349,-1.883793899265436,0.0,5.211195,-4.513027254074447,0.0,-0.0,0.0,-0.0,0.0,-0.0,41679.20839541444,0.0,59357.87247757848,5326.810086945708,3740.316464011904,2922.280689686662,0.0,0.0,1113.6387096774192,1921.5,0.0,46.58474571363845,0.0,0.0,0.0,0.0,0.0,0.0,0.0,0.0,0.0,2697.950291925921,242.11563233735697,7.224250243196169,3.015492211489156,87.3365447505531,72.0873067782343,0.0,4.158883083359672,0.0,0.0,0.0,0.0,0.0,0.0,0.0,0.0,0.0,0.0,7451.1477959074655,668.6703478726561,19.95179690217699,8.328129029083865,241.20440797881292,199.0893526174329,0.0,11.485924189467283,0.0,0.0,0.0,0.0,0.0,0.0,0.0,1.3862943611198906,0.0,0.0,0.0,0.0,0.0,0.0,0.0,3.828641396489095,0.0,0.0,0.0,0.0,42.28197801415666,0.0,29.68905891443533,0.0,0.0,0.0,116.7735625929174,0.0,81.99467816545516,0.0,1.3862943611198906,0.0,3.828641396489095,0.0,0.0,0.0,1.3862943611198906,0.0,0.0,0.0,0.0,0.0,3.828641396489095,0.0,0.0,-0.8660254037844385,-0.5000000000000004,1.0,0.0,-0.0,-0.0,0.0,0.0,-0.0,-0.0,0.0,0.0,-0.0,-0.0,0.0,0.0,0.0,0.0,0.0,0.0,0.0,0.0,0.0,0.0,0.0,1946.159753363229,2.175217829677349,174.64951104740024,5.211195,21.416129032258063,1.0,0.0,0.0,0.0,0.0,0.0,0.0,6.525653489032047,15.633585,0.0,1.3862943611198906,0.0,3.828641396489095,314.3,95.0,109.0,0.0,10.790967741935486,21.255698924731185,611678.0104820628,212131.41311659195,1.8056779206700155,5.214935757608986,0.0,0.0,1.0,0.5319136195154922,5.214935757608986,0.0,3082.5
18.94,26.77,11.213333333333331,12.8,18.566666666666663,46.18666666666666,26.7,0,1.9266666666666667,38.940000000000005,30,1.0,0.0,1.0986122886681098,0.0,3.332204510175204,3.332204510175204,-0.6298568507156688,-0.0,-1.0986122886681098,-0.0,29.0,2.0,0,0,0,0,0,0,0,0,0,0,0,0,0,0,0,0,0,0,0,3,3,1,3,16.666666666666668,53,0,0,FED,BLM,3,Other Conservation Area,Fee,National Public Lands,OPEN ACCESS,0,0,1,0,0,1,1,0,0,0,1,0,0,3,0,2.175217829677349,174.64951104740024,5.211195,63,12,33,52,0.0,0.0,26.213072974760912,1946.159753363229,113.55705165863036,0.0,0.46134714782238,-1.0,-1.8369701987210292e-16,0,0,0,1,0,0.0,0.0,3.303697481911289,0.6931471805599453,1.3862943611198906,5.168490595032472,0.0,12.813772926796531,-1946.159753363229,-3.5750374688785213e-13,0.0,0.0,0.0,-174.64951104740024,-3.2082594701527346e-14,0.0,-2.175217829677349,0.0,0.0,-5.211195,0.0,-0.0,0.0,-0.0,0.0,-0.0,36860.26572869956,0.0,24910.84484304933,2235.513741406723,3307.861739237761,3242.659255113397,0.0,0.0,984.88,806.4000000000001,0.0,41.198625694089,0.0,0.0,0.0,0.0,0.0,0.0,0.0,0.0,0.0,2138.075020756141,191.8720990465507,5.725082865645811,2.389721038213511,69.21257418609092,57.12783901074171,0.0,3.295836866004329,0.0,0.0,0.0,0.0,0.0,0.0,0.0,0.0,0.0,0.0,6485.002307678414,581.9678884120411,17.36476748240247,7.248270662664381,209.92888414103783,173.2746345291106,0.0,9.996613530525613,0.0,0.0,0.0,0.0,0.0,0.0,0.0,1.0986122886681098,0.0,0.0,0.0,0.0,0.0,0.0,0.0,3.332204510175204,0.0,0.0,0.0,0.0,14.062237294951808,0.0,20.807716747374,0.0,0.0,0.0,42.65221773024261,0.0,63.111953422718365,0.0,1.0986122886681098,0.0,3.332204510175204,0.0,0.0,0.0,1.0986122886681098,0.0,0.0,0.0,0.0,0.0,3.332204510175204,0.0,0.0,-1.0,-1.8369701987210292e-16,0.0,0.0,-0.0,-0.0,0.0,0.0,-0.0,-0.0,0.0,0.0,-0.0,-0.0,0.0,0.0,0.0,0.0,0.0,0.0,0.0,0.0,0.0,0.0,0.0,1946.159753363229,2.175217829677349,174.64951104740024,5.211195,18.94,0.0,0.0,0.0,0.0,0.0,0.0,0.0,6.525653489032047,15.633585,0.0,1.0986122886681098,0.0,3.332204510175204,327.1,88.89999999999999,109.0,0.0,12.717634408602152,20.80903225806452,636588.8553251122,212131.41311659195,1.570827964505399,4.430816798843313,0.0,0.0,0.0,0.45193496342577694,0.0,0.0,3737.5
10.493548387096777,18.503225806451614,3.2580645161290325,8.6,16.661290322580644,40.78387096774193,33.41935483870968,3,0.0,31.12258064516129,29,1.0,0.0,2.079441541679836,0.0,2.8903717578961645,2.8903717578961645,-0.6298568507156688,-0.0,-2.079441541679836,-0.0,24.0,2.0,0,0,0,0,0,0,0,0,0,0,0,0,0,0,0,0,0,0,0,3,3,1,3,16.666666666666668,53,0,0,FED,BLM,3,Other Conservation Area,Fee,National Public Lands,OPEN ACCESS,0,0,1,0,0,1,1,0,0,0,1,0,0,3,0,2.175217829677349,174.64951104740024,5.211195,63,12,33,52,0.0,0.0,26.213072974760912,1946.159753363229,113.55705165863036,0.0,0.46134714782238,-0.8660254037844386,0.5000000000000001,0,0,0,1,0,0.0,0.0,3.303697481911289,0.6931471805599453,1.3862943611198906,5.168490595032472,0.0,12.813772926796531,-1685.4237862354137,973.0798766816148,0.0,0.0,0.0,-151.25091332557955,87.32475552370013,0.0,-1.8837938992654364,0.0,0.0,-4.513027254074448,0.0,-0.0,0.0,-0.0,0.0,-0.0,20422.121540937373,5838.479260089687,16736.973878923767,1501.985795007642,1832.693094958688,2909.886208257491,0.0,0.0,545.6645161290323,541.8,189.0,22.825753548194896,0.0,0.0,0.0,0.0,0.0,0.0,0.0,0.0,0.0,4046.925437888882,363.1734485060355,10.836375364794254,4.523238317233734,131.00481712582967,108.13096016735147,0.0,6.238324625039509,0.0,0.0,0.0,0.0,0.0,0.0,0.0,0.0,0.0,0.0,5625.125187475242,504.8020142617799,15.062290852889705,6.287188182171599,182.0934207474584,150.29933141060056,0.0,8.671115273688493,0.0,0.0,0.0,0.0,0.0,0.0,0.0,2.079441541679836,0.0,0.0,0.0,0.0,0.0,0.0,0.0,2.8903717578961645,0.0,0.0,0.0,0.0,17.88319725844659,6.238324625039509,21.82072043575648,0.0,0.0,0.0,24.857197117907013,8.671115273688493,30.33025589818137,0.0,2.079441541679836,0.0,2.8903717578961645,0.0,0.0,0.0,2.079441541679836,0.0,0.0,0.0,0.0,0.0,2.8903717578961645,0.0,0.0,-0.8660254037844386,0.5000000000000001,0.0,0.0,-0.0,0.0,0.0,0.0,-0.0,0.0,0.0,0.0,-0.0,0.0,0.0,0.0,0.0,0.0,0.0,0.0,0.0,0.0,0.0,0.0,0.0,1946.159753363229,2.175217829677349,174.64951104740024,5.211195,10.493548387096777,0.0,0.0,0.0,0.0,0.0,0.0,0.0,6.525653489032047,15.633585,0.0,2.079441541679836,0.0,2.8903717578961645,335.7,51.9,112.0,3.0,12.717634408602152,16.94989247311828,653325.8292040359,217969.89237668164,1.4723637419635762,4.969813299576001,0.0,0.0,0.0,0.5069115907394676,0.0,0.0,4640.0
6.16,15.213333333333331,-0.6233333333333334,10.7,15.613333333333337,37.85,41.3,18,0.0,27.41,28,1.0,0.0,1.0986122886681098,0.0,3.1354942159291497,3.1354942159291497,-0.6298568507156688,-0.0,-1.0986122886681098,-0.0,24.0,2.0,0,0,0,0,0,0,0,0,0,0,0,0,0,0,0,0,0,0,0,3,3,1,3,16.666666666666668,53,0,0,FED,BLM,3,Other Conservation Area,Fee,National Public Lands,OPEN ACCESS,0,0,1,0,0,1,1,0,0,0,1,0,0,3,0,2.175217829677349,174.64951104740024,5.211195,63,12,33,52,0.0,0.0,26.213072974760912,1946.159753363229,113.55705165863036,0.0,0.46134714782238,-0.5000000000000004,0.8660254037844384,0,0,0,1,0,0.0,0.0,3.303697481911289,0.6931471805599453,1.3862943611198906,5.168490595032472,0.0,12.813772926796531,-973.0798766816154,1685.4237862354132,0.0,0.0,0.0,-87.32475552370019,151.25091332557952,0.0,-1.0876089148386754,0.0,0.0,-2.6055975000000022,0.0,-0.0,0.0,-0.0,0.0,-0.0,11988.34408071749,35030.87556053812,20823.90936098655,1868.7497682071823,1075.8409880519855,2726.861032486743,0.0,0.0,320.32,674.0999999999999,1134.0,13.399341830812473,0.0,0.0,0.0,0.0,0.0,0.0,0.0,0.0,0.0,2138.075020756141,191.8720990465507,5.725082865645811,2.389721038213511,69.21257418609092,57.12783901074171,0.0,3.295836866004329,0.0,0.0,0.0,0.0,0.0,0.0,0.0,0.0,0.0,0.0,6102.172649944505,547.6125317039775,16.339671780578904,6.820382923339286,197.5361356035364,163.04569922831578,0.0,9.406482647787447,0.0,0.0,0.0,0.0,0.0,0.0,0.0,1.0986122886681098,0.0,0.0,0.0,0.0,0.0,0.0,0.0,3.1354942159291497,0.0,0.0,0.0,0.0,11.755151488748774,19.77502119602597,6.767451698195557,0.0,0.0,0.0,33.5497881104419,56.43889588672469,19.314644370123563,0.0,1.0986122886681098,0.0,3.1354942159291497,0.0,0.0,0.0,1.0986122886681098,0.0,0.0,0.0,0.0,0.0,3.1354942159291497,0.0,0.0,-0.5000000000000004,0.8660254037844384,0.0,0.0,-0.0,0.0,0.0,0.0,-0.0,0.0,0.0,0.0,-0.0,0.0,0.0,0.0,0.0,0.0,0.0,0.0,0.0,0.0,0.0,0.0,0.0,1946.159753363229,2.175217829677349,174.64951104740024,5.211195,6.16,0.0,0.0,0.0,0.0,0.0,0.0,0.0,6.525653489032047,15.633585,0.0,1.0986122886681098,0.0,3.1354942159291497,346.4,32.1,130.0,21.0,12.717634408602152,11.86451612903226,674149.7385650225,253000.76793721976,1.4783277112861375,4.23410650459726,0.0,0.0,0.0,0.4318708841213083,0.0,0.0,4172.5
2.338709677419355,9.751612903225809,-3.358064516129032,6.2,16.683870967741935,41.774193548387096,43.83870967741935,27,0.0,22.370967741935484,24,1.0,0.0,2.19722457733622,0.0,2.995732273553991,2.995732273553991,-0.6298568507156688,-0.0,-2.19722457733622,-0.0,27.0,2.0,0,0,0,0,0,0,0,0,0,0,0,0,0,0,0,0,0,0,0,3,3,1,3,16.666666666666668,53,0,0,FED,BLM,3,Other Conservation Area,Fee,National Public Lands,OPEN ACCESS,0,0,1,0,0,1,1,0,0,0,1,0,0,3,0,2.175217829677349,174.64951104740024,5.211195,63,12,33,52,0.0,0.0,26.213072974760912,1946.159753363229,113.55705165863036,0.0,0.46134714782238,-2.4492935982947064e-16,1.0,1,0,0,0,0,0.0,0.0,3.303697481911289,0.6931471805599453,1.3862943611198906,5.168490595032472,0.0,12.813772926796531,-4.766716625171361e-13,1946.159753363229,0.0,1946.159753363229,0.0,-4.2776792935369805e-14,174.64951104740024,0.0,-5.327747105125236e-16,2.175217829677349,0.0,-1.2763746552965384e-15,0.0,-0.0,0.0,-0.0,0.0,-0.0,4551.502648994649,52546.31334080718,12066.19047085202,1082.8269684938816,408.4545016431135,2913.829906894045,0.0,0.0,121.61290322580646,390.6,1701.0,5.087202988761542,0.0,0.0,0.0,0.0,0.0,0.0,0.0,0.0,0.0,4276.150041512283,383.7441980931015,11.450165731291625,4.779442076427023,138.42514837218187,114.25567802148343,0.0,6.59167373200866,0.0,0.0,0.0,0.0,0.0,0.0,0.0,0.0,0.0,0.0,5830.1735826421,523.2031768051212,15.611345045283189,6.516370254374502,188.73113323390143,155.77807822480753,0.0,8.987196820661973,0.0,0.0,0.0,0.0,0.0,0.0,0.0,2.19722457733622,0.0,0.0,0.0,0.0,0.0,0.0,0.0,2.995732273553991,0.0,0.0,0.0,0.0,13.622792379484563,59.32506358807794,5.138670382479869,0.0,0.0,0.0,18.573540096034744,80.88477138595775,7.006148059118205,0.0,2.19722457733622,0.0,2.995732273553991,0.0,0.0,0.0,2.19722457733622,0.0,0.0,0.0,0.0,0.0,2.995732273553991,0.0,0.0,-2.4492935982947064e-16,1.0,0.0,1.0,-0.0,0.0,0.0,0.0,-0.0,0.0,0.0,0.0,-0.0,0.0,0.0,0.0,0.0,0.0,0.0,0.0,0.0,0.0,0.0,0.0,0.0,1946.159753363229,2.175217829677349,174.64951104740024,5.211195,2.338709677419355,0.0,1.0,0.0,0.0,0.0,0.0,0.0,6.525653489032047,15.633585,0.0,2.19722457733622,0.0,2.995732273553991,352.6,25.5,157.0,48.0,12.717634408602152,6.330752688172045,686215.9290358745,305547.0812780269,1.5341129341589557,5.19295685089021,0.0,0.0,0.0,0.5296718124503296,0.0,5.19295685089021,3195.0
-1.970967741935484,6.419354838709677,-8.600000000000001,26.4,14.85483870967742,36.88709677419355,45.58064516129032,31,0.0,24.10967741935484,25,1.0,0.0,2.19722457733622,0.6931471805599453,3.49650756146648,3.49650756146648,0.3701431492843312,0.0,0.0,0.0,41.0,3.0,0,0,0,0,0,0,0,0,0,0,0,0,0,0,0,0,0,0,0,3,3,1,3,16.666666666666668,53,0,0,FED,BLM,3,Other Conservation Area,Fee,National Public Lands,OPEN ACCESS,0,0,1,0,0,1,1,0,0,0,1,0,0,3,0,2.175217829677349,174.64951104740024,5.211195,63,12,33,52,0.0,0.0,26.213072974760912,1946.159753363229,113.55705165863036,0.0,0.46134714782238,0.4999999999999999,0.8660254037844387,1,0,0,0,0,0.0,0.0,3.303697481911289,0.6931471805599453,1.3862943611198906,5.168490595032472,0.0,12.813772926796531,973.0798766816145,1685.423786235414,0.0,1946.159753363229,0.0,87.3247555237001,151.25091332557955,0.0,1.0876089148386745,2.175217829677349,0.0,2.6055975,0.0,0.0,0.0,0.0,0.0,0.0,-3835.818094532042,60330.952354260095,51378.61748878924,4610.747091651366,-344.2285524192308,2594.390317333155,-0.0,0.0,-102.49032258064516,1663.1999999999998,1953.0,-4.287284173976969,0.0,0.0,0.0,0.0,0.0,0.0,0.0,0.0,0.0,4276.150041512283,383.7441980931015,11.450165731291625,4.779442076427023,138.42514837218187,114.25567802148343,0.0,6.59167373200866,0.0,1348.9751459629606,121.05781616867849,3.612125121598084,1.5077461057445778,43.66827237527655,36.04365338911715,0.0,2.079441541679836,0.0,6804.76229345627,610.6633359836584,18.22098272177632,7.605665589303556,220.27997637238823,181.8183931962569,0.0,10.48952268439944,0.0,0.0,0.0,0.0,0.0,0.0,0.0,2.19722457733622,0.0,0.0,0.0,0.6931471805599453,0.0,0.0,0.0,3.49650756146648,0.0,0.0,0.0,-0.0,58.00672884167621,68.11396189742283,-4.330658763717518,18.299085566782555,21.487562597358306,-1.3661707332971826,92.30779962271508,108.39173440546088,-6.891503613083933,0.0,2.19722457733622,0.6931471805599453,3.49650756146648,0.0,0.0,0.0,2.19722457733622,0.0,0.0,0.6931471805599453,0.0,0.0,3.49650756146648,0.0,0.0,0.4999999999999999,0.8660254037844387,0.0,1.0,0.0,0.0,0.0,0.0,0.0,0.0,0.0,0.0,0.0,0.0,0.0,0.0,0.0,0.0,0.0,0.0,-0.0,0.0,0.0,0.0,-0.0,1946.159753363229,2.175217829677349,174.64951104740024,5.211195,-1.970967741935484,0.0,1.0,0.0,0.0,0.0,0.0,0.0,6.525653489032047,15.633585,0.0,2.19722457733622,0.6931471805599453,3.49650756146648,26.4,43.3,31.0,76.0,0.0,2.175913978494625,51378.61748878924,60330.952354260095,1.5637302756054443,6.386879319362645,0.0,0.0,0.0,0.6514496542385889,0.0,6.386879319362645,3485.0
-6.614285714285714,1.6214285714285714,-14.042857142857144,47.9,14.289285714285716,35.97857142857143,38.07142857142857,28,0.0,24.457142857142856,26,1.0,0.0,1.6094379124341005,0.0,3.784189633918261,3.784189633918261,0.3701431492843312,0.0,0.0,0.0,47.0,2.0,0,0,0,0,0,0,0,0,0,0,0,0,0,0,0,0,0,0,0,3,3,1,3,16.666666666666668,53,0,0,FED,BLM,3,Other Conservation Area,Fee,National Public Lands,OPEN ACCESS,0,0,1,0,0,1,1,0,0,0,1,0,0,3,0,2.175217829677349,174.64951104740024,5.211195,63,12,33,52,0.0,0.0,26.213072974760912,1946.159753363229,113.55705165863036,0.0,0.46134714782238,0.8660254037844386,0.5000000000000001,1,0,0,0,0,0.0,0.0,3.303697481911289,0.6931471805599453,1.3862943611198906,5.168490595032472,0.0,12.813772926796531,1685.4237862354137,973.0798766816148,0.0,1946.159753363229,0.0,151.25091332557955,87.32475552370013,0.0,1.8837938992654364,2.175217829677349,0.0,4.513027254074448,0.0,0.0,0.0,0.0,0.0,0.0,-12872.456654388214,54492.47309417041,93221.05218609866,8365.711579170471,-1155.1817659278045,2495.6167632166016,-0.0,0.0,-343.9428571428571,3017.7,1764.0,-14.387512216294464,0.0,0.0,0.0,0.0,0.0,0.0,0.0,0.0,0.0,3132.2232907161792,281.0875444677642,8.387094802087022,3.5008780428853474,101.39458848334831,83.69077144657322,0.0,4.8283137373023015,0.0,0.0,0.0,0.0,0.0,0.0,0.0,0.0,0.0,0.0,7364.63756462605,660.9068692744648,19.72015009932668,8.231436762579202,238.40394693685045,196.7778609637496,0.0,11.352568901754784,0.0,0.0,0.0,0.0,0.0,0.0,0.0,1.6094379124341005,0.0,0.0,0.0,0.0,0.0,0.0,0.0,3.784189633918261,0.0,0.0,0.0,-0.0,77.09207600559341,45.06426154815482,-10.645282192242693,0.0,0.0,-0.0,181.2626834646847,105.95730974971131,-25.02971143577364,0.0,1.6094379124341005,0.0,3.784189633918261,0.0,0.0,0.0,1.6094379124341005,0.0,0.0,0.0,0.0,0.0,3.784189633918261,0.0,0.0,0.8660254037844386,0.5000000000000001,0.0,1.0,0.0,0.0,0.0,0.0,0.0,0.0,0.0,0.0,0.0,0.0,0.0,0.0,0.0,0.0,0.0,0.0,-0.0,0.0,0.0,0.0,-0.0,1946.159753363229,2.175217829677349,174.64951104740024,5.211195,-6.614285714285714,0.0,1.0,0.0,0.0,0.0,0.0,0.0,6.525653489032047,15.633585,0.0,1.6094379124341005,0.0,3.784189633918261,74.3,80.5,59.0,86.0,0.0,-2.0821812596006133,144599.6696748879,114823.4254484305,1.7923519978175706,5.393627546352361,0.0,0.0,0.0,0.5501398452153013,0.0,5.393627546352361,2215.0
1.103225806451613,9.187096774193549,-5.932258064516129,22.0,16.161290322580644,39.20967741935484,49.2258064516129,28,0.0,27.845161290322583,24,1.0,0.0,1.791759469228055,0.0,4.007333185232471,4.007333185232471,0.3701431492843312,0.0,0.0,0.0,59.0,2.0,0,0,0,0,0,0,0,0,0,0,0,0,0,0,0,0,0,0,0,3,3,1,3,16.666666666666668,53,0,0,FED,BLM,3,Other Conservation Area,Fee,National Public Lands,OPEN ACCESS,0,0,1,0,0,1,1,0,0,0,1,0,0,3,0,2.175217829677349,174.64951104740024,5.211195,63,12,33,52,0.0,0.0,26.213072974760912,1946.159753363229,113.55705165863036,0.0,0.46134714782238,1.0,6.123233995736766e-17,0,1,0,0,0,0.0,0.0,3.303697481911289,0.6931471805599453,1.3862943611198906,5.168490595032472,0.0,12.813772926796531,1946.159753363229,1.1916791562928405e-13,0.0,0.0,0.0,174.64951104740024,1.0694198233842451e-14,0.0,2.175217829677349,0.0,0.0,5.211195,0.0,0.0,0.0,0.0,0.0,0.0,2147.0536633878205,54492.47309417041,42815.51457399104,3842.289243042805,192.677847671648,2822.5614527337907,0.0,0.0,57.36774193548387,1386.0,1764.0,2.3997564443537205,0.0,0.0,0.0,0.0,0.0,0.0,0.0,0.0,0.0,3487.050166719101,312.9299152152292,9.337207987243891,3.897467143958088,112.88084656136746,93.17149239985886,0.0,5.375278407684165,0.0,0.0,0.0,0.0,0.0,0.0,0.0,0.0,0.0,0.0,7798.910563416309,699.878781404872,20.882994658217527,8.716822593975394,252.46199066964567,208.3813256320885,0.0,12.021999555697413,0.0,0.0,0.0,0.0,0.0,0.0,0.0,1.791759469228055,0.0,0.0,0.0,0.0,0.0,0.0,0.0,4.007333185232471,0.0,0.0,0.0,0.0,39.418708323017206,50.16926513838554,1.976715285406435,0.0,0.0,0.0,88.16133007511436,112.2053291865092,4.420993384998404,0.0,1.791759469228055,0.0,4.007333185232471,0.0,0.0,0.0,1.791759469228055,0.0,0.0,0.0,0.0,0.0,4.007333185232471,0.0,0.0,1.0,6.123233995736766e-17,0.0,0.0,0.0,0.0,0.0,0.0,0.0,0.0,0.0,0.0,0.0,0.0,0.0,0.0,0.0,0.0,0.0,0.0,0.0,0.0,0.0,0.0,0.0,1946.159753363229,2.175217829677349,174.64951104740024,5.211195,1.103225806451613,0.0,0.0,0.0,0.0,0.0,0.0,0.0,6.525653489032047,15.633585,0.0,1.791759469228055,0.0,4.007333185232471,96.3,96.3,87.0,87.0,0.0,-2.494009216589861,187415.1842488789,169315.89854260092,1.9027832552412367,5.799092654460527,0.0,0.0,0.0,0.5914965221266846,0.0,0.0,5110.0
8.663333333333332,16.61,0.53,11.8,22.773333333333333,56.29666666666667,41.96666666666667,14,0.0,25.313333333333333,29,1.0,0.0,1.791759469228055,0.0,4.418840607796598,4.418840607796598,0.3701431492843312,0.0,0.0,0.0,87.0,2.0,0,0,0,0,0,0,0,0,0,0,0,0,0,0,0,0,0,0,0,3,3,1,3,16.666666666666668,53,0,0,FED,BLM,3,Other Conservation Area,Fee,National Public Lands,OPEN ACCESS,0,0,1,0,0,1,1,0,0,0,1,0,0,3,0,2.175217829677349,174.64951104740024,5.211195,63,12,33,52,0.0,0.0,26.213072974760912,1946.159753363229,113.55705165863036,0.0,0.46134714782238,0.8660254037844387,-0.4999999999999998,0,1,0,0,0,0.0,0.0,3.303697481911289,0.6931471805599453,1.3862943611198906,5.168490595032472,0.0,12.813772926796531,1685.423786235414,-973.079876681614,0.0,0.0,0.0,151.25091332557955,-87.32475552370008,0.0,1.8837938992654368,0.0,0.0,4.513027254074448,0.0,0.0,0.0,0.0,0.0,0.0,16860.23066330344,27246.23654708521,22964.685089686103,2060.864230359323,1513.0469307073106,3977.351531586128,0.0,0.0,450.4933333333333,743.4000000000001,882.0,18.844637131104765,0.0,0.0,0.0,0.0,0.0,0.0,0.0,0.0,0.0,3487.050166719101,312.9299152152292,9.337207987243891,3.897467143958088,112.88084656136746,93.17149239985886,0.0,5.375278407684165,0.0,0.0,0.0,0.0,0.0,0.0,0.0,0.0,0.0,0.0,8599.769747420849,771.7483515480727,23.0274400811466,9.611940876581452,278.3869582911857,229.7797116054231,0.0,13.256521823389797,0.0,0.0,0.0,0.0,0.0,0.0,0.0,1.791759469228055,0.0,0.0,0.0,0.0,0.0,0.0,0.0,4.418840607796598,0.0,0.0,0.0,0.0,21.14276173689105,25.08463256919277,15.522609535079049,0.0,0.0,0.0,52.142319171999866,61.86376850915238,38.28188913221119,0.0,1.791759469228055,0.0,4.418840607796598,0.0,0.0,0.0,1.791759469228055,0.0,0.0,0.0,0.0,0.0,4.418840607796598,0.0,0.0,0.8660254037844387,-0.4999999999999998,0.0,0.0,0.0,-0.0,0.0,0.0,0.0,-0.0,0.0,0.0,0.0,-0.0,0.0,0.0,0.0,0.0,0.0,0.0,0.0,0.0,0.0,0.0,0.0,1946.159753363229,2.175217829677349,174.64951104740024,5.211195,8.663333333333332,0.0,0.0,0.0,0.0,0.0,0.0,0.0,6.525653489032047,15.633585,0.0,1.791759469228055,0.0,4.418840607796598,108.1,81.7,101.0,70.0,0.0,1.050757808499745,210379.86933856504,196562.1350896861,2.0891518201968915,6.210600077024653,0.0,0.0,0.0,0.6334695037255861,0.0,0.0,6515.0
13.287096774193548,21.274193548387096,4.725806451612903,56.0,20.990322580645163,51.44516129032258,49.516129032258064,5,0.3322580645161291,33.60967741935484,27,1.0,0.0,1.9459101490553128,0.0,4.3694478524670215,4.3694478524670215,0.3701431492843312,0.0,0.0,0.0,84.0,2.0,0,0,0,0,0,0,0,0,0,0,0,0,0,0,0,0,0,0,0,3,3,1,3,16.666666666666668,53,0,0,FED,BLM,3,Other Conservation Area,Fee,National Public Lands,OPEN ACCESS,0,0,1,0,0,1,1,0,0,0,1,0,0,3,0,2.175217829677349,174.64951104740024,5.211195,63,12,33,52,0.0,0.0,26.213072974760912,1946.159753363229,113.55705165863036,0.0,0.46134714782238,0.4999999999999999,-0.8660254037844387,0,1,0,0,0,0.0,0.0,3.303697481911289,0.6931471805599453,1.3862943611198906,5.168490595032472,0.0,12.813772926796531,973.0798766816145,-1685.423786235414,0.0,0.0,0.0,87.3247555237001,-151.25091332557955,0.0,1.0876089148386745,0.0,0.0,2.6055975,0.0,0.0,0.0,0.0,0.0,0.0,25858.81298097787,9730.798766816144,108984.94618834082,9780.372618654414,2320.584954852392,3665.949575436882,0.0,0.0,690.9290322580645,3528.0,315.0,28.9023298078742,0.0,0.0,0.0,0.0,0.0,0.0,0.0,0.0,0.0,3787.052015752492,339.8522560746841,10.1405172392063,4.232778451175224,122.59233939048472,101.18732775087626,0.0,5.837730447165939,0.0,0.0,0.0,0.0,0.0,0.0,0.0,0.0,0.0,0.0,8503.643554890708,763.1219309804783,22.77004480153688,9.504500874531669,275.27521470542234,227.21128832828512,0.0,13.108343557401064,0.0,0.0,0.0,0.0,0.0,0.0,0.0,1.9459101490553128,0.0,0.0,0.0,0.0,0.0,0.0,0.0,4.3694478524670215,0.0,0.0,0.0,0.0,108.97096834709752,9.729550745276564,25.85549646438333,0.0,0.0,0.0,244.6890797381532,21.84723926233511,58.05727646552149,0.0,1.9459101490553128,0.0,4.3694478524670215,0.0,0.0,0.0,1.9459101490553128,0.0,0.0,0.0,0.0,0.0,4.3694478524670215,0.0,0.0,0.4999999999999999,-0.8660254037844387,0.0,0.0,0.0,-0.0,0.0,0.0,0.0,-0.0,0.0,0.0,0.0,-0.0,0.0,0.0,0.0,0.0,0.0,0.0,0.0,0.0,0.0,0.0,0.0,1946.159753363229,2.175217829677349,174.64951104740024,5.211195,13.287096774193548,0.0,0.0,0.0,0.0,0.0,0.0,0.0,6.525653489032047,15.633585,0.0,1.9459101490553128,0.0,4.3694478524670215,164.1,89.8,106.0,47.0,0.3322580645161291,7.684551971326165,319364.8155269059,206292.93385650223,2.074263256498324,6.315358001522334,0.0,0.0,0.0,0.6441546146037382,0.0,0.0,5210.0
19.75333333333333,27.236666666666668,11.653333333333334,26.9,18.773333333333333,45.91666666666666,53.96666666666667,0,2.603333333333333,41.27,27,1.0,0.0,1.6094379124341005,0.0,4.330733340286331,4.330733340286331,0.3701431492843312,0.0,0.0,0.0,79.0,2.0,0,0,0,0,0,0,0,0,0,0,0,0,0,0,0,0,0,0,0,3,3,1,3,16.666666666666668,53,0,0,FED,BLM,3,Other Conservation Area,Fee,National Public Lands,OPEN ACCESS,0,0,1,0,0,1,1,0,0,0,1,0,0,3,0,2.175217829677349,174.64951104740024,5.211195,63,12,33,52,0.0,0.0,26.213072974760912,1946.159753363229,113.55705165863036,0.0,0.46134714782238,1.2246467991473532e-16,-1.0,0,0,1,0,1,0.0,0.0,3.303697481911289,0.6931471805599453,1.3862943611198906,5.168490595032472,0.0,12.813772926796531,2.3833583125856805e-13,-1946.159753363229,1946.159753363229,0.0,174.64951104740024,2.1388396467684902e-14,-174.64951104740024,2.175217829677349,2.663873552562618e-16,0.0,5.211195,6.381873276482692e-16,0.0,0.0,0.0,0.0,0.0,0.0,38443.14232810164,0.0,52351.697365470856,4698.071847175066,3449.910008222979,3278.753487396528,0.0,0.0,1027.1733333333332,1694.6999999999998,0.0,42.96780286222656,0.0,0.0,0.0,0.0,0.0,0.0,0.0,0.0,0.0,3132.2232907161792,281.0875444677642,8.387094802087022,3.5008780428853474,101.39458848334831,83.69077144657322,0.0,4.8283137373023015,0.0,0.0,0.0,0.0,0.0,0.0,0.0,0.0,0.0,0.0,8428.298929413559,756.3604603576821,22.568295929233425,9.42028837736897,272.8362004380389,225.1981336948892,0.0,12.992200020858991,0.0,0.0,0.0,0.0,0.0,0.0,0.0,1.6094379124341005,0.0,0.0,0.0,0.0,0.0,0.0,0.0,4.330733340286331,0.0,0.0,0.0,0.0,43.2938798444773,0.0,31.79176356361493,0.0,0.0,0.0,116.4967268537023,0.0,85.54641924845598,0.0,1.6094379124341005,0.0,4.330733340286331,0.0,0.0,0.0,1.6094379124341005,0.0,0.0,0.0,0.0,0.0,4.330733340286331,0.0,0.0,1.2246467991473532e-16,-1.0,1.0,0.0,0.0,-0.0,0.0,0.0,0.0,-0.0,0.0,0.0,0.0,-0.0,0.0,0.0,0.0,0.0,0.0,0.0,0.0,0.0,0.0,0.0,0.0,1946.159753363229,2.175217829677349,174.64951104740024,5.211195,19.75333333333333,1.0,0.0,0.0,0.0,0.0,0.0,0.0,6.525653489032047,15.633585,0.0,1.6094379124341005,0.0,4.330733340286331,191.0,94.7,106.0,19.0,2.9355913978494623,13.901254480286738,371716.5128923768,206292.93385650223,2.0432109558842493,5.940171252720432,0.0,0.0,1.0,0.605886273280782,5.940171252720432,0.0,3052.5
23.11935483870968,31.32258064516129,15.103225806451611,35.2,18.906451612903226,47.18387096774194,53.45161290322581,0,5.119354838709678,46.07096774193548,31,1.0,0.0,1.0986122886681098,0.0,4.127134385045092,4.127134385045092,0.3701431492843312,0.0,0.0,0.0,63.0,2.0,0,0,0,0,0,0,0,0,0,0,0,0,0,0,0,0,0,0,0,3,3,1,3,16.666666666666668,53,0,0,FED,BLM,3,Other Conservation Area,Fee,National Public Lands,OPEN ACCESS,0,0,1,0,0,1,1,0,0,0,1,0,0,3,0,2.175217829677349,174.64951104740024,5.211195,63,12,33,52,0.0,0.0,26.213072974760912,1946.159753363229,113.55705165863036,0.0,0.46134714782238,-0.4999999999999997,-0.8660254037844388,0,0,1,0,1,0.0,0.0,3.303697481911289,0.6931471805599453,1.3862943611198906,5.168490595032472,0.0,12.813772926796531,-973.079876681614,-1685.423786235414,1946.159753363229,0.0,174.64951104740024,-87.32475552370008,-151.2509133255796,2.175217829677349,-1.0876089148386738,0.0,5.211195,-2.6055974999999987,0.0,-0.0,0.0,-0.0,0.0,-0.0,44993.9579108202,0.0,68504.82331838566,6147.662788868489,4037.784018311992,3302.00252983488,0.0,0.0,1202.2064516129033,2217.6000000000004,0.0,50.28963285579859,0.0,0.0,0.0,0.0,0.0,0.0,0.0,0.0,0.0,2138.075020756141,191.8720990465507,5.725082865645811,2.389721038213511,69.21257418609092,57.12783901074171,0.0,3.295836866004329,0.0,0.0,0.0,0.0,0.0,0.0,0.0,0.0,0.0,0.0,8032.062836896257,720.8020023750381,21.507302071675056,8.977416299824545,260.0094662578408,214.6109880223448,0.0,12.381403155135274,0.0,0.0,0.0,0.0,0.0,0.0,0.0,1.0986122886681098,0.0,0.0,0.0,0.0,0.0,0.0,0.0,4.127134385045092,0.0,0.0,0.0,0.0,38.67115256111747,0.0,25.399207331884977,0.0,0.0,0.0,145.27513035358723,0.0,95.41668431489734,0.0,1.0986122886681098,0.0,4.127134385045092,0.0,0.0,0.0,1.0986122886681098,0.0,0.0,0.0,0.0,0.0,4.127134385045092,0.0,0.0,-0.4999999999999997,-0.8660254037844388,1.0,0.0,-0.0,-0.0,0.0,0.0,-0.0,-0.0,0.0,0.0,-0.0,-0.0,0.0,0.0,0.0,0.0,0.0,0.0,0.0,0.0,0.0,0.0,0.0,1946.159753363229,2.175217829677349,174.64951104740024,5.211195,23.11935483870968,1.0,0.0,0.0,0.0,0.0,0.0,0.0,6.525653489032047,15.633585,0.0,1.0986122886681098,0.0,4.127134385045092,226.2,118.1,106.0,5.0,8.05494623655914,18.719928315412183,440221.3362107624,206292.93385650223,1.95047687490162,5.225746673713202,0.0,0.0,1.0,0.5330163125845068,5.225746673713202,0.0,3195.0
21.251612903225805,28.80322580645161,13.461290322580645,30.0,17.82903225806452,43.270967741935486,41.2258064516129,0,3.32258064516129,45.880645161290325,30,1.0,0.0,2.079441541679836,0.0,4.248495242049359,4.248495242049359,0.3701431492843312,0.0,0.0,0.0,76.0,2.0,0,0,0,0,0,0,0,0,0,0,0,0,0,0,0,0,0,0,0,3,3,1,3,16.666666666666668,53,0,0,FED,BLM,3,Other Conservation Area,Fee,National Public Lands,OPEN ACCESS,0,0,1,0,0,1,1,0,0,0,1,0,0,3,0,2.175217829677349,174.64951104740024,5.211195,63,12,33,52,0.0,0.0,26.213072974760912,1946.159753363229,113.55705165863036,0.0,0.46134714782238,-0.8660254037844385,-0.5000000000000004,0,0,1,0,1,0.0,0.0,3.303697481911289,0.6931471805599453,1.3862943611198906,5.168490595032472,0.0,12.813772926796531,-1685.4237862354134,-973.0798766816154,1946.159753363229,0.0,174.64951104740024,-151.25091332557955,-87.32475552370019,2.175217829677349,-1.883793899265436,0.0,5.211195,-4.513027254074447,0.0,-0.0,0.0,-0.0,0.0,-0.0,41359.03372631274,0.0,58384.792600896864,5239.485331422007,3711.5838025170087,3113.8317663192943,0.0,0.0,1105.083870967742,1890.0,0.0,46.22688729649799,0.0,0.0,0.0,0.0,0.0,0.0,0.0,0.0,0.0,4046.925437888882,363.1734485060355,10.836375364794254,4.523238317233734,131.00481712582967,108.13096016735147,0.0,6.238324625039509,0.0,0.0,0.0,0.0,0.0,0.0,0.0,0.0,0.0,0.0,8268.250452431632,741.997616711127,22.13973716289141,9.24140259980515,267.6552002491096,220.9217525865667,0.0,12.74548572614808,0.0,0.0,0.0,0.0,0.0,0.0,0.0,2.079441541679836,0.0,0.0,0.0,0.0,0.0,0.0,0.0,4.248495242049359,0.0,0.0,0.0,0.0,62.38324625039509,0.0,44.19148669866697,0.0,0.0,0.0,127.45485726148078,0.0,90.2873763052296,0.0,2.079441541679836,0.0,4.248495242049359,0.0,0.0,0.0,2.079441541679836,0.0,0.0,0.0,0.0,0.0,4.248495242049359,0.0,0.0,-0.8660254037844385,-0.5000000000000004,1.0,0.0,-0.0,-0.0,0.0,0.0,-0.0,-0.0,0.0,0.0,-0.0,-0.0,0.0,0.0,0.0,0.0,0.0,0.0,0.0,0.0,0.0,0.0,0.0,1946.159753363229,2.175217829677349,174.64951104740024,5.211195,21.251612903225805,1.0,0.0,0.0,0.0,0.0,0.0,0.0,6.525653489032047,15.633585,0.0,2.079441541679836,0.0,4.248495242049359,256.2,92.1,106.0,0.0,11.377526881720431,21.374767025089607,498606.1288116592,206292.93385650223,2.030032262655088,6.3279367837291955,0.0,0.0,1.0,0.6454376266836064,6.3279367837291955,0.0,3170.0
18.473333333333336,26.896666666666665,9.966666666666669,15.9,17.91,43.11,27.766666666666666,0,1.65,38.806666666666665,27,1.0,0.0,1.791759469228055,0.0,4.5217885770490405,4.5217885770490405,0.3701431492843312,0.0,0.0,0.0,96.0,2.0,0,0,0,0,0,0,0,0,0,0,0,0,0,0,0,0,0,0,0,3,3,1,3,16.666666666666668,53,0,0,FED,BLM,3,Other Conservation Area,Fee,National Public Lands,OPEN ACCESS,0,0,1,0,0,1,1,0,0,0,1,0,0,3,0,2.175217829677349,174.64951104740024,5.211195,63,12,33,52,0.0,0.0,26.213072974760912,1946.159753363229,113.55705165863036,0.0,0.46134714782238,-1.0,-1.8369701987210292e-16,0,0,0,1,0,0.0,0.0,3.303697481911289,0.6931471805599453,1.3862943611198906,5.168490595032472,0.0,12.813772926796531,-1946.159753363229,-3.5750374688785213e-13,0.0,0.0,0.0,-174.64951104740024,-3.2082594701527346e-14,0.0,-2.175217829677349,0.0,0.0,-5.211195,0.0,-0.0,0.0,-0.0,0.0,-0.0,35952.05784379672,0.0,30943.94007847534,2776.927225653664,3226.358634082308,3127.972742858938,0.0,0.0,960.6133333333336,1001.7,0.0,40.18352404023957,0.0,0.0,0.0,0.0,0.0,0.0,0.0,0.0,0.0,3487.050166719101,312.9299152152292,9.337207987243891,3.897467143958088,112.88084656136746,93.17149239985886,0.0,5.375278407684165,0.0,0.0,0.0,0.0,0.0,0.0,0.0,0.0,0.0,0.0,8800.122941870426,789.7281640413346,23.56392202377508,9.83587513482844,284.87268035408954,235.1330060065501,0.0,13.56536573114712,0.0,0.0,0.0,0.0,0.0,0.0,0.0,1.791759469228055,0.0,0.0,0.0,0.0,0.0,0.0,0.0,4.5217885770490405,0.0,0.0,0.0,0.0,28.488975560726075,0.0,33.09976992820627,0.0,0.0,0.0,71.89643837507974,0.0,83.53250764668596,0.0,1.791759469228055,0.0,4.5217885770490405,0.0,0.0,0.0,1.791759469228055,0.0,0.0,0.0,0.0,0.0,4.5217885770490405,0.0,0.0,-1.0,-1.8369701987210292e-16,0.0,0.0,-0.0,-0.0,0.0,0.0,-0.0,-0.0,0.0,0.0,-0.0,-0.0,0.0,0.0,0.0,0.0,0.0,0.0,0.0,0.0,0.0,0.0,0.0,1946.159753363229,2.175217829677349,174.64951104740024,5.211195,18.473333333333336,0.0,0.0,0.0,0.0,0.0,0.0,0.0,6.525653489032047,15.633585,0.0,1.791759469228055,0.0,4.5217885770490405,272.1,81.1,106.0,0.0,13.02752688172043,20.948100358422938,529550.0688901346,206292.93385650223,2.1363326596402894,6.313548046277095,0.0,0.0,0.0,0.6439700025796589,0.0,0.0,3742.5
9.883870967741936,17.638709677419353,2.8548387096774195,20.0,15.74516129032258,38.0258064516129,30.032258064516128,7,0.0,32.851612903225806,29,1.0,0.0,2.302585092994046,0.0,4.02535169073515,4.02535169073515,0.3701431492843312,0.0,0.0,0.0,64.0,2.0,0,0,0,0,0,0,0,0,0,0,0,0,0,0,0,0,0,0,0,3,3,1,3,16.666666666666668,53,0,0,FED,BLM,3,Other Conservation Area,Fee,National Public Lands,OPEN ACCESS,0,0,1,0,0,1,1,0,0,0,1,0,0,3,0,2.175217829677349,174.64951104740024,5.211195,63,12,33,52,0.0,0.0,26.213072974760912,1946.159753363229,113.55705165863036,0.0,0.46134714782238,-0.8660254037844386,0.5000000000000001,0,0,0,1,0,0.0,0.0,3.303697481911289,0.6931471805599453,1.3862943611198906,5.168490595032472,0.0,12.813772926796531,-1685.4237862354137,973.0798766816148,0.0,0.0,0.0,-151.25091332557955,87.32475552370013,0.0,-1.8837938992654364,0.0,0.0,-4.513027254074448,0.0,-0.0,0.0,-0.0,0.0,-0.0,19235.591884854624,13623.118273542605,38923.195067264576,3492.9902209480047,1726.2132317717237,2749.884720717292,0.0,0.0,513.9612903225807,1260.0,441.0,21.49957235526257,0.0,0.0,0.0,0.0,0.0,0.0,0.0,0.0,0.0,4481.19843667914,402.1453606364427,11.999219923685107,5.008624148629925,145.0628608586249,119.7344248356904,0.0,6.907755278982138,0.0,0.0,0.0,0.0,0.0,0.0,0.0,0.0,0.0,0.0,7833.977453641375,703.0257045807198,20.97689260400056,8.75601676840896,253.59715651631444,209.31828791822772,0.0,12.076055072205447,0.0,0.0,0.0,0.0,0.0,0.0,0.0,2.302585092994046,0.0,0.0,0.0,0.0,0.0,0.0,0.0,4.02535169073515,0.0,0.0,0.0,0.0,46.05170185988092,16.11809565095832,22.75845395139922,0.0,0.0,0.0,80.507033814703,28.177461835146048,39.78605671100807,0.0,2.302585092994046,0.0,4.02535169073515,0.0,0.0,0.0,2.302585092994046,0.0,0.0,0.0,0.0,0.0,4.02535169073515,0.0,0.0,-0.8660254037844386,0.5000000000000001,0.0,0.0,-0.0,0.0,0.0,0.0,-0.0,0.0,0.0,0.0,-0.0,0.0,0.0,0.0,0.0,0.0,0.0,0.0,0.0,0.0,0.0,0.0,0.0,1946.159753363229,2.175217829677349,174.64951104740024,5.211195,9.883870967741936,0.0,0.0,0.0,0.0,0.0,0.0,0.0,6.525653489032047,15.633585,0.0,2.302585092994046,0.0,4.02535169073515,292.1,65.9,113.0,7.0,13.02752688172043,16.536272401433692,568473.2639573992,219916.05213004487,1.9574352573256395,6.3279367837291955,0.0,0.0,0.0,0.6454376266836064,0.0,0.0,4297.5
1.1900000000000002,8.093333333333334,-4.553333333333333,25.700000000000003,15.033333333333331,37.11333333333334,41.16666666666666,25,0.0,23.206666666666667,25,1.0,0.0,1.9459101490553128,0.0,3.258096538021482,3.258096538021482,0.3701431492843312,0.0,0.0,0.0,31.0,2.0,0,0,0,0,0,0,0,0,0,0,0,0,0,0,0,0,0,0,0,3,3,1,3,16.666666666666668,53,0,0,FED,BLM,3,Other Conservation Area,Fee,National Public Lands,OPEN ACCESS,0,0,1,0,0,1,1,0,0,0,1,0,0,3,0,2.175217829677349,174.64951104740024,5.211195,63,12,33,52,0.0,0.0,26.213072974760912,1946.159753363229,113.55705165863036,0.0,0.46134714782238,-0.5000000000000004,0.8660254037844384,0,0,0,1,0,0.0,0.0,3.303697481911289,0.6931471805599453,1.3862943611198906,5.168490595032472,0.0,12.813772926796531,-973.0798766816154,1685.4237862354132,0.0,0.0,0.0,-87.32475552370019,151.25091332557952,0.0,-1.0876089148386754,0.0,0.0,-2.6055975000000022,0.0,-0.0,0.0,-0.0,0.0,-0.0,2315.930106502243,48653.99383408072,50016.30566143499,4488.492433918186,207.8329181464063,2625.56431607925,0.0,0.0,61.88000000000001,1619.1,1575.0,2.5885092173160458,0.0,0.0,0.0,0.0,0.0,0.0,0.0,0.0,0.0,3787.052015752492,339.8522560746841,10.1405172392063,4.232778451175224,122.59233939048472,101.18732775087626,0.0,5.837730447165939,0.0,0.0,0.0,0.0,0.0,0.0,0.0,0.0,0.0,0.0,6340.7763548694775,569.0249673106794,16.978576388454858,7.0870696803143725,205.26008189535332,169.42101997711708,0.0,9.774289614064449,0.0,0.0,0.0,0.0,0.0,0.0,0.0,1.9459101490553128,0.0,0.0,0.0,0.0,0.0,0.0,0.0,3.258096538021482,0.0,0.0,0.0,0.0,50.009890830721545,48.64775372638282,2.3156330773758227,0.0,0.0,0.0,83.7330810271521,81.45241345053705,3.877134880245564,0.0,1.9459101490553128,0.0,3.258096538021482,0.0,0.0,0.0,1.9459101490553128,0.0,0.0,0.0,0.0,0.0,3.258096538021482,0.0,0.0,-0.5000000000000004,0.8660254037844384,0.0,0.0,-0.0,0.0,0.0,0.0,-0.0,0.0,0.0,0.0,-0.0,0.0,0.0,0.0,0.0,0.0,0.0,0.0,0.0,0.0,0.0,0.0,0.0,1946.159753363229,2.175217829677349,174.64951104740024,5.211195,1.1900000000000002,0.0,0.0,0.0,0.0,0.0,0.0,0.0,6.525653489032047,15.633585,0.0,1.9459101490553128,0.0,3.258096538021482,317.8,61.6,138.0,32.0,13.02752688172043,9.849068100358425,618489.5696188342,268570.0459641256,1.5949229824121118,5.204006687076795,0.0,0.0,0.0,0.530798874917491,0.0,0.0,3755.0
-0.964516129032258,6.435483870967742,-6.264516129032257,5.4,15.52258064516129,39.20645161290323,56.70967741935484,31,0.0,21.03548387096774,23,1.0,0.0,1.9459101490553128,0.0,3.737669618283368,3.737669618283368,0.3701431492843312,0.0,0.0,0.0,47.0,2.0,0,0,0,0,0,0,0,0,0,0,0,0,0,0,0,0,0,0,0,3,3,1,3,16.666666666666668,53,0,0,FED,BLM,3,Other Conservation Area,Fee,National Public Lands,OPEN ACCESS,0,0,1,0,0,1,1,0,0,0,1,0,0,3,0,2.175217829677349,174.64951104740024,5.211195,63,12,33,52,0.0,0.0,26.213072974760912,1946.159753363229,113.55705165863036,0.0,0.46134714782238,-2.4492935982947064e-16,1.0,1,0,0,0,0,0.0,0.0,3.303697481911289,0.6931471805599453,1.3862943611198906,5.168490595032472,0.0,12.813772926796531,-4.766716625171361e-13,1946.159753363229,0.0,1946.159753363229,0.0,-4.2776792935369805e-14,174.64951104740024,0.0,-5.327747105125236e-16,2.175217829677349,0.0,-1.2763746552965384e-15,0.0,-0.0,0.0,-0.0,0.0,-0.0,-1877.1024717922755,60330.952354260095,10509.262668161437,943.1073596559612,-168.45227033281506,2711.011119871257,-0.0,0.0,-50.15483870967742,340.20000000000005,1953.0,-2.0980326808823464,0.0,0.0,0.0,0.0,0.0,0.0,0.0,0.0,0.0,3787.052015752492,339.8522560746841,10.1405172392063,4.232778451175224,122.59233939048472,101.18732775087626,0.0,5.837730447165939,0.0,0.0,0.0,0.0,0.0,0.0,0.0,0.0,0.0,0.0,7274.102182471594,652.7821712899133,19.4777252264502,8.130245595133314,235.47318595185217,194.3588201507352,0.0,11.213008854850104,0.0,0.0,0.0,0.0,0.0,0.0,0.0,1.9459101490553128,0.0,0.0,0.0,0.0,0.0,0.0,0.0,3.737669618283368,0.0,0.0,0.0,-0.0,10.50791480489869,60.32321462071469,-1.8768617244114143,0.0,0.0,-0.0,20.18341593873019,115.8677581667844,-3.605042631828152,0.0,1.9459101490553128,0.0,3.737669618283368,0.0,0.0,0.0,1.9459101490553128,0.0,0.0,0.0,0.0,0.0,3.737669618283368,0.0,0.0,-2.4492935982947064e-16,1.0,0.0,1.0,-0.0,0.0,0.0,0.0,-0.0,0.0,0.0,0.0,-0.0,0.0,0.0,0.0,0.0,0.0,0.0,0.0,-0.0,0.0,0.0,0.0,-0.0,1946.159753363229,2.175217829677349,174.64951104740024,5.211195,-0.964516129032258,0.0,1.0,0.0,0.0,0.0,0.0,0.0,6.525653489032047,15.633585,0.0,1.9459101490553128,0.0,3.737669618283368,323.2,51.1,169.0,63.0,13.02752688172043,3.36978494623656,628998.8322869956,328900.9983183857,1.7963825447000985,5.6835797673386805,0.0,0.0,0.0,0.5797144253290365,0.0,5.6835797673386805,3110.0
-2.6129032258064515,4.190322580645161,-7.945161290322581,18.1,16.067741935483873,38.68064516129032,61.354838709677416,31,0.0,23.64516129032258,23,1.0,0.0,2.70805020110221,0.6931471805599453,3.871201010907891,3.871201010907891,1.3701431492843312,0.0,2.70805020110221,0.6931471805599453,62.0,3.0,0,0,0,0,0,0,0,0,0,0,0,0,0,0,0,0,0,0,0,3,3,1,3,16.666666666666668,53,0,0,FED,BLM,3,Other Conservation Area,Fee,National Public Lands,OPEN ACCESS,0,0,1,0,0,1,1,0,0,0,1,0,0,3,0,2.175217829677349,174.64951104740024,5.211195,63,12,33,52,0.0,0.0,26.213072974760912,1946.159753363229,113.55705165863036,0.0,0.46134714782238,0.4999999999999999,0.8660254037844387,1,0,0,0,0,0.0,0.0,3.303697481911289,0.6931471805599453,1.3862943611198906,5.168490595032472,0.0,12.813772926796531,973.0798766816145,1685.423786235414,0.0,1946.159753363229,0.0,87.3247555237001,151.25091332557955,0.0,1.0876089148386745,2.175217829677349,0.0,2.6055975,0.0,0.0,0.0,0.0,0.0,0.0,-5085.127097497469,60330.952354260095,35225.49153587445,3161.1561499579448,-456.3422708012716,2806.223272668067,-0.0,0.0,-135.8709677419355,1140.3000000000002,1953.0,-5.683633683995653,0.0,0.0,0.0,0.0,0.0,0.0,0.0,0.0,0.0,5270.298311472319,472.9596435143149,14.112177667732832,5.890599081098858,170.60716266943925,140.81861045731492,0.0,8.12415060330663,0.0,1348.9751459629606,121.05781616867849,3.612125121598084,1.5077461057445778,43.66827237527655,36.04365338911715,0.0,2.079441541679836,0.0,7533.975604607984,676.1033637212647,20.173583352038147,8.420705461191822,243.8856636871972,201.3024525672104,0.0,11.613603032723674,0.0,0.0,0.0,0.0,0.0,0.0,0.0,2.70805020110221,0.0,0.0,0.0,0.6931471805599453,0.0,0.0,0.0,3.871201010907891,0.0,0.0,0.0,-0.0,49.015708639950006,83.94955623416851,-7.075873106105775,12.54596396813501,21.487562597358306,-1.811126504043728,70.06873829743283,120.00723133814462,-10.115073609146425,0.0,2.70805020110221,0.6931471805599453,3.871201010907891,0.0,0.0,0.0,2.70805020110221,0.0,0.0,0.6931471805599453,0.0,0.0,3.871201010907891,0.0,0.0,0.4999999999999999,0.8660254037844387,0.0,1.0,0.0,0.0,0.0,0.0,0.0,0.0,0.0,0.0,0.0,0.0,0.0,0.0,0.0,0.0,0.0,0.0,-0.0,0.0,0.0,0.0,-0.0,1946.159753363229,2.175217829677349,174.64951104740024,5.211195,-2.6129032258064515,0.0,1.0,0.0,0.0,0.0,0.0,0.0,6.525653489032047,15.633585,0.0,2.70805020110221,0.6931471805599453,3.871201010907891,18.1,49.2,31.0,87.0,0.0,-0.7958064516129032,35225.49153587445,60330.952354260095,1.7868260106865796,7.272398392570047,0.0,0.0,0.0,0.7417709309086802,0.0,7.272398392570047,3742.5
-2.075,6.178571428571429,-9.18214285714286,13.4,16.664285714285715,41.00714285714286,41.46428571428572,28,0.0,21.74642857142857,26,1.0,0.0,2.19722457733622,0.0,4.382026634673881,4.382026634673881,1.3701431492843312,0.0,2.19722457733622,0.0,87.0,2.0,0,0,0,0,0,0,0,0,0,0,0,0,0,0,0,0,0,0,0,3,3,1,3,16.666666666666668,53,0,0,FED,BLM,3,Other Conservation Area,Fee,National Public Lands,OPEN ACCESS,0,0,1,0,0,1,1,0,0,0,1,0,0,3,0,2.175217829677349,174.64951104740024,5.211195,63,12,33,52,0.0,0.0,26.213072974760912,1946.159753363229,113.55705165863036,0.0,0.46134714782238,0.8660254037844386,0.5000000000000001,1,0,0,0,0,0.0,0.0,3.303697481911289,0.6931471805599453,1.3862943611198906,5.168490595032472,0.0,12.813772926796531,1685.4237862354137,973.0798766816148,0.0,1946.159753363229,0.0,151.25091332557955,87.32475552370013,0.0,1.8837938992654364,2.175217829677349,0.0,4.513027254074448,0.0,0.0,0.0,0.0,0.0,0.0,-4038.2814882287,54492.47309417041,26078.54069506727,2340.3034480351635,-362.3977354233555,2910.409351954177,-0.0,0.0,-107.9,844.2,1764.0,-4.5135769965805,0.0,0.0,0.0,0.0,0.0,0.0,0.0,0.0,0.0,4276.150041512283,383.7441980931015,11.450165731291625,4.779442076427023,138.42514837218187,114.25567802148343,0.0,6.59167373200866,0.0,0.0,0.0,0.0,0.0,0.0,0.0,0.0,0.0,0.0,8528.12387456802,765.3188091424781,22.83559528847936,9.531862465863655,276.0676779844545,227.8653850030418,0.0,13.146079904021644,0.0,0.0,0.0,0.0,0.0,0.0,0.0,2.19722457733622,0.0,0.0,0.0,0.0,0.0,0.0,0.0,4.382026634673881,0.0,0.0,0.0,-0.0,29.44280933630535,61.52228816541416,-4.5592409979726565,0.0,0.0,-0.0,58.71915690463001,122.69674577086867,-9.092705266948304,0.0,2.19722457733622,0.0,4.382026634673881,0.0,0.0,0.0,2.19722457733622,0.0,0.0,0.0,0.0,0.0,4.382026634673881,0.0,0.0,0.8660254037844386,0.5000000000000001,0.0,1.0,0.0,0.0,0.0,0.0,0.0,0.0,0.0,0.0,0.0,0.0,0.0,0.0,0.0,0.0,0.0,0.0,-0.0,0.0,0.0,0.0,-0.0,1946.159753363229,2.175217829677349,174.64951104740024,5.211195,-2.075,0.0,1.0,0.0,0.0,0.0,0.0,0.0,6.525653489032047,15.633585,0.0,2.19722457733622,0.0,4.382026634673881,31.5,36.9,59.0,90.0,0.0,-1.8841397849462365,61304.03223094171,114823.4254484305,2.098278392917833,6.579251212010101,0.0,0.0,0.0,0.6710712247558966,0.0,6.579251212010101,3852.5
0.7419354838709677,7.593548387096774,-5.806451612903226,14.7,17.432258064516127,43.20322580645161,54.74193548387097,30,0.0,25.080645161290324,28,1.0,0.0,2.4849066497880004,0.0,3.871201010907891,3.871201010907891,1.3701431492843312,0.0,2.4849066497880004,0.0,58.0,2.0,0,0,0,0,0,0,0,0,0,0,0,0,0,0,0,0,0,0,0,3,3,1,3,16.666666666666668,53,0,0,FED,BLM,3,Other Conservation Area,Fee,National Public Lands,OPEN ACCESS,0,0,1,0,0,1,1,0,0,0,1,0,0,3,0,2.175217829677349,174.64951104740024,5.211195,63,12,33,52,0.0,0.0,26.213072974760912,1946.159753363229,113.55705165863036,0.0,0.46134714782238,1.0,6.123233995736766e-17,0,1,0,0,0,0.0,0.0,3.303697481911289,0.6931471805599453,1.3862943611198906,5.168490595032472,0.0,12.813772926796531,1946.159753363229,1.1916791562928405e-13,0.0,0.0,0.0,174.64951104740024,1.0694198233842451e-14,0.0,2.175217829677349,0.0,0.0,5.211195,0.0,0.0,0.0,0.0,0.0,0.0,1443.9249783017506,58384.792600896864,28608.548374439462,2567.3478123967834,129.57866948678085,3044.5353474198414,0.0,0.0,38.58064516129032,926.1,1890.0,1.6138712929864203,0.0,0.0,0.0,0.0,0.0,0.0,0.0,0.0,0.0,4836.025312682063,433.98773138390766,12.949333108841978,5.405213249702666,156.54911893664402,129.21514578897603,0.0,7.4547199493640015,0.0,0.0,0.0,0.0,0.0,0.0,0.0,0.0,0.0,0.0,7533.975604607984,676.1033637212647,20.173583352038147,8.420705461191822,243.8856636871972,201.3024525672104,0.0,11.613603032723674,0.0,0.0,0.0,0.0,0.0,0.0,0.0,2.4849066497880004,0.0,0.0,0.0,0.0,0.0,0.0,0.0,3.871201010907891,0.0,0.0,0.0,0.0,36.5281277518836,74.54719949364001,1.8436404175846453,0.0,0.0,0.0,56.906654860346,116.13603032723674,2.8721813951897257,0.0,2.4849066497880004,0.0,3.871201010907891,0.0,0.0,0.0,2.4849066497880004,0.0,0.0,0.0,0.0,0.0,3.871201010907891,0.0,0.0,1.0,6.123233995736766e-17,0.0,0.0,0.0,0.0,0.0,0.0,0.0,0.0,0.0,0.0,0.0,0.0,0.0,0.0,0.0,0.0,0.0,0.0,0.0,0.0,0.0,0.0,0.0,1946.159753363229,2.175217829677349,174.64951104740024,5.211195,0.7419354838709677,0.0,0.0,0.0,0.0,0.0,0.0,0.0,6.525653489032047,15.633585,0.0,2.4849066497880004,0.0,3.871201010907891,46.2,46.2,89.0,89.0,0.0,-1.3153225806451614,89912.58060538118,173208.21804932738,1.9201503566496776,6.3561076606958915,0.0,0.0,0.0,0.6483110030450348,0.0,0.0,4130.0
6.843333333333334,14.983333333333333,-1.55,34.7,19.21333333333333,46.46333333333334,45.06666666666667,18,0.0,27.076666666666664,28,1.0,0.0,2.772588722239781,0.0,5.099866427824199,5.099866427824199,1.3701431492843312,0.0,2.772588722239781,0.0,178.0,2.0,0,0,0,0,0,0,0,0,0,0,0,0,0,0,0,0,0,0,0,3,3,1,3,16.666666666666668,53,0,0,FED,BLM,3,Other Conservation Area,Fee,National Public Lands,OPEN ACCESS,0,0,1,0,0,1,1,0,0,0,1,0,0,3,0,2.175217829677349,174.64951104740024,5.211195,63,12,33,52,0.0,0.0,26.213072974760912,1946.159753363229,113.55705165863036,0.0,0.46134714782238,0.8660254037844387,-0.4999999999999998,0,1,0,0,0,0.0,0.0,3.303697481911289,0.6931471805599453,1.3862943611198906,5.168490595032472,0.0,12.813772926796531,1685.423786235414,-973.079876681614,0.0,0.0,0.0,151.25091332557955,-87.32475552370008,0.0,1.8837938992654368,0.0,0.0,4.513027254074448,0.0,0.0,0.0,0.0,0.0,0.0,13318.219912182363,35030.87556053812,67531.74344170405,6060.3380333447885,1195.1848206010425,3355.599272257383,0.0,0.0,355.8533333333333,2186.1000000000004,1134.0,14.885740681091992,0.0,0.0,0.0,0.0,0.0,0.0,0.0,0.0,0.0,5395.900583851842,484.23126467471394,14.448500486392335,6.030984422978311,174.6730895011062,144.1746135564686,0.0,8.317766166719343,0.0,0.0,0.0,0.0,0.0,0.0,0.0,0.0,0.0,0.0,9925.154789359754,890.689178026548,26.576398429345325,11.093320382776128,321.2915849529245,265.1930542468583,0.0,15.299599283472595,0.0,0.0,0.0,0.0,0.0,0.0,0.0,2.772588722239781,0.0,0.0,0.0,0.0,0.0,0.0,0.0,5.099866427824199,0.0,0.0,0.0,0.0,96.20882866172042,49.90659700031606,18.97374882252757,0.0,0.0,0.0,176.9653650454997,91.79759570083556,34.900085921076936,0.0,2.772588722239781,0.0,5.099866427824199,0.0,0.0,0.0,2.772588722239781,0.0,0.0,0.0,0.0,0.0,5.099866427824199,0.0,0.0,0.8660254037844387,-0.4999999999999998,0.0,0.0,0.0,-0.0,0.0,0.0,0.0,-0.0,0.0,0.0,0.0,-0.0,0.0,0.0,0.0,0.0,0.0,0.0,0.0,0.0,0.0,0.0,0.0,1946.159753363229,2.175217829677349,174.64951104740024,5.211195,6.843333333333334,0.0,0.0,0.0,0.0,0.0,0.0,0.0,6.525653489032047,15.633585,0.0,2.772588722239781,0.0,5.099866427824199,80.9,62.8,107.0,76.0,0.0,1.836756272401434,157444.32404708522,208239.0936098655,2.463195639942644,7.8724551500639794,0.0,0.0,0.0,0.8029755893414562,0.0,0.0,5137.5
13.27741935483871,20.44516129032258,5.674193548387097,79.4,17.383870967741935,43.690322580645166,51.58064516129032,0,0.0,40.809677419354834,29,1.0,0.0,2.302585092994046,0.0,4.948759890378168,4.948759890378168,1.3701431492843312,0.0,2.302585092994046,0.0,149.0,2.0,0,0,0,0,0,0,0,0,0,0,0,0,0,0,0,0,0,0,0,3,3,1,3,16.666666666666668,53,0,0,FED,BLM,3,Other Conservation Area,Fee,National Public Lands,OPEN ACCESS,0,0,1,0,0,1,1,0,0,0,1,0,0,3,0,2.175217829677349,174.64951104740024,5.211195,63,12,33,52,0.0,0.0,26.213072974760912,1946.159753363229,113.55705165863036,0.0,0.46134714782238,0.4999999999999999,-0.8660254037844387,0,1,0,0,0,0.0,0.0,3.303697481911289,0.6931471805599453,1.3862943611198906,5.168490595032472,0.0,12.813772926796531,973.0798766816145,-1685.423786235414,0.0,0.0,0.0,87.3247555237001,-151.25091332557955,0.0,1.0876089148386745,0.0,0.0,2.6055975,0.0,0.0,0.0,0.0,0.0,0.0,25839.979176913064,0.0,154525.08441704037,13867.17117716358,2318.894798293869,3036.084564627225,0.0,0.0,690.4258064516129,5002.200000000001,0.0,28.881279312748287,0.0,0.0,0.0,0.0,0.0,0.0,0.0,0.0,0.0,4481.19843667914,402.1453606364427,11.999219923685107,5.008624148629925,145.0628608586249,119.7344248356904,0.0,6.907755278982138,0.0,0.0,0.0,0.0,0.0,0.0,0.0,0.0,0.0,0.0,9631.077327712215,864.2984951455331,25.78895279693926,10.764630748342714,311.77187309382464,257.33551429966474,0.0,14.846279671134504,0.0,0.0,0.0,0.0,0.0,0.0,0.0,2.302585092994046,0.0,0.0,0.0,0.0,0.0,0.0,0.0,4.948759890378168,0.0,0.0,0.0,0.0,182.8252563837273,0.0,30.572387879882235,0.0,0.0,0.0,392.9315352960266,0.0,65.70676035095659,0.0,2.302585092994046,0.0,4.948759890378168,0.0,0.0,0.0,2.302585092994046,0.0,0.0,0.0,0.0,0.0,4.948759890378168,0.0,0.0,0.4999999999999999,-0.8660254037844387,0.0,0.0,0.0,-0.0,0.0,0.0,0.0,-0.0,0.0,0.0,0.0,-0.0,0.0,0.0,0.0,0.0,0.0,0.0,0.0,0.0,0.0,0.0,0.0,1946.159753363229,2.175217829677349,174.64951104740024,5.211195,13.27741935483871,0.0,0.0,0.0,0.0,0.0,0.0,0.0,6.525653489032047,15.633585,0.0,2.302585092994046,0.0,4.948759890378168,160.3,128.8,107.0,48.0,0.0,6.954229390681004,311969.4084641256,208239.0936098655,2.355604773451664,7.251344983372214,0.0,0.0,0.0,0.7396235228465157,0.0,0.0,4407.5
16.983333333333334,24.4,8.956666666666667,42.0,19.73,47.10333333333333,46.4,0,1.0499999999999998,42.25,28,1.0,0.0,1.3862943611198906,0.0,4.787491742782046,4.787491742782046,1.3701431492843312,0.0,1.3862943611198906,0.0,122.0,2.0,0,0,0,0,0,0,0,0,0,0,0,0,0,0,0,0,0,0,0,3,3,1,3,16.666666666666668,53,0,0,FED,BLM,3,Other Conservation Area,Fee,National Public Lands,OPEN ACCESS,0,0,1,0,0,1,1,0,0,0,1,0,0,3,0,2.175217829677349,174.64951104740024,5.211195,63,12,33,52,0.0,0.0,26.213072974760912,1946.159753363229,113.55705165863036,0.0,0.46134714782238,1.2246467991473532e-16,-1.0,0,0,1,0,1,0.0,0.0,3.303697481911289,0.6931471805599453,1.3862943611198906,5.168490595032472,0.0,12.813772926796531,2.3833583125856805e-13,-1946.159753363229,1946.159753363229,0.0,174.64951104740024,2.1388396467684902e-14,-174.64951104740024,2.175217829677349,2.663873552562618e-16,0.0,5.211195,6.381873276482692e-16,0.0,0.0,0.0,0.0,0.0,0.0,33052.27981128551,0.0,81738.70964125561,7335.27946399081,2966.130862621681,3445.8348529652067,0.0,0.0,883.1333333333334,2646.0,0.0,36.94244947402032,0.0,0.0,0.0,0.0,0.0,0.0,0.0,0.0,0.0,2697.950291925921,242.11563233735697,7.224250243196169,3.015492211489156,87.3365447505531,72.0873067782343,0.0,4.158883083359672,0.0,0.0,0.0,0.0,0.0,0.0,0.0,0.0,0.0,0.0,9317.2237493612,836.1330920203503,24.948553032527084,10.413837398332593,301.6119797952689,248.9495706246664,0.0,14.362475228346138,0.0,0.0,0.0,0.0,0.0,0.0,0.0,1.3862943611198906,0.0,0.0,0.0,0.0,0.0,0.0,0.0,4.787491742782046,0.0,0.0,0.0,0.0,58.224363167035406,0.0,23.54389923301948,0.0,0.0,0.0,201.074653196846,0.0,81.30756809824841,0.0,1.3862943611198906,0.0,4.787491742782046,0.0,0.0,0.0,1.3862943611198906,0.0,0.0,0.0,0.0,0.0,4.787491742782046,0.0,0.0,1.2246467991473532e-16,-1.0,1.0,0.0,0.0,-0.0,0.0,0.0,0.0,-0.0,0.0,0.0,0.0,-0.0,0.0,0.0,0.0,0.0,0.0,0.0,0.0,0.0,0.0,0.0,0.0,1946.159753363229,2.175217829677349,174.64951104740024,5.211195,16.983333333333334,1.0,0.0,0.0,0.0,0.0,0.0,0.0,6.525653489032047,15.633585,0.0,1.3862943611198906,0.0,4.787491742782046,202.3,156.10000000000002,107.0,18.0,1.0499999999999998,12.368028673835129,393708.1181053812,208239.0936098655,2.259275734145489,6.173786103901937,0.0,0.0,1.0,0.6297145478445134,6.173786103901937,0.0,3905.0
23.070967741935487,31.93870967741936,14.041935483870969,10.6,22.029032258064515,50.59354838709677,37.96774193548387,0,5.096774193548387,44.61935483870968,31,1.0,0.0,1.791759469228055,0.0,4.48863636973214,4.48863636973214,1.3701431492843312,0.0,1.791759469228055,0.0,93.0,2.0,0,0,0,0,0,0,0,0,0,0,0,0,0,0,0,0,0,0,0,3,3,1,3,16.666666666666668,53,0,0,FED,BLM,3,Other Conservation Area,Fee,National Public Lands,OPEN ACCESS,0,0,1,0,0,1,1,0,0,0,1,0,0,3,0,2.175217829677349,174.64951104740024,5.211195,63,12,33,52,0.0,0.0,26.213072974760912,1946.159753363229,113.55705165863036,0.0,0.46134714782238,-0.4999999999999997,-0.8660254037844388,0,0,1,0,1,0.0,0.0,3.303697481911289,0.6931471805599453,1.3862943611198906,5.168490595032472,0.0,12.813772926796531,-973.079876681614,-1685.423786235414,1946.159753363229,0.0,174.64951104740024,-87.32475552370008,-151.2509133255796,2.175217829677349,-1.0876089148386738,0.0,5.211195,-2.6055974999999987,0.0,-0.0,0.0,-0.0,0.0,-0.0,44899.78889049618,0.0,20629.293385650224,1851.2848171024425,4029.333235519377,3847.359712718375,0.0,0.0,1199.6903225806452,667.8,0.0,50.18438038016904,0.0,0.0,0.0,0.0,0.0,0.0,0.0,0.0,0.0,3487.050166719101,312.9299152152292,9.337207987243891,3.897467143958088,112.88084656136746,93.17149239985886,0.0,5.375278407684165,0.0,0.0,0.0,0.0,0.0,0.0,0.0,0.0,0.0,0.0,8735.60345025512,783.9381472432958,23.39115940676628,9.76376186237956,282.7840912931248,233.40909122607127,0.0,13.46590910919642,0.0,0.0,0.0,0.0,0.0,0.0,0.0,1.791759469228055,0.0,0.0,0.0,0.0,0.0,0.0,0.0,4.48863636973214,0.0,0.0,0.0,0.0,18.992650373817384,0.0,41.33762491586791,0.0,0.0,0.0,47.57954551916068,0.0,103.5571848913686,0.0,1.791759469228055,0.0,4.48863636973214,0.0,0.0,0.0,1.791759469228055,0.0,0.0,0.0,0.0,0.0,4.48863636973214,0.0,0.0,-0.4999999999999997,-0.8660254037844388,1.0,0.0,-0.0,-0.0,0.0,0.0,-0.0,-0.0,0.0,0.0,-0.0,-0.0,0.0,0.0,0.0,0.0,0.0,0.0,0.0,0.0,0.0,0.0,0.0,1946.159753363229,2.175217829677349,174.64951104740024,5.211195,23.070967741935487,1.0,0.0,0.0,0.0,0.0,0.0,0.0,6.525653489032047,15.633585,0.0,1.791759469228055,0.0,4.48863636973214,212.9,132.0,107.0,0.0,6.146774193548387,17.777240143369177,414337.41149103147,208239.0936098655,2.121117274908312,6.280395838960194,0.0,0.0,1.0,0.6405885399100313,6.280395838960194,0.0,3247.5
-1.1225806451612903,4.238709677419355,-6.090322580645162,18.8,20.33225806451613,36.6741935483871,34.483870967741936,31,0.0,26.44193548387097,26,0.0,0.0,1.0986122886681098,0.6931471805599453,0.0,0.0,-0.6298568507156688,-0.0,-1.0986122886681098,-0.6931471805599453,3.0,2.0,1,0,0,0,0,0,0,0,0,0,0,0,0,0,0,0,0,0,0,2,2,1,2,25.5,53,0,1,FED,BLM,3,Other Conservation Area,Fee,National Public Lands,OPEN ACCESS,0,0,1,0,0,1,1,0,0,0,1,0,0,3,0,2.3629285191162674,177.41257008675635,3.8369536,37,18,33,46,0.0,0.2531610803010968,19.45100027601615,1826.8595812471551,100.90423393249512,0.0,0.354712955653667,0.4999999999999999,0.8660254037844387,1,0,0,0,0,0.0,0.2256692233585346,3.01803179454522,0.6931471805599453,1.0986122886681098,5.184098677791269,0.0,10.392835984934758,913.4297906235774,1582.106806507038,0.0,1826.8595812471551,0.0,88.70628504337816,153.6437926458182,0.0,1.1814642595581335,2.3629285191162674,0.0,1.9184768,0.0,0.0,0.0,0.4999999999999999,0.0,0.0,-2050.797207335516,56632.64701866181,34344.96012744652,3335.3563176310195,-199.1599173877136,3607.198158892985,-0.0,0.0,-51.63870967741936,695.6,1147.0,-2.652577821459552,0.0,0.0,0.0,0.0,0.0,0.0,0.0,0.0,0.0,2007.0103856292017,194.9076296615028,4.215324376009344,2.59594230834547,40.648654680720064,50.53616527873305,0.0,2.19722457733622,0.0,1266.2825680203878,122.97302275152884,2.659573569779332,1.6378572408901275,25.64644568071797,31.884770305757485,0.0,1.3862943611198906,0.0,0.0,0.0,0.0,0.0,0.0,0.0,0.0,0.0,0.0,0.0,0.0,0.0,0.0,0.0,0.0,1.0986122886681098,0.0,0.0,0.0,0.6931471805599453,0.0,0.0,0.0,0.0,0.0,0.0,0.0,-0.0,20.653911026960465,34.056980948711406,-1.2332808917951683,13.031166994526972,21.487562597358306,-0.7781136091447127,0.0,0.0,-0.0,0.0,1.0986122886681098,0.6931471805599453,0.0,0.0,0.0,0.0,1.0986122886681098,0.0,0.0,0.6931471805599453,0.0,0.0,0.0,0.0,0.0,0.4999999999999999,0.8660254037844387,0.0,1.0,0.0,0.0,0.0,0.0,0.0,0.0,0.0,0.0,0.0,0.0,0.0,0.0,0.0,0.0,0.0,0.0,-0.0,0.0,0.0,0.0,-0.0,1826.8595812471551,2.3629285191162674,177.41257008675635,3.8369536,-1.1225806451612903,0.0,1.0,0.0,0.0,0.0,0.0,0.0,7.088785557348802,11.5108608,0.0,1.0986122886681098,0.6931471805599453,0.0,18.8,18.8,31.0,31.0,0.0,-1.1225806451612903,34344.96012744652,56632.64701866181,0.5430781023753039,1.791759469228055,0.0,0.0,0.0,0.15416946384821315,0.0,1.791759469228055,2667.5
-3.207142857142857,3.139285714285714,-8.914285714285715,17.2,21.575,39.31071428571429,36.285714285714285,25,0.0,23.4,23,0.0,0.0,0.0,0.0,0.0,0.0,-0.6298568507156688,-0.0,-0.0,-0.0,0.0,0.0,1,0,0,0,0,0,0,0,0,0,0,0,0,0,0,0,0,0,0,2,2,1,2,25.5,53,0,1,FED,BLM,3,Other Conservation Area,Fee,National Public Lands,OPEN ACCESS,0,0,1,0,0,1,1,0,0,0,1,0,0,3,0,2.3629285191162674,177.41257008675635,3.8369536,37,18,33,46,0.0,0.2531610803010968,19.45100027601615,1826.8595812471551,100.90423393249512,0.0,0.354712955653667,0.8660254037844386,0.5000000000000001,1,0,0,0,0,0.0,0.2256692233585346,3.01803179454522,0.6931471805599453,1.0986122886681098,5.184098677791269,0.0,10.392835984934758,1582.1068065070378,913.4297906235778,0.0,1826.8595812471551,0.0,153.64379264581817,88.70628504337819,0.0,2.046356124881432,2.3629285191162674,0.0,3.322899290742156,0.0,0.0,0.0,0.8660254037844386,0.0,0.0,-5858.999656999804,45671.48953117888,31421.984797451067,3051.496205492209,-568.9874569210971,3827.676199621768,-0.0,0.0,-147.5285714285714,636.4,925.0,-7.578249322022885,0.0,0.0,0.0,0.0,0.0,0.0,0.0,0.0,0.0,0.0,0.0,0.0,0.0,0.0,0.0,0.0,0.0,0.0,0.0,0.0,0.0,0.0,0.0,0.0,0.0,0.0,0.0,0.0,0.0,0.0,0.0,0.0,0.0,0.0,0.0,0.0,0.0,0.0,0.0,0.0,0.0,0.0,0.0,0.0,0.0,0.0,0.0,0.0,0.0,0.0,0.0,0.0,0.0,0.0,-0.0,0.0,0.0,-0.0,0.0,0.0,-0.0,0.0,0.0,-0.0,0.0,0.0,0.0,0.0,0.0,0.0,0.0,0.0,0.0,0.0,0.0,0.0,0.0,0.0,0.0,0.0,0.8660254037844386,0.5000000000000001,0.0,1.0,0.0,0.0,0.0,0.0,0.0,0.0,0.0,0.0,0.0,0.0,0.0,0.0,0.0,0.0,0.0,0.0,-0.0,0.0,0.0,0.0,-0.0,1826.8595812471551,2.3629285191162674,177.41257008675635,3.8369536,-3.207142857142857,0.0,1.0,0.0,0.0,0.0,0.0,0.0,7.088785557348802,11.5108608,0.0,0.0,0.0,0.0,36.0,36.0,56.0,56.0,0.0,-2.1648617511520736,65766.94492489759,102304.13654984068,0.0,0.0,0.0,0.0,0.0,0.0,0.0,0.0,1757.5
3.696774193548387,9.712903225806452,-2.0935483870967744,29.2,20.60322580645161,38.33870967741935,40.25806451612903,25,0.0,29.470967741935485,26,0.0,0.0,0.6931471805599453,0.6931471805599453,0.0,0.0,-0.6298568507156688,-0.0,-0.6931471805599453,-0.6931471805599453,2.0,2.0,1,0,0,0,0,0,0,0,0,0,0,0,0,0,0,0,0,0,0,2,2,1,2,25.5,53,0,1,FED,BLM,3,Other Conservation Area,Fee,National Public Lands,OPEN ACCESS,0,0,1,0,0,1,1,0,0,0,1,0,0,3,0,2.3629285191162674,177.41257008675635,3.8369536,37,18,33,46,0.0,0.2531610803010968,19.45100027601615,1826.8595812471551,100.90423393249512,0.0,0.354712955653667,1.0,6.123233995736766e-17,0,1,0,0,0,0.0,0.2256692233585346,3.01803179454522,0.6931471805599453,1.0986122886681098,5.184098677791269,0.0,10.392835984934758,1826.8595812471551,1.1186288693330013e-13,0.0,0.0,0.0,177.41257008675635,1.0863386804262581e-14,0.0,2.3629285191162674,0.0,0.0,3.8369536,0.0,0.0,0.0,1.0,0.0,0.0,6753.487355191096,45671.48953117888,53344.299772416925,5180.447046533285,655.8542107078154,3655.271242400364,0.0,0.0,170.05161290322582,1080.4,925.0,8.735213170668525,0.0,0.0,0.0,0.0,0.0,0.0,0.0,0.0,0.0,1266.2825680203878,122.97302275152884,2.659573569779332,1.6378572408901275,25.64644568071797,31.884770305757485,0.0,1.3862943611198906,0.0,1266.2825680203878,122.97302275152884,2.659573569779332,1.6378572408901275,25.64644568071797,31.884770305757485,0.0,1.3862943611198906,0.0,0.0,0.0,0.0,0.0,0.0,0.0,0.0,0.0,0.0,0.0,0.0,0.0,0.0,0.0,0.0,0.6931471805599453,0.0,0.0,0.0,0.6931471805599453,0.0,0.0,0.0,0.0,0.0,0.0,0.0,0.0,20.2398976723504,17.328679513998633,2.56240860942483,20.2398976723504,17.328679513998633,2.56240860942483,0.0,0.0,0.0,0.0,0.6931471805599453,0.6931471805599453,0.0,0.0,0.0,0.0,0.6931471805599453,0.0,0.0,0.6931471805599453,0.0,0.0,0.0,0.0,0.0,1.0,6.123233995736766e-17,0.0,0.0,0.0,0.0,0.0,0.0,0.0,0.0,0.0,0.0,0.0,0.0,0.0,0.0,0.0,0.0,0.0,0.0,0.0,0.0,0.0,0.0,0.0,1826.8595812471551,2.3629285191162674,177.41257008675635,3.8369536,3.696774193548387,0.0,0.0,0.0,0.0,0.0,0.0,0.0,7.088785557348802,11.5108608,0.0,0.6931471805599453,0.6931471805599453,0.0,65.2,65.2,81.0,81.0,0.0,-0.2109831029185866,119111.24469731453,147975.62608101955,0.4001887112843145,1.3862943611198906,0.0,0.0,0.0,0.11928177975905085,0.0,0.0,2955.0
8.776666666666667,16.036666666666665,1.8733333333333333,26.7,22.49333333333333,42.29,36.266666666666666,9,0.0,28.226666666666667,27,0.0,0.0,1.0986122886681098,0.0,0.0,0.0,-0.6298568507156688,-0.0,-1.0986122886681098,-0.0,2.0,1.0,1,0,0,0,0,0,0,0,0,0,0,0,0,0,0,0,0,0,0,2,2,1,2,25.5,53,0,1,FED,BLM,3,Other Conservation Area,Fee,National Public Lands,OPEN ACCESS,0,0,1,0,0,1,1,0,0,0,1,0,0,3,0,2.3629285191162674,177.41257008675635,3.8369536,37,18,33,46,0.0,0.2531610803010968,19.45100027601615,1826.8595812471551,100.90423393249512,0.0,0.354712955653667,0.8660254037844387,-0.4999999999999998,0,1,0,0,0,0.0,0.2256692233585346,3.01803179454522,0.6931471805599453,1.0986122886681098,5.184098677791269,0.0,10.392835984934758,1582.106806507038,-913.4297906235772,0.0,0.0,0.0,153.6437926458182,-88.70628504337813,0.0,2.046356124881432,0.0,0.0,3.322899290742156,0.0,0.0,0.0,0.8660254037844387,0.0,0.0,16033.737591412531,16441.736231224397,48777.15081929904,4736.915621316394,1557.0909901280984,3990.600076484772,0.0,0.0,403.7266666666667,987.9,333.0,20.738635969443774,0.0,0.0,0.0,0.0,0.0,0.0,0.0,0.0,0.0,2007.0103856292017,194.9076296615028,4.215324376009344,2.59594230834547,40.648654680720064,50.53616527873305,0.0,2.19722457733622,0.0,0.0,0.0,0.0,0.0,0.0,0.0,0.0,0.0,0.0,0.0,0.0,0.0,0.0,0.0,0.0,0.0,0.0,0.0,0.0,0.0,0.0,0.0,0.0,0.0,1.0986122886681098,0.0,0.0,0.0,0.0,0.0,0.0,0.0,0.0,0.0,0.0,0.0,0.0,29.33294810743853,9.887510598012987,9.642153853543778,0.0,0.0,0.0,0.0,0.0,0.0,0.0,1.0986122886681098,0.0,0.0,0.0,0.0,0.0,1.0986122886681098,0.0,0.0,0.0,0.0,0.0,0.0,0.0,0.0,0.8660254037844387,-0.4999999999999998,0.0,0.0,0.0,-0.0,0.0,0.0,0.0,-0.0,0.0,0.0,0.0,-0.0,0.0,0.0,0.0,0.0,0.0,0.0,0.0,0.0,0.0,0.0,0.0,1826.8595812471551,2.3629285191162674,177.41257008675635,3.8369536,8.776666666666667,0.0,0.0,0.0,0.0,0.0,0.0,0.0,7.088785557348802,11.5108608,0.0,1.0986122886681098,0.0,0.0,91.9,73.1,90.0,59.0,0.0,3.088766001024066,167888.39551661356,164417.36231224396,0.5493061443340549,1.0986122886681098,0.0,0.0,0.0,0.09452857396868772,0.0,0.0,3167.5
13.270967741935484,19.135483870967743,7.312903225806451,88.7,20.68064516129032,39.45806451612904,52.96774193548387,1,0.0838709677419354,41.270967741935486,24,0.0,0.0,0.6931471805599453,0.0,0.0,0.0,-0.6298568507156688,-0.0,-0.6931471805599453,-0.0,1.0,1.0,1,0,0,0,0,0,0,0,0,0,0,0,0,0,0,0,0,0,0,2,2,1,2,25.5,53,0,1,FED,BLM,3,Other Conservation Area,Fee,National Public Lands,OPEN ACCESS,0,0,1,0,0,1,1,0,0,0,1,0,0,3,0,2.3629285191162674,177.41257008675635,3.8369536,37,18,33,46,0.0,0.2531610803010968,19.45100027601615,1826.8595812471551,100.90423393249512,0.0,0.354712955653667,0.4999999999999999,-0.8660254037844387,0,1,0,0,0,0.0,0.2256692233585346,3.01803179454522,0.6931471805599453,1.0986122886681098,5.184098677791269,0.0,10.392835984934758,913.4297906235774,-1582.106806507038,0.0,0.0,0.0,88.70628504337816,-153.6437926458182,0.0,1.1814642595581335,0.0,0.0,1.9184768,0.0,0.0,0.0,0.4999999999999999,0.0,0.0,24244.194571776763,1826.8595812471551,162042.44485662266,15736.494966695289,2354.436494635212,3669.006409116758,0.0,0.0,610.4645161290323,3281.9,37.0,31.35834815369137,0.0,0.0,0.0,0.0,0.0,0.0,0.0,0.0,0.0,1266.2825680203878,122.97302275152884,2.659573569779332,1.6378572408901275,25.64644568071797,31.884770305757485,0.0,1.3862943611198906,0.0,0.0,0.0,0.0,0.0,0.0,0.0,0.0,0.0,0.0,0.0,0.0,0.0,0.0,0.0,0.0,0.0,0.0,0.0,0.0,0.0,0.0,0.0,0.0,0.0,0.6931471805599453,0.0,0.0,0.0,0.0,0.0,0.0,0.0,0.0,0.0,0.0,0.0,0.0,61.48215491566715,0.6931471805599453,9.198733873624564,0.0,0.0,0.0,0.0,0.0,0.0,0.0,0.6931471805599453,0.0,0.0,0.0,0.0,0.0,0.6931471805599453,0.0,0.0,0.0,0.0,0.0,0.0,0.0,0.0,0.4999999999999999,-0.8660254037844387,0.0,0.0,0.0,-0.0,0.0,0.0,0.0,-0.0,0.0,0.0,0.0,-0.0,0.0,0.0,0.0,0.0,0.0,0.0,0.0,0.0,0.0,0.0,0.0,1826.8595812471551,2.3629285191162674,177.41257008675635,3.8369536,13.270967741935484,0.0,0.0,0.0,0.0,0.0,0.0,0.0,7.088785557348802,11.5108608,0.0,0.6931471805599453,0.0,0.0,180.6,144.60000000000002,91.0,35.0,0.0838709677419354,8.58146953405018,329930.8403732362,166244.2218934911,0.3465735902799726,0.6931471805599453,0.0,0.0,0.0,0.05964088987952543,0.0,0.0,2740.0
22.03333333333333,28.93,15.023333333333332,23.2,21.396666666666665,41.53333333333333,42.9,0,4.596666666666667,41.66666666666666,30,0.0,0.0,0.6931471805599453,0.0,0.0,0.0,-0.6298568507156688,-0.0,-0.6931471805599453,-0.0,1.0,1.0,1,0,0,0,0,0,0,0,0,0,0,0,0,0,0,0,0,0,0,2,2,1,2,25.5,53,0,1,FED,BLM,3,Other Conservation Area,Fee,National Public Lands,OPEN ACCESS,0,0,1,0,0,1,1,0,0,0,1,0,0,3,0,2.3629285191162674,177.41257008675635,3.8369536,37,18,33,46,0.0,0.2531610803010968,19.45100027601615,1826.8595812471551,100.90423393249512,0.0,0.354712955653667,1.2246467991473532e-16,-1.0,0,0,1,0,1,0.0,0.2256692233585346,3.01803179454522,0.6931471805599453,1.0986122886681098,5.184098677791269,0.0,10.392835984934758,2.2372577386660025e-13,-1826.8595812471551,1826.8595812471551,0.0,177.41257008675635,2.1726773608525163e-14,-177.41257008675635,2.3629285191162674,2.8937528475497324e-16,0.0,3.8369536,4.698912944716916e-16,0.0,0.0,1.0,1.2246467991473532e-16,0.0,0.0,40251.80610681231,0.0,42383.142284934,4115.971626012747,3908.990294244864,3796.037624622963,0.0,0.0,1013.5333333333332,858.4,0.0,52.06319170452842,0.0,0.0,0.0,0.0,0.0,0.0,0.0,0.0,0.0,1266.2825680203878,122.97302275152884,2.659573569779332,1.6378572408901275,25.64644568071797,31.884770305757485,0.0,1.3862943611198906,0.0,0.0,0.0,0.0,0.0,0.0,0.0,0.0,0.0,0.0,0.0,0.0,0.0,0.0,0.0,0.0,0.0,0.0,0.0,0.0,0.0,0.0,0.0,0.0,0.0,0.6931471805599453,0.0,0.0,0.0,0.0,0.0,0.0,0.0,0.0,0.0,0.0,0.0,0.0,16.08101458899073,0.0,15.27234287833746,0.0,0.0,0.0,0.0,0.0,0.0,0.0,0.6931471805599453,0.0,0.0,0.0,0.0,0.0,0.6931471805599453,0.0,0.0,0.0,0.0,0.0,0.0,0.0,0.0,1.2246467991473532e-16,-1.0,1.0,0.0,0.0,-0.0,0.0,0.0,0.0,-0.0,0.0,0.0,0.0,-0.0,0.0,0.0,0.0,0.0,0.0,0.0,0.0,0.0,0.0,0.0,0.0,1826.8595812471551,2.3629285191162674,177.41257008675635,3.8369536,22.03333333333333,1.0,0.0,0.0,0.0,0.0,0.0,0.0,7.088785557348802,11.5108608,0.0,0.6931471805599453,0.0,0.0,203.8,138.6,91.0,10.0,4.680537634408602,14.693655913978494,372313.98265817016,166244.2218934911,0.3465735902799726,0.6931471805599453,0.0,0.0,1.0,0.05964088987952543,0.6931471805599453,0.0,2242.5
23.661290322580644,30.135483870967743,17.177419354838708,52.3,20.932258064516127,39.76774193548387,39.38709677419355,0,5.661290322580645,46.88709677419355,30,0.0,0.0,0.6931471805599453,0.0,0.0,0.0,-0.6298568507156688,-0.0,-0.6931471805599453,-0.0,1.0,1.0,1,0,0,0,0,0,0,0,0,0,0,0,0,0,0,0,0,0,0,2,2,1,2,25.5,53,0,1,FED,BLM,3,Other Conservation Area,Fee,National Public Lands,OPEN ACCESS,0,0,1,0,0,1,1,0,0,0,1,0,0,3,0,2.3629285191162674,177.41257008675635,3.8369536,37,18,33,46,0.0,0.2531610803010968,19.45100027601615,1826.8595812471551,100.90423393249512,0.0,0.354712955653667,-0.4999999999999997,-0.8660254037844388,0,0,1,0,1,0.0,0.2256692233585346,3.01803179454522,0.6931471805599453,1.0986122886681098,5.184098677791269,0.0,10.392835984934758,-913.4297906235772,-1582.1068065070383,1826.8595812471551,0.0,177.41257008675635,-88.70628504337813,-153.64379264581822,2.3629285191162674,-1.181464259558133,0.0,3.8369536,-1.918476799999999,0.0,-0.0,1.0,-0.4999999999999997,0.0,-0.0,43225.85493047704,0.0,95544.7560992262,9278.677415537357,4197.810327697928,3713.6457009450382,0.0,0.0,1088.4193548387095,1935.1,0.0,55.90993770231555,0.0,0.0,0.0,0.0,0.0,0.0,0.0,0.0,0.0,1266.2825680203878,122.97302275152884,2.659573569779332,1.6378572408901275,25.64644568071797,31.884770305757485,0.0,1.3862943611198906,0.0,0.0,0.0,0.0,0.0,0.0,0.0,0.0,0.0,0.0,0.0,0.0,0.0,0.0,0.0,0.0,0.0,0.0,0.0,0.0,0.0,0.0,0.0,0.0,0.0,0.6931471805599453,0.0,0.0,0.0,0.0,0.0,0.0,0.0,0.0,0.0,0.0,0.0,0.0,36.251597543285136,0.0,16.400756675507093,0.0,0.0,0.0,0.0,0.0,0.0,0.0,0.6931471805599453,0.0,0.0,0.0,0.0,0.0,0.6931471805599453,0.0,0.0,0.0,0.0,0.0,0.0,0.0,0.0,-0.4999999999999997,-0.8660254037844388,1.0,0.0,-0.0,-0.0,0.0,0.0,-0.0,-0.0,0.0,0.0,-0.0,-0.0,0.0,0.0,0.0,0.0,0.0,0.0,0.0,0.0,0.0,0.0,0.0,1826.8595812471551,2.3629285191162674,177.41257008675635,3.8369536,23.661290322580644,1.0,0.0,0.0,0.0,0.0,0.0,0.0,7.088785557348802,11.5108608,0.0,0.6931471805599453,0.0,0.0,256.1,164.20000000000002,91.0,1.0,10.341827956989247,19.65519713261649,467858.73875739647,166244.2218934911,0.3465735902799726,0.6931471805599453,0.0,0.0,1.0,0.05964088987952543,0.6931471805599453,0.0,2848.125
-0.1064516129032258,6.061290322580645,-5.367741935483871,14.2,19.70967741935484,34.44516129032258,46.516129032258064,29,0.0,23.9741935483871,23,1.0,0.0,0.0,0.0,4.248495242049359,4.248495242049359,0.3701431492843312,0.0,0.0,0.0,69.0,1.0,1,0,0,0,0,0,0,0,0,0,0,0,0,0,0,0,0,0,0,2,2,1,2,25.5,53,0,1,FED,BLM,3,Other Conservation Area,Fee,National Public Lands,OPEN ACCESS,0,0,1,0,0,1,1,0,0,0,1,0,0,3,0,2.3629285191162674,177.41257008675635,3.8369536,37,18,33,46,0.0,0.2531610803010968,19.45100027601615,1826.8595812471551,100.90423393249512,0.0,0.354712955653667,0.4999999999999999,0.8660254037844387,1,0,0,0,0,0.0,0.2256692233585346,3.01803179454522,0.6931471805599453,1.0986122886681098,5.184098677791269,0.0,10.392835984934758,913.4297906235774,1582.106806507038,0.0,1826.8595812471551,0.0,88.70628504337816,153.6437926458182,0.0,1.1814642595581335,2.3629285191162674,0.0,1.9184768,0.0,0.0,0.0,0.4999999999999999,0.0,0.0,-194.4721489714713,52978.9278561675,25941.4060537096,2519.25849523194,-18.885854235041805,3496.744526548649,-0.0,0.0,-4.896774193548387,525.4,1073.0,-0.2515375520349575,0.0,0.0,0.0,0.0,0.0,0.0,0.0,0.0,0.0,0.0,0.0,0.0,0.0,0.0,0.0,0.0,0.0,0.0,0.0,0.0,0.0,0.0,0.0,0.0,0.0,0.0,0.0,7761.404238820824,753.7364598933328,16.30127911356416,10.0388905707682,157.1943239558263,195.4307811342705,0.0,8.496990484098719,0.0,0.0,0.0,0.0,0.0,0.0,0.0,0.0,0.0,0.0,0.0,0.0,0.0,0.0,0.0,4.248495242049359,0.0,0.0,0.0,-0.0,0.0,0.0,-0.0,0.0,0.0,-0.0,60.3286324371009,123.20636201943142,-0.452259170927835,0.0,0.0,0.0,4.248495242049359,0.0,0.0,0.0,0.0,0.0,0.0,0.0,0.0,0.0,4.248495242049359,0.0,0.0,0.4999999999999999,0.8660254037844387,0.0,1.0,0.0,0.0,0.0,0.0,0.0,0.0,0.0,0.0,0.0,0.0,0.0,0.0,0.0,0.0,0.0,0.0,-0.0,0.0,0.0,0.0,-0.0,1826.8595812471551,2.3629285191162674,177.41257008675635,3.8369536,-0.1064516129032258,0.0,1.0,0.0,0.0,0.0,0.0,0.0,7.088785557348802,11.5108608,0.0,0.0,0.0,4.248495242049359,14.2,89.7,29.0,29.0,0.0,15.19605734767025,25941.4060537096,52978.9278561675,2.12424762102468,4.248495242049359,0.0,0.0,0.0,0.36555589345406014,0.0,4.248495242049359,4980.865385
-4.207142857142857,2.5107142857142857,-10.907142857142858,31.2,18.45,31.935714285714287,38.642857142857146,28,0.0,22.88214285714286,26,1.0,0.0,0.6931471805599453,0.0,4.6443908991413725,4.6443908991413725,0.3701431492843312,0.0,0.0,0.0,104.0,2.0,1,0,0,0,0,0,0,0,0,0,0,0,0,0,0,0,0,0,0,2,2,1,2,25.5,53,0,1,FED,BLM,3,Other Conservation Area,Fee,National Public Lands,OPEN ACCESS,0,0,1,0,0,1,1,0,0,0,1,0,0,3,0,2.3629285191162674,177.41257008675635,3.8369536,37,18,33,46,0.0,0.2531610803010968,19.45100027601615,1826.8595812471551,100.90423393249512,0.0,0.354712955653667,0.8660254037844386,0.5000000000000001,1,0,0,0,0,0.0,0.2256692233585346,3.01803179454522,0.6931471805599453,1.0986122886681098,5.184098677791269,0.0,10.392835984934758,1582.1068065070378,913.4297906235778,0.0,1826.8595812471551,0.0,153.64379264581817,88.70628504337819,0.0,2.046356124881432,2.3629285191162674,0.0,3.322899290742156,0.0,0.0,0.0,0.8660254037844386,0.0,0.0,-7685.85923824696,51152.06827492034,56998.01893491124,5535.272186706798,-746.4000270078535,3273.2619181006544,-0.0,0.0,-193.52857142857144,1154.4,1036.0,-9.941177841139154,0.0,0.0,0.0,0.0,0.0,0.0,0.0,0.0,0.0,1266.2825680203878,122.97302275152884,2.659573569779332,1.6378572408901275,25.64644568071797,31.884770305757485,0.0,1.3862943611198906,0.0,0.0,0.0,0.0,0.0,0.0,0.0,0.0,0.0,0.0,8484.650013153507,823.9733259042121,17.820312380267726,10.974363709505193,171.84246326823077,213.6419813605032,0.0,9.288781798282743,0.0,0.0,0.0,0.0,0.0,0.0,0.0,0.6931471805599453,0.0,0.0,0.0,0.0,0.0,0.0,0.0,4.6443908991413725,0.0,0.0,0.0,-0.0,21.626192033470293,19.408121055678468,-2.916169209641484,0.0,0.0,-0.0,144.90499605321082,130.04294517595844,-19.53961599710192,0.0,0.6931471805599453,0.0,4.6443908991413725,0.0,0.0,0.0,0.6931471805599453,0.0,0.0,0.0,0.0,0.0,4.6443908991413725,0.0,0.0,0.8660254037844386,0.5000000000000001,0.0,1.0,0.0,0.0,0.0,0.0,0.0,0.0,0.0,0.0,0.0,0.0,0.0,0.0,0.0,0.0,0.0,0.0,-0.0,0.0,0.0,0.0,-0.0,1826.8595812471551,2.3629285191162674,177.41257008675635,3.8369536,-4.207142857142857,0.0,1.0,0.0,0.0,0.0,0.0,0.0,7.088785557348802,11.5108608,0.0,0.6931471805599453,0.0,4.6443908991413725,45.4,97.7,57.0,57.0,0.0,6.449231950844854,82939.42498862084,104130.99613108784,2.2307316923586606,5.337538079701318,0.0,0.0,0.0,0.4592610772535767,0.0,5.337538079701318,4165.0
2.7451612903225806,9.958064516129031,-4.090322580645161,42.3,18.177419354838708,32.48064516129032,50.70967741935484,21,0.0,28.583870967741937,25,1.0,0.0,1.0986122886681098,0.0,4.90527477843843,4.90527477843843,0.3701431492843312,0.0,0.0,0.0,136.0,2.0,1,0,0,0,0,0,0,0,0,0,0,0,0,0,0,0,0,0,0,2,2,1,2,25.5,53,0,1,FED,BLM,3,Other Conservation Area,Fee,National Public Lands,OPEN ACCESS,0,0,1,0,0,1,1,0,0,0,1,0,0,3,0,2.3629285191162674,177.41257008675635,3.8369536,37,18,33,46,0.0,0.2531610803010968,19.45100027601615,1826.8595812471551,100.90423393249512,0.0,0.354712955653667,1.0,6.123233995736766e-17,0,1,0,0,0,0.0,0.2256692233585346,3.01803179454522,0.6931471805599453,1.0986122886681098,5.184098677791269,0.0,10.392835984934758,1826.8595812471551,1.1186288693330013e-13,0.0,0.0,0.0,177.41257008675635,1.0863386804262581e-14,0.0,2.3629285191162674,0.0,0.0,3.8369536,0.0,0.0,0.0,1.0,0.0,0.0,5015.02420529461,38364.051206190255,77276.16028675466,7504.551714669793,487.0261198188053,3224.902685286684,0.0,0.0,126.27741935483871,1565.1,777.0,6.486619902477237,0.0,0.0,0.0,0.0,0.0,0.0,0.0,0.0,0.0,2007.0103856292017,194.9076296615028,4.215324376009344,2.59594230834547,40.648654680720064,50.53616527873305,0.0,2.19722457733622,0.0,0.0,0.0,0.0,0.0,0.0,0.0,0.0,0.0,0.0,8961.24822764026,870.2574054245061,18.821311720118537,11.590813668073896,181.4951668022219,225.64263980816776,0.0,9.81054955687686,0.0,0.0,0.0,0.0,0.0,0.0,0.0,1.0986122886681098,0.0,0.0,0.0,0.0,0.0,0.0,0.0,4.90527477843843,0.0,0.0,0.0,0.0,46.47129981066104,23.070858062030304,3.015867927924392,0.0,0.0,0.0,207.49312312794555,103.01077034720704,13.46577044016485,0.0,1.0986122886681098,0.0,4.90527477843843,0.0,0.0,0.0,1.0986122886681098,0.0,0.0,0.0,0.0,0.0,4.90527477843843,0.0,0.0,1.0,6.123233995736766e-17,0.0,0.0,0.0,0.0,0.0,0.0,0.0,0.0,0.0,0.0,0.0,0.0,0.0,0.0,0.0,0.0,0.0,0.0,0.0,0.0,0.0,0.0,0.0,1826.8595812471551,2.3629285191162674,177.41257008675635,3.8369536,2.7451612903225806,0.0,0.0,0.0,0.0,0.0,0.0,0.0,7.088785557348802,11.5108608,0.0,1.0986122886681098,0.0,4.90527477843843,87.69999999999999,87.69999999999999,78.0,78.0,0.0,-0.5228110599078342,160215.5852753755,142495.0473372781,2.3278748988547817,6.00388706710654,0.0,0.0,0.0,0.5165961536901044,0.0,0.0,6480.0
10.25,17.69,2.5866666666666664,8.1,28.613333333333333,51.51,39.1,9,0.0,25.316666666666663,29,1.0,0.0,0.6931471805599453,0.0,4.736198448394496,4.736198448394496,0.3701431492843312,0.0,0.0,0.0,114.0,2.0,1,0,0,0,0,0,0,0,0,0,0,0,0,0,0,0,0,0,0,2,2,1,2,25.5,53,0,1,FED,BLM,3,Other Conservation Area,Fee,National Public Lands,OPEN ACCESS,0,0,1,0,0,1,1,0,0,0,1,0,0,3,0,2.3629285191162674,177.41257008675635,3.8369536,37,18,33,46,0.0,0.2531610803010968,19.45100027601615,1826.8595812471551,100.90423393249512,0.0,0.354712955653667,0.8660254037844387,-0.4999999999999998,0,1,0,0,0,0.0,0.2256692233585346,3.01803179454522,0.6931471805599453,1.0986122886681098,5.184098677791269,0.0,10.392835984934758,1582.106806507038,-913.4297906235772,0.0,0.0,0.0,153.6437926458182,-88.70628504337813,0.0,2.046356124881432,0.0,0.0,3.322899290742156,0.0,0.0,0.0,0.8660254037844387,0.0,0.0,18725.31070778334,16441.736231224397,14797.562608101956,1437.0418177027263,1818.4788433892525,5076.3650054157215,0.0,0.0,471.5,299.7,333.0,24.220017320941743,0.0,0.0,0.0,0.0,0.0,0.0,0.0,0.0,0.0,1266.2825680203878,122.97302275152884,2.659573569779332,1.6378572408901275,25.64644568071797,31.884770305757485,0.0,1.3862943611198906,0.0,0.0,0.0,0.0,0.0,0.0,0.0,0.0,0.0,0.0,8652.369514137394,840.2611391705751,18.17257368688168,11.191298385905569,175.23934259059635,217.8651286261468,0.0,9.472396896788991,0.0,0.0,0.0,0.0,0.0,0.0,0.0,0.6931471805599453,0.0,0.0,0.0,0.0,0.0,0.0,0.0,4.736198448394496,0.0,0.0,0.0,0.0,5.614492162535557,6.238324625039508,7.104758600739439,0.0,0.0,0.0,38.36320743199541,42.62578603555046,48.54603409604358,0.0,0.6931471805599453,0.0,4.736198448394496,0.0,0.0,0.0,0.6931471805599453,0.0,0.0,0.0,0.0,0.0,4.736198448394496,0.0,0.0,0.8660254037844387,-0.4999999999999998,0.0,0.0,0.0,-0.0,0.0,0.0,0.0,-0.0,0.0,0.0,0.0,-0.0,0.0,0.0,0.0,0.0,0.0,0.0,0.0,0.0,0.0,0.0,0.0,1826.8595812471551,2.3629285191162674,177.41257008675635,3.8369536,10.25,0.0,0.0,0.0,0.0,0.0,0.0,0.0,7.088785557348802,11.5108608,0.0,0.6931471805599453,0.0,4.736198448394496,95.8,81.6,87.0,58.0,0.0,2.929339477726574,175013.14788347745,158936.7835685025,2.27615027819862,5.429345628954441,0.0,0.0,0.0,0.4671605307732337,0.0,0.0,6257.5
14.796774193548387,22.258064516129032,7.422580645161291,45.8,27.36774193548387,49.41290322580645,47.87096774193548,4,0.996774193548387,33.667741935483875,28,1.0,0.0,0.6931471805599453,0.0,4.382026634673881,4.382026634673881,0.3701431492843312,0.0,0.0,0.0,80.0,2.0,1,0,0,0,0,0,0,0,0,0,0,0,0,0,0,0,0,0,0,2,2,1,2,25.5,53,0,1,FED,BLM,3,Other Conservation Area,Fee,National Public Lands,OPEN ACCESS,0,0,1,0,0,1,1,0,0,0,1,0,0,3,0,2.3629285191162674,177.41257008675635,3.8369536,37,18,33,46,0.0,0.2531610803010968,19.45100027601615,1826.8595812471551,100.90423393249512,0.0,0.354712955653667,0.4999999999999999,-0.8660254037844387,0,1,0,0,0,0.0,0.2256692233585346,3.01803179454522,0.6931471805599453,1.0986122886681098,5.184098677791269,0.0,10.392835984934758,913.4297906235774,-1582.106806507038,0.0,0.0,0.0,88.70628504337816,-153.6437926458182,0.0,1.1814642595581335,0.0,0.0,1.9184768,0.0,0.0,0.0,0.4999999999999999,0.0,0.0,27031.62870703452,7307.4383249886205,83670.1688211197,8125.49570997344,2625.133738670811,4855.381434245293,0.0,0.0,680.6516129032258,1694.6,148.0,34.96371973285909,0.0,0.0,0.0,0.0,0.0,0.0,0.0,0.0,0.0,1266.2825680203878,122.97302275152884,2.659573569779332,1.6378572408901275,25.64644568071797,31.884770305757485,0.0,1.3862943611198906,0.0,0.0,0.0,0.0,0.0,0.0,0.0,0.0,0.0,0.0,8005.347342834207,777.426607446113,16.813632871207833,10.354415706597996,162.13498548293362,201.5732251949985,0.0,8.764053269347762,0.0,0.0,0.0,0.0,0.0,0.0,0.0,0.6931471805599453,0.0,0.0,0.0,0.0,0.0,0.0,0.0,4.382026634673881,0.0,0.0,0.0,0.0,31.74614086964549,2.772588722239781,10.256342313640223,0.0,0.0,0.0,200.69681986806376,17.528106538695525,64.83985862338417,0.0,0.6931471805599453,0.0,4.382026634673881,0.0,0.0,0.0,0.6931471805599453,0.0,0.0,0.0,0.0,0.0,4.382026634673881,0.0,0.0,0.4999999999999999,-0.8660254037844387,0.0,0.0,0.0,-0.0,0.0,0.0,0.0,-0.0,0.0,0.0,0.0,-0.0,0.0,0.0,0.0,0.0,0.0,0.0,0.0,0.0,0.0,0.0,0.0,1826.8595812471551,2.3629285191162674,177.41257008675635,3.8369536,14.796774193548387,0.0,0.0,0.0,0.0,0.0,0.0,0.0,7.088785557348802,11.5108608,0.0,0.6931471805599453,0.0,4.382026634673881,141.6,96.2,91.0,34.0,0.996774193548387,9.263978494623656,258683.31670459715,166244.2218934911,2.101052365458853,5.075173815233827,0.0,0.0,0.0,0.4366863072129806,0.0,0.0,4450.0
21.62,28.476666666666667,14.823333333333332,42.4,21.28333333333333,41.09666666666667,54.36666666666667,0,4.24,40.25333333333333,27,1.0,0.0,0.6931471805599453,0.0,4.04305126783455,4.04305126783455,0.3701431492843312,0.0,0.0,0.0,57.0,2.0,1,0,0,0,0,0,0,0,0,0,0,0,0,0,0,0,0,0,0,2,2,1,2,25.5,53,0,1,FED,BLM,3,Other Conservation Area,Fee,National Public Lands,OPEN ACCESS,0,0,1,0,0,1,1,0,0,0,1,0,0,3,0,2.3629285191162674,177.41257008675635,3.8369536,37,18,33,46,0.0,0.2531610803010968,19.45100027601615,1826.8595812471551,100.90423393249512,0.0,0.354712955653667,1.2246467991473532e-16,-1.0,0,0,1,0,1,0.0,0.2256692233585346,3.01803179454522,0.6931471805599453,1.0986122886681098,5.184098677791269,0.0,10.392835984934758,2.2372577386660025e-13,-1826.8595812471551,1826.8595812471551,0.0,177.41257008675635,2.1726773608525163e-14,-177.41257008675635,2.3629285191162674,2.8937528475497324e-16,0.0,3.8369536,4.698912944716916e-16,0.0,0.0,1.0,1.2246467991473532e-16,0.0,0.0,39496.7041465635,0.0,77458.84624487937,7522.292971678469,3835.659765275672,3775.930866679797,0.0,0.0,994.52,1568.8,0.0,51.086514583293706,0.0,0.0,0.0,0.0,0.0,0.0,0.0,0.0,0.0,1266.2825680203878,122.97302275152884,2.659573569779332,1.6378572408901275,25.64644568071797,31.884770305757485,0.0,1.3862943611198906,0.0,0.0,0.0,0.0,0.0,0.0,0.0,0.0,0.0,0.0,7386.086946117006,717.2881164190462,15.513000117102342,9.55344114501544,149.59289690987836,185.9803583203893,0.0,8.0861025356691,0.0,0.0,0.0,0.0,0.0,0.0,0.0,0.6931471805599453,0.0,0.0,0.0,0.0,0.0,0.0,0.0,4.04305126783455,0.0,0.0,0.0,0.0,29.38944045574168,0.0,14.985842043706018,0.0,0.0,0.0,171.42537375618494,0.0,87.41076841058297,0.0,0.6931471805599453,0.0,4.04305126783455,0.0,0.0,0.0,0.6931471805599453,0.0,0.0,0.0,0.0,0.0,4.04305126783455,0.0,0.0,1.2246467991473532e-16,-1.0,1.0,0.0,0.0,-0.0,0.0,0.0,0.0,-0.0,0.0,0.0,0.0,-0.0,0.0,0.0,0.0,0.0,0.0,0.0,0.0,0.0,0.0,0.0,0.0,1826.8595812471551,2.3629285191162674,177.41257008675635,3.8369536,21.62,1.0,0.0,0.0,0.0,0.0,0.0,0.0,7.088785557348802,11.5108608,0.0,0.6931471805599453,0.0,4.04305126783455,184.0,96.3,91.0,13.0,5.236774193548388,15.555591397849463,336142.16294947657,166244.2218934911,1.9338064908889887,4.736198448394496,0.0,0.0,1.0,0.4075196408937083,4.736198448394496,0.0,3585.0
24.81935483870968,31.93870967741936,18.36774193548387,41.6,22.687096774193545,42.99032258064516,51.58064516129032,0,6.819354838709677,45.141935483870974,30,1.0,0.0,0.6931471805599453,0.0,3.688879454113936,3.688879454113936,0.3701431492843312,0.0,0.0,0.0,40.0,2.0,1,0,0,0,0,0,0,0,0,0,0,0,0,0,0,0,0,0,0,2,2,1,2,25.5,53,0,1,FED,BLM,3,Other Conservation Area,Fee,National Public Lands,OPEN ACCESS,0,0,1,0,0,1,1,0,0,0,1,0,0,3,0,2.3629285191162674,177.41257008675635,3.8369536,37,18,33,46,0.0,0.2531610803010968,19.45100027601615,1826.8595812471551,100.90423393249512,0.0,0.354712955653667,-0.4999999999999997,-0.8660254037844388,0,0,1,0,1,0.0,0.2256692233585346,3.01803179454522,0.6931471805599453,1.0986122886681098,5.184098677791269,0.0,10.392835984934758,-913.4297906235772,-1582.1068065070383,1826.8595812471551,0.0,177.41257008675635,-88.70628504337813,-153.64379264581822,2.3629285191162674,-1.181464259558133,0.0,3.8369536,-1.918476799999999,0.0,-0.0,1.0,-0.4999999999999997,0.0,-0.0,45341.476187469714,0.0,75997.35857988165,7380.362915609065,4403.265529830656,4024.976146516636,0.0,0.0,1141.6903225806452,1539.2,0.0,58.64636137445343,0.0,0.0,0.0,0.0,0.0,0.0,0.0,0.0,0.0,1266.2825680203878,122.97302275152884,2.659573569779332,1.6378572408901275,25.64644568071797,31.884770305757485,0.0,1.3862943611198906,0.0,0.0,0.0,0.0,0.0,0.0,0.0,0.0,0.0,0.0,6739.064774813819,654.4535846945842,14.154059301428502,8.716558465707868,136.48853980221563,169.68845488924106,0.0,7.377758908227872,0.0,0.0,0.0,0.0,0.0,0.0,0.0,0.6931471805599453,0.0,0.0,0.0,0.0,0.0,0.0,0.0,3.688879454113936,0.0,0.0,0.0,0.0,28.834922711293725,0.0,17.20346582976845,0.0,0.0,0.0,153.45738529113973,0.0,91.55560812887944,0.0,0.6931471805599453,0.0,3.688879454113936,0.0,0.0,0.0,0.6931471805599453,0.0,0.0,0.0,0.0,0.0,3.688879454113936,0.0,0.0,-0.4999999999999997,-0.8660254037844388,1.0,0.0,-0.0,-0.0,0.0,0.0,-0.0,-0.0,0.0,0.0,-0.0,-0.0,0.0,0.0,0.0,0.0,0.0,0.0,0.0,0.0,0.0,0.0,0.0,1826.8595812471551,2.3629285191162674,177.41257008675635,3.8369536,24.81935483870968,1.0,0.0,0.0,0.0,0.0,0.0,0.0,7.088785557348802,11.5108608,0.0,0.6931471805599453,0.0,3.688879454113936,225.6,129.8,91.0,4.0,12.056129032258063,20.412043010752686,412139.5215293582,166244.2218934911,1.7595212686177173,4.382026634673881,0.0,0.0,1.0,0.3770454173334551,4.382026634673881,0.0,4015.0
22.92258064516129,29.42258064516129,16.690322580645162,35.2,19.693548387096776,37.79354838709677,40.354838709677416,0,4.922580645161292,45.34193548387096,30,1.0,0.0,1.3862943611198906,0.0,4.574710978503383,4.574710978503383,0.3701431492843312,0.0,0.0,0.0,99.0,2.0,1,0,0,0,0,0,0,0,0,0,0,0,0,0,0,0,0,0,0,2,2,1,2,25.5,53,0,1,FED,BLM,3,Other Conservation Area,Fee,National Public Lands,OPEN ACCESS,0,0,1,0,0,1,1,0,0,0,1,0,0,3,0,2.3629285191162674,177.41257008675635,3.8369536,37,18,33,46,0.0,0.2531610803010968,19.45100027601615,1826.8595812471551,100.90423393249512,0.0,0.354712955653667,-0.8660254037844385,-0.5000000000000004,0,0,1,0,1,0.0,0.2256692233585346,3.01803179454522,0.6931471805599453,1.0986122886681098,5.184098677791269,0.0,10.392835984934758,-1582.1068065070376,-913.4297906235784,1826.8595812471551,0.0,177.41257008675635,-153.64379264581817,-88.70628504337826,2.3629285191162674,-2.046356124881431,0.0,3.8369536,-3.322899290742155,0.0,-0.0,1.0,-0.8660254037844385,0.0,-0.0,41876.3360785235,0.0,64305.45725989986,6244.922467053824,4066.753945279002,3493.883033482734,0.0,0.0,1054.4387096774194,1302.4,0.0,54.16441953819418,0.0,0.0,0.0,0.0,0.0,0.0,0.0,0.0,0.0,2532.5651360407755,245.9460455030577,5.319147139558664,3.275714481780255,51.29289136143595,63.76954061151497,0.0,2.772588722239781,0.0,0.0,0.0,0.0,0.0,0.0,0.0,0.0,0.0,0.0,8357.354582515452,811.6112321003851,17.55295375792808,10.80971503781993,169.26430620462517,210.4367050111556,0.0,9.149421957006766,0.0,0.0,0.0,0.0,0.0,0.0,0.0,1.3862943611198906,0.0,0.0,0.0,0.0,0.0,0.0,0.0,4.574710978503383,0.0,0.0,0.0,0.0,48.79756151142015,0.0,31.77744429070304,0.0,0.0,0.0,161.02982644331908,0.0,104.8641813330485,0.0,1.3862943611198906,0.0,4.574710978503383,0.0,0.0,0.0,1.3862943611198906,0.0,0.0,0.0,0.0,0.0,4.574710978503383,0.0,0.0,-0.8660254037844385,-0.5000000000000004,1.0,0.0,-0.0,-0.0,0.0,0.0,-0.0,-0.0,0.0,0.0,-0.0,-0.0,0.0,0.0,0.0,0.0,0.0,0.0,0.0,0.0,0.0,0.0,0.0,1826.8595812471551,2.3629285191162674,177.41257008675635,3.8369536,22.92258064516129,1.0,0.0,0.0,0.0,0.0,0.0,0.0,7.088785557348802,11.5108608,0.0,1.3862943611198906,0.0,4.574710978503383,260.8,119.2,91.0,0.0,16.978709677419356,23.120645161290323,476444.9787892581,166244.2218934911,2.157652770007097,5.961005339623274,0.0,0.0,1.0,0.512906454794399,5.961005339623274,0.0,2887.5
20.523333333333333,27.65333333333333,13.256666666666666,8.0,19.816666666666663,36.89333333333333,27.866666666666667,0,3.143333333333333,37.690000000000005,27,1.0,0.0,0.0,0.0,4.727387818712341,4.727387818712341,0.3701431492843312,0.0,0.0,0.0,112.0,1.0,1,0,0,0,0,0,0,0,0,0,0,0,0,0,0,0,0,0,0,2,2,1,2,25.5,53,0,1,FED,BLM,3,Other Conservation Area,Fee,National Public Lands,OPEN ACCESS,0,0,1,0,0,1,1,0,0,0,1,0,0,3,0,2.3629285191162674,177.41257008675635,3.8369536,37,18,33,46,0.0,0.2531610803010968,19.45100027601615,1826.8595812471551,100.90423393249512,0.0,0.354712955653667,-1.0,-1.8369701987210292e-16,0,0,0,1,0,0.0,0.2256692233585346,3.01803179454522,0.6931471805599453,1.0986122886681098,5.184098677791269,0.0,10.392835984934758,-1826.8595812471551,-3.355886607999004e-13,0.0,0.0,0.0,-177.41257008675635,-3.2590160412787744e-14,0.0,-2.3629285191162674,0.0,0.0,-3.8369536,0.0,-0.0,0.0,-1.0,0.0,-0.0,37493.24813912912,0.0,14614.87664997724,1419.3005606940508,3641.097313413863,3515.725763885888,0.0,0.0,944.0733333333334,296.0,0.0,48.49516964066287,0.0,0.0,0.0,0.0,0.0,0.0,0.0,0.0,0.0,0.0,0.0,0.0,0.0,0.0,0.0,0.0,0.0,0.0,0.0,0.0,0.0,0.0,0.0,0.0,0.0,0.0,0.0,8636.273730885729,838.6980227145814,18.138767709604465,11.170479497758231,174.9133492923566,217.45983966076767,0.0,9.454775637424682,0.0,0.0,0.0,0.0,0.0,0.0,0.0,0.0,0.0,0.0,0.0,0.0,0.0,0.0,0.0,4.727387818712341,0.0,0.0,0.0,0.0,0.0,0.0,0.0,0.0,0.0,0.0,37.81910254969873,0.0,97.02175599937294,0.0,0.0,0.0,4.727387818712341,0.0,0.0,0.0,0.0,0.0,0.0,0.0,0.0,0.0,4.727387818712341,0.0,0.0,-1.0,-1.8369701987210292e-16,0.0,0.0,-0.0,-0.0,0.0,0.0,-0.0,-0.0,0.0,0.0,-0.0,-0.0,0.0,0.0,0.0,0.0,0.0,0.0,0.0,0.0,0.0,0.0,0.0,1826.8595812471551,2.3629285191162674,177.41257008675635,3.8369536,20.523333333333333,0.0,0.0,0.0,0.0,0.0,0.0,0.0,7.088785557348802,11.5108608,0.0,0.0,0.0,4.727387818712341,268.8,84.80000000000001,91.0,0.0,20.12204301075269,22.755089605734767,491059.85543923534,166244.2218934911,2.3636939093561704,4.727387818712341,0.0,0.0,0.0,0.4067615424560602,0.0,0.0,3142.5
11.696774193548388,18.01935483870968,5.919354838709677,7.9,18.364516129032257,34.89032258064516,29.774193548387096,1,0.0,32.34193548387097,27,1.0,0.0,0.6931471805599453,0.0,4.356708826689592,4.356708826689592,0.3701431492843312,0.0,0.0,0.0,78.0,2.0,1,0,0,0,0,0,0,0,0,0,0,0,0,0,0,0,0,0,0,2,2,1,2,25.5,53,0,1,FED,BLM,3,Other Conservation Area,Fee,National Public Lands,OPEN ACCESS,0,0,1,0,0,1,1,0,0,0,1,0,0,3,0,2.3629285191162674,177.41257008675635,3.8369536,37,18,33,46,0.0,0.2531610803010968,19.45100027601615,1826.8595812471551,100.90423393249512,0.0,0.354712955653667,-0.8660254037844386,0.5000000000000001,0,0,0,1,0,0.0,0.2256692233585346,3.01803179454522,0.6931471805599453,1.0986122886681098,5.184098677791269,0.0,10.392835984934758,-1582.1068065070378,913.4297906235778,0.0,0.0,0.0,-153.64379264581817,88.70628504337819,0.0,-2.046356124881432,0.0,0.0,-3.322899290742156,0.0,-0.0,0.0,-0.8660254037844386,0.0,-0.0,21368.364005168336,1826.8595812471551,14432.190691852526,1401.5593036853752,2075.154771401866,3258.0960048513025,0.0,0.0,538.0516129032259,292.3,37.0,27.638641323598662,0.0,0.0,0.0,0.0,0.0,0.0,0.0,0.0,0.0,1266.2825680203878,122.97302275152884,2.659573569779332,1.6378572408901275,25.64644568071797,31.884770305757485,0.0,1.3862943611198906,0.0,0.0,0.0,0.0,0.0,0.0,0.0,0.0,0.0,0.0,7959.095262741932,772.9349100626572,16.716489616718405,10.294591536070408,161.19822658751488,200.4086060277212,0.0,8.713417653379183,0.0,0.0,0.0,0.0,0.0,0.0,0.0,0.6931471805599453,0.0,0.0,0.0,0.0,0.0,0.0,0.0,4.356708826689592,0.0,0.0,0.0,0.0,5.475862726423568,0.6931471805599453,8.107586053904393,0.0,0.0,0.0,34.417999730847775,4.356708826689592,50.95943937282729,0.0,0.6931471805599453,0.0,4.356708826689592,0.0,0.0,0.0,0.6931471805599453,0.0,0.0,0.0,0.0,0.0,4.356708826689592,0.0,0.0,-0.8660254037844386,0.5000000000000001,0.0,0.0,-0.0,0.0,0.0,0.0,-0.0,0.0,0.0,0.0,-0.0,0.0,0.0,0.0,0.0,0.0,0.0,0.0,0.0,0.0,0.0,0.0,0.0,1826.8595812471551,2.3629285191162674,177.41257008675635,3.8369536,11.696774193548388,0.0,0.0,0.0,0.0,0.0,0.0,0.0,7.088785557348802,11.5108608,0.0,0.6931471805599453,0.0,4.356708826689592,276.7,51.1,92.0,1.0,20.12204301075269,18.38089605734768,505492.0461310878,168071.08147473828,2.0885484106578778,5.049856007249537,0.0,0.0,0.0,0.43450787146321357,0.0,0.0,4005.0
2.433333333333333,8.283333333333333,-2.44,10.2,19.756666666666668,34.919999999999995,41.3,21,0.0,22.55,25,1.0,0.0,0.6931471805599453,0.0,4.04305126783455,4.04305126783455,0.3701431492843312,0.0,0.0,0.0,57.0,2.0,1,0,0,0,0,0,0,0,0,0,0,0,0,0,0,0,0,0,0,2,2,1,2,25.5,53,0,1,FED,BLM,3,Other Conservation Area,Fee,National Public Lands,OPEN ACCESS,0,0,1,0,0,1,1,0,0,0,1,0,0,3,0,2.3629285191162674,177.41257008675635,3.8369536,37,18,33,46,0.0,0.2531610803010968,19.45100027601615,1826.8595812471551,100.90423393249512,0.0,0.354712955653667,-0.5000000000000004,0.8660254037844384,0,0,0,1,0,0.0,0.2256692233585346,3.01803179454522,0.6931471805599453,1.0986122886681098,5.184098677791269,0.0,10.392835984934758,-913.4297906235784,1582.1068065070376,0.0,0.0,0.0,-88.70628504337826,153.64379264581814,0.0,-1.1814642595581348,0.0,0.0,-1.9184768000000016,0.0,-0.0,0.0,-0.5000000000000004,0.0,-0.0,4445.358314368077,38364.051206190255,18633.96772872098,1809.6082148849143,431.7039205444404,3505.081009680683,0.0,0.0,111.93333333333332,377.4,777.0,5.749792729849584,0.0,0.0,0.0,0.0,0.0,0.0,0.0,0.0,0.0,1266.2825680203878,122.97302275152884,2.659573569779332,1.6378572408901275,25.64644568071797,31.884770305757485,0.0,1.3862943611198906,0.0,0.0,0.0,0.0,0.0,0.0,0.0,0.0,0.0,0.0,7386.086946117006,717.2881164190462,15.513000117102342,9.55344114501544,149.59289690987836,185.9803583203893,0.0,8.0861025356691,0.0,0.0,0.0,0.0,0.0,0.0,0.0,0.6931471805599453,0.0,0.0,0.0,0.0,0.0,0.0,0.0,4.04305126783455,0.0,0.0,0.0,0.0,7.070101241711441,14.556090791758852,1.6866581393625333,0.0,0.0,0.0,41.23912293191241,84.90407662452556,9.838091418397404,0.0,0.6931471805599453,0.0,4.04305126783455,0.0,0.0,0.0,0.6931471805599453,0.0,0.0,0.0,0.0,0.0,4.04305126783455,0.0,0.0,-0.5000000000000004,0.8660254037844384,0.0,0.0,-0.0,0.0,0.0,0.0,-0.0,0.0,0.0,0.0,-0.0,0.0,0.0,0.0,0.0,0.0,0.0,0.0,0.0,0.0,0.0,0.0,0.0,1826.8595812471551,2.3629285191162674,177.41257008675635,3.8369536,2.433333333333333,0.0,0.0,0.0,0.0,0.0,0.0,0.0,7.088785557348802,11.5108608,0.0,0.6931471805599453,0.0,4.04305126783455,286.9,26.1,113.0,22.0,20.12204301075269,11.551146953405016,524126.0138598088,206435.1326809285,1.9338064908889887,4.736198448394496,0.0,0.0,0.0,0.4075196408937083,0.0,0.0,3445.0
0.264516129032258,6.04516129032258,-5.0,10.9,25.458064516129035,43.854838709677416,53.774193548387096,24,0.0,20.94193548387097,22,1.0,0.0,0.6931471805599453,0.0,4.174387269895637,4.174387269895637,0.3701431492843312,0.0,0.0,0.0,65.0,2.0,1,0,0,0,0,0,0,0,0,0,0,0,0,0,0,0,0,0,0,2,2,1,2,25.5,53,0,1,FED,BLM,3,Other Conservation Area,Fee,National Public Lands,OPEN ACCESS,0,0,1,0,0,1,1,0,0,0,1,0,0,3,0,2.3629285191162674,177.41257008675635,3.8369536,37,18,33,46,0.0,0.2531610803010968,19.45100027601615,1826.8595812471551,100.90423393249512,0.0,0.354712955653667,-2.4492935982947064e-16,1.0,1,0,0,0,0,0.0,0.2256692233585346,3.01803179454522,0.6931471805599453,1.0986122886681098,5.184098677791269,0.0,10.392835984934758,-4.474515477332005e-13,1826.8595812471551,0.0,1826.8595812471551,0.0,-4.3453547217050325e-14,177.41257008675635,0.0,-5.787505695099465e-16,2.3629285191162674,0.0,-9.39782588943383e-16,0.0,-0.0,0.0,-2.4492935982947064e-16,0.0,-0.0,483.2338247169893,43844.629949931725,19912.769435594,1933.7970139456445,46.92848628101296,4516.580655240908,0.0,0.0,12.16774193548387,403.3,888.0,0.6250327050565609,0.0,0.0,0.0,0.0,0.0,0.0,0.0,0.0,0.0,1266.2825680203878,122.97302275152884,2.659573569779332,1.6378572408901275,25.64644568071797,31.884770305757485,0.0,1.3862943611198906,0.0,0.0,0.0,0.0,0.0,0.0,0.0,0.0,0.0,0.0,7626.019379844998,740.5887740896231,16.016930263020235,9.863778729872296,154.45232898613855,192.0218144151993,0.0,8.348774539791274,0.0,0.0,0.0,0.0,0.0,0.0,0.0,0.6931471805599453,0.0,0.0,0.0,0.0,0.0,0.0,0.0,4.174387269895637,0.0,0.0,0.0,0.0,7.555304268103404,16.635532333438686,0.1833486090513403,0.0,0.0,0.0,45.50082124186244,100.18529447749528,1.1041927617143297,0.0,0.6931471805599453,0.0,4.174387269895637,0.0,0.0,0.0,0.6931471805599453,0.0,0.0,0.0,0.0,0.0,4.174387269895637,0.0,0.0,-2.4492935982947064e-16,1.0,0.0,1.0,-0.0,0.0,0.0,0.0,-0.0,0.0,0.0,0.0,-0.0,0.0,0.0,0.0,0.0,0.0,0.0,0.0,0.0,0.0,0.0,0.0,0.0,1826.8595812471551,2.3629285191162674,177.41257008675635,3.8369536,0.264516129032258,0.0,1.0,0.0,0.0,0.0,0.0,0.0,7.088785557348802,11.5108608,0.0,0.6931471805599453,0.0,4.174387269895637,297.8,29.0,137.0,46.0,20.12204301075269,4.79820788530466,544038.7832954028,250279.76263086023,1.9985610812442007,4.867534450455582,0.0,0.0,0.0,0.41882026543035383,0.0,4.867534450455582,3575.0
-1.0096774193548388,3.951612903225808,-4.967741935483871,12.5,21.35806451612904,37.854838709677416,62.774193548387096,28,0.0,24.151612903225807,21,1.0,0.0,0.0,0.0,4.060443010546419,4.060443010546419,1.3701431492843312,0.0,0.0,0.0,57.0,1.0,1,0,0,0,0,0,0,0,0,0,0,0,0,0,0,0,0,0,0,2,2,1,2,25.5,53,0,1,FED,BLM,3,Other Conservation Area,Fee,National Public Lands,OPEN ACCESS,0,0,1,0,0,1,1,0,0,0,1,0,0,3,0,2.3629285191162674,177.41257008675635,3.8369536,37,18,33,46,0.0,0.2531610803010968,19.45100027601615,1826.8595812471551,100.90423393249512,0.0,0.354712955653667,0.4999999999999999,0.8660254037844387,1,0,0,0,0,0.0,0.2256692233585346,3.01803179454522,0.6931471805599453,1.0986122886681098,5.184098677791269,0.0,10.392835984934758,913.4297906235774,1582.106806507038,0.0,1826.8595812471551,0.0,88.70628504337816,153.6437926458182,0.0,1.1814642595581335,2.3629285191162674,0.0,1.9184768,0.0,0.0,0.0,0.4999999999999999,0.0,0.0,-1844.538867517289,51152.06827492034,22835.74476558944,2217.6571260844544,-179.1294659263056,3789.189117885207,-0.0,0.0,-46.44516129032259,462.5,1036.0,-2.385795569301264,0.0,0.0,0.0,0.0,0.0,0.0,0.0,0.0,0.0,0.0,0.0,0.0,0.0,0.0,0.0,0.0,0.0,0.0,0.0,0.0,0.0,0.0,0.0,0.0,0.0,0.0,0.0,7417.859217924769,720.3736301918465,15.57973142691092,9.594536589866449,150.2363913902175,186.7803784851353,0.0,8.120886021092838,0.0,0.0,0.0,0.0,0.0,0.0,0.0,0.0,0.0,0.0,0.0,0.0,0.0,0.0,0.0,4.060443010546419,0.0,0.0,0.0,-0.0,0.0,0.0,-0.0,0.0,0.0,-0.0,50.75553763183024,113.69240429529974,-4.099737620325901,0.0,0.0,0.0,4.060443010546419,0.0,0.0,0.0,0.0,0.0,0.0,0.0,0.0,0.0,4.060443010546419,0.0,0.0,0.4999999999999999,0.8660254037844387,0.0,1.0,0.0,0.0,0.0,0.0,0.0,0.0,0.0,0.0,0.0,0.0,0.0,0.0,0.0,0.0,0.0,0.0,-0.0,0.0,0.0,0.0,-0.0,1826.8595812471551,2.3629285191162674,177.41257008675635,3.8369536,-1.0096774193548388,0.0,1.0,0.0,0.0,0.0,0.0,0.0,7.088785557348802,11.5108608,0.0,0.0,0.0,4.060443010546419,12.5,33.6,28.0,73.0,0.0,0.5627240143369174,22835.74476558944,51152.06827492034,2.030221505273209,4.060443010546419,0.0,0.0,0.0,0.34937519944675627,0.0,4.060443010546419,2907.5
0.6357142857142858,7.510714285714285,-5.317857142857143,17.3,24.31428571428572,42.10714285714285,41.0,24,0.0,20.92142857142857,25,1.0,0.0,0.6931471805599453,0.0,4.143134726391533,4.143134726391533,1.3701431492843312,0.0,0.6931471805599453,0.0,63.0,2.0,1,0,0,0,0,0,0,0,0,0,0,0,0,0,0,0,0,0,0,2,2,1,2,25.5,53,0,1,FED,BLM,3,Other Conservation Area,Fee,National Public Lands,OPEN ACCESS,0,0,1,0,0,1,1,0,0,0,1,0,0,3,0,2.3629285191162674,177.41257008675635,3.8369536,37,18,33,46,0.0,0.2531610803010968,19.45100027601615,1826.8595812471551,100.90423393249512,0.0,0.354712955653667,0.8660254037844386,0.5000000000000001,1,0,0,0,0,0.0,0.2256692233585346,3.01803179454522,0.6931471805599453,1.0986122886681098,5.184098677791269,0.0,10.392835984934758,1582.1068065070378,913.4297906235778,0.0,1826.8595812471551,0.0,153.64379264581817,88.70628504337819,0.0,2.046356124881432,2.3629285191162674,0.0,3.322899290742156,0.0,0.0,0.0,0.8660254037844386,0.0,0.0,1161.3607337928345,43844.629949931725,31604.670755575786,3069.2374625008847,112.78370526943796,4313.659918395134,0.0,0.0,29.242857142857147,640.1,888.0,1.502147415723913,0.0,0.0,0.0,0.0,0.0,0.0,0.0,0.0,0.0,1266.2825680203878,122.97302275152884,2.659573569779332,1.6378572408901275,25.64644568071797,31.884770305757485,0.0,1.3862943611198906,0.0,0.0,0.0,0.0,0.0,0.0,0.0,0.0,0.0,0.0,7568.925371306182,735.0441800248119,15.897015703713008,9.789931203531523,153.2959848764867,190.5841974140105,0.0,8.286269452783065,0.0,0.0,0.0,0.0,0.0,0.0,0.0,0.6931471805599453,0.0,0.0,0.0,0.0,0.0,0.0,0.0,4.143134726391533,0.0,0.0,0.0,0.0,11.991446223687054,16.635532333438686,0.4406435647845367,0.0,0.0,0.0,71.67623076657351,99.43523343339676,2.633849933206046,0.0,0.6931471805599453,0.0,4.143134726391533,0.0,0.0,0.0,0.6931471805599453,0.0,0.0,0.0,0.0,0.0,4.143134726391533,0.0,0.0,0.8660254037844386,0.5000000000000001,0.0,1.0,0.0,0.0,0.0,0.0,0.0,0.0,0.0,0.0,0.0,0.0,0.0,0.0,0.0,0.0,0.0,0.0,0.0,0.0,0.0,0.0,0.0,1826.8595812471551,2.3629285191162674,177.41257008675635,3.8369536,0.6357142857142858,0.0,1.0,0.0,0.0,0.0,0.0,0.0,7.088785557348802,11.5108608,0.0,0.6931471805599453,0.0,4.143134726391533,29.8,40.7,52.0,76.0,0.0,-0.0364823348694316,54440.415521165225,94996.69822485208,1.9831467170529,4.836281906951478,0.0,0.0,0.0,0.4161311835760821,0.0,4.836281906951478,3032.5
9.238709677419354,16.219354838709677,3.332258064516129,43.9,14.203225806451613,31.53548387096774,25.90322580645161,8,0.0,33.15806451612904,28,1.0,0.0,0.0,0.0,0.0,0.0,0.3701431492843312,0.0,0.0,0.0,0.0,0.0,0,0,0,0,0,0,0,0,0,0,0,0,0,0,0,0,0,0,0,0,0,0,0,0.0,53,0,0,FED,BLM,3,Other Conservation Area,Fee,National Public Lands,OPEN ACCESS,0,0,1,0,0,1,1,0,0,0,1,0,0,3,0,0.8686849775130525,384.5774057058287,0.0,82,27,26,23,0.0,0.0,0.0,1923.4053627760247,144.99015045166016,0.177747010471519,0.676581124724318,-0.8660254037844386,0.5000000000000001,0,0,0,1,0,0.0,0.0,0.0,0.0,0.0,5.954741965858394,0.0,0.0,-1665.7179059392615,961.7026813880126,0.0,0.0,0.0,-333.05380306276214,192.2887028529144,0.0,-0.7523032584122172,0.0,0.0,-0.0,0.0,-0.0,0.0,-0.0,0.0,-0.0,17769.783738679143,15387.242902208198,84437.49542586748,16882.94811048588,3552.998999811269,5462.239733299238,0.0,0.0,212.4903225806452,3599.8,656.0,8.025528308378652,0.0,0.0,0.0,0.0,0.0,0.0,0.0,0.0,0.0,0.0,0.0,0.0,0.0,0.0,0.0,0.0,0.0,0.0,0.0,0.0,0.0,0.0,0.0,0.0,0.0,0.0,0.0,0.0,0.0,0.0,0.0,0.0,0.0,0.0,0.0,0.0,0.0,0.0,0.0,0.0,0.0,0.0,0.0,0.0,0.0,0.0,0.0,0.0,0.0,0.0,0.0,0.0,0.0,0.0,0.0,0.0,0.0,0.0,0.0,0.0,0.0,0.0,0.0,0.0,0.0,0.0,0.0,0.0,0.0,0.0,0.0,0.0,0.0,0.0,0.0,0.0,0.0,0.0,0.0,0.0,-0.8660254037844386,0.5000000000000001,0.0,0.0,-0.0,0.0,0.0,0.0,-0.0,0.0,0.0,0.0,-0.0,0.0,0.0,0.0,0.0,0.0,0.0,0.0,0.0,0.0,0.0,0.0,0.0,1923.4053627760247,0.8686849775130525,384.5774057058287,0.0,9.238709677419354,0.0,0.0,0.0,0.0,0.0,0.0,0.0,2.6060549325391573,0.0,0.0,0.0,0.0,0.0,43.9,43.9,8.0,8.0,0.0,9.238709677419354,84437.49542586748,15387.242902208198,0.0,0.0,0.0,0.0,0.0,0.0,0.0,0.0,252.0
-0.0566666666666666,6.09,-5.47,31.2,14.12,31.15666666666667,38.7,25,0.0,25.043333333333333,23,1.0,0.0,0.0,0.0,0.0,0.0,0.3701431492843312,0.0,0.0,0.0,0.0,0.0,0,0,0,0,0,0,0,0,0,0,0,0,0,0,0,0,0,0,0,0,0,0,0,0.0,53,0,0,FED,BLM,3,Other Conservation Area,Fee,National Public Lands,OPEN ACCESS,0,0,1,0,0,1,1,0,0,0,1,0,0,3,0,0.8686849775130525,384.5774057058287,0.0,82,27,26,23,0.0,0.0,0.0,1923.4053627760247,144.99015045166016,0.177747010471519,0.676581124724318,-0.5000000000000004,0.8660254037844384,0,0,0,1,0,0.0,0.0,0.0,0.0,0.0,5.954741965858394,0.0,0.0,-961.7026813880132,1665.717905939261,0.0,0.0,0.0,-192.28870285291453,333.0538030627621,0.0,-0.4343424887565266,0.0,0.0,-0.0,0.0,-0.0,0.0,-0.0,0.0,-0.0,-108.99297055730794,48085.13406940062,60010.24731861197,11998.815058021855,-21.792719656663603,5430.232968566301,-0.0,0.0,-1.303333333333332,2558.4,2050.0,-0.0492254820590729,0.0,0.0,0.0,0.0,0.0,0.0,0.0,0.0,0.0,0.0,0.0,0.0,0.0,0.0,0.0,0.0,0.0,0.0,0.0,0.0,0.0,0.0,0.0,0.0,0.0,0.0,0.0,0.0,0.0,0.0,0.0,0.0,0.0,0.0,0.0,0.0,0.0,0.0,0.0,0.0,0.0,0.0,0.0,0.0,0.0,0.0,0.0,0.0,0.0,0.0,0.0,0.0,0.0,0.0,-0.0,0.0,0.0,-0.0,0.0,0.0,-0.0,0.0,0.0,-0.0,0.0,0.0,0.0,0.0,0.0,0.0,0.0,0.0,0.0,0.0,0.0,0.0,0.0,0.0,0.0,0.0,-0.5000000000000004,0.8660254037844384,0.0,0.0,-0.0,0.0,0.0,0.0,-0.0,0.0,0.0,0.0,-0.0,0.0,0.0,0.0,0.0,0.0,0.0,0.0,-0.0,0.0,0.0,0.0,-0.0,1923.4053627760247,0.8686849775130525,384.5774057058287,0.0,-0.0566666666666666,0.0,0.0,0.0,0.0,0.0,0.0,0.0,2.6060549325391573,0.0,0.0,0.0,0.0,0.0,75.1,75.1,33.0,33.0,0.0,4.591021505376344,144447.74274447944,63472.37697160881,0.0,0.0,0.0,0.0,0.0,0.0,0.0,0.0,356.0
-2.9645161290322584,2.1225806451612903,-8.787096774193548,42.2,12.087096774193547,26.0258064516129,64.90322580645162,30,0.0,31.24516129032258,15,1.0,0.0,0.0,0.0,0.6931471805599453,0.6931471805599453,0.3701431492843312,0.0,0.0,0.0,1.0,1.0,0,0,0,0,0,0,0,0,0,0,0,0,0,0,0,0,0,0,0,0,0,0,0,0.0,53,0,0,FED,BLM,3,Other Conservation Area,Fee,National Public Lands,OPEN ACCESS,0,0,1,0,0,1,1,0,0,0,1,0,0,3,0,0.8686849775130525,384.5774057058287,0.0,82,27,26,23,0.0,0.0,0.0,1923.4053627760247,144.99015045166016,0.177747010471519,0.676581124724318,-2.4492935982947064e-16,1.0,1,0,0,0,0,0.0,0.0,0.0,0.0,0.0,5.954741965858394,0.0,0.0,-4.710984441973027e-13,1923.4053627760247,0.0,1923.4053627760247,0.0,-9.419429778440725e-14,384.5774057058287,0.0,-2.1276645543575003e-16,0.8686849775130525,0.0,-0.0,0.0,-0.0,0.0,-0.0,0.0,-0.0,-5701.966220616668,57702.16088328074,81167.70630914826,16229.166520785971,-1140.0859220763116,4648.424319934646,-0.0,0.0,-68.18387096774194,3460.4,2460.0,-2.5752306268854688,0.0,0.0,0.0,0.0,0.0,0.0,0.0,0.0,0.0,0.0,0.0,0.0,0.0,0.0,0.0,0.0,0.0,0.0,0.0,0.0,0.0,0.0,0.0,0.0,0.0,0.0,0.0,1333.2030042820802,266.56874447205337,0.0,0.6021265429579519,56.83806880591551,15.942385152878742,0.0,0.0,0.1232048391612924,0.0,0.0,0.0,0.0,0.0,0.0,0.0,0.0,0.0,0.0,0.0,0.0,0.0,0.0,0.6931471805599453,0.0,0.0,0.0,-0.0,0.0,0.0,-0.0,0.0,0.0,-0.0,29.25081101962969,20.79441541679836,-2.0548459965631927,0.0,0.0,0.0,0.6931471805599453,0.0,0.0,0.0,0.0,0.0,0.0,0.0,0.0,0.0,0.6931471805599453,0.0,0.0,-2.4492935982947064e-16,1.0,0.0,1.0,-0.0,0.0,0.0,0.0,-0.0,0.0,0.0,0.0,-0.0,0.0,0.0,0.0,0.0,0.0,0.0,0.0,-0.0,0.0,0.0,0.0,-0.0,1923.4053627760247,0.8686849775130525,384.5774057058287,0.0,-2.9645161290322584,0.0,1.0,0.0,0.0,0.0,0.0,0.0,2.6060549325391573,0.0,0.0,0.0,0.0,0.6931471805599453,117.3,117.3,63.0,63.0,0.0,2.0725089605734763,225615.4490536277,121174.53785488955,0.3465735902799726,0.6931471805599453,0.0,0.0,0.0,0.20484440308285476,0.0,0.6931471805599453,230.0
-3.990322580645161,0.3,-8.648387096774194,60.5,12.180645161290323,24.01935483870968,72.35483870967742,30,0.0,31.364516129032257,12,1.0,0.0,0.0,0.0,1.6094379124341005,1.6094379124341005,1.3701431492843312,0.0,0.0,0.0,4.0,1.0,0,0,0,0,0,0,0,0,0,0,0,0,0,0,0,0,0,0,0,0,0,0,0,0.0,53,0,0,FED,BLM,3,Other Conservation Area,Fee,National Public Lands,OPEN ACCESS,0,0,1,0,0,1,1,0,0,0,1,0,0,3,0,0.8686849775130525,384.5774057058287,0.0,82,27,26,23,0.0,0.0,0.0,1923.4053627760247,144.99015045166016,0.177747010471519,0.676581124724318,0.4999999999999999,0.8660254037844387,1,0,0,0,0,0.0,0.0,0.0,0.0,0.0,5.954741965858394,0.0,0.0,961.7026813880124,1665.7179059392615,0.0,1923.4053627760247,0.0,192.28870285291435,333.0538030627622,0.0,0.4343424887565262,0.8686849775130525,0.0,0.0,0.0,0.0,0.0,0.0,0.0,0.0,-7675.007850819169,57702.16088328074,116366.0244479495,23266.93304520264,-1534.5879059939036,4684.400915952288,-0.0,0.0,-91.77741935483871,4961.0,2460.0,-3.466333281237568,0.0,0.0,0.0,0.0,0.0,0.0,0.0,0.0,0.0,0.0,0.0,0.0,0.0,0.0,0.0,0.0,0.0,0.0,0.0,0.0,0.0,0.0,0.0,0.0,0.0,0.0,0.0,3095.601511830799,618.9534570085111,0.0,1.3980945367714708,131.97390881959623,37.01707198598431,0.0,0.0,0.2860727774746837,0.0,0.0,0.0,0.0,0.0,0.0,0.0,0.0,0.0,0.0,0.0,0.0,0.0,0.0,1.6094379124341005,0.0,0.0,0.0,-0.0,0.0,0.0,-0.0,0.0,0.0,-0.0,97.37099370226308,48.28313737302302,-6.422176444132201,0.0,0.0,0.0,1.6094379124341005,0.0,0.0,0.0,0.0,0.0,0.0,0.0,0.0,0.0,1.6094379124341005,0.0,0.0,0.4999999999999999,0.8660254037844387,0.0,1.0,0.0,0.0,0.0,0.0,0.0,0.0,0.0,0.0,0.0,0.0,0.0,0.0,0.0,0.0,0.0,0.0,-0.0,0.0,0.0,0.0,-0.0,1923.4053627760247,0.8686849775130525,384.5774057058287,0.0,-3.990322580645161,0.0,1.0,0.0,0.0,0.0,0.0,0.0,2.6060549325391573,0.0,0.0,0.0,0.0,1.6094379124341005,60.5,133.9,30.0,85.0,0.0,-2.337168458781362,116366.0244479495,57702.16088328074,0.8047189562170503,1.6094379124341005,0.0,0.0,0.0,0.475633974598512,0.0,1.6094379124341005,290.0
-4.207142857142857,1.0678571428571428,-10.046428571428573,40.9,13.528571428571428,27.071428571428573,53.32142857142857,28,0.0,25.84642857142857,20,1.0,0.0,0.0,0.0,0.0,0.0,1.3701431492843312,0.0,0.0,0.0,0.0,0.0,0,0,0,0,0,0,0,0,0,0,0,0,0,0,0,0,0,0,0,0,0,0,0,0.0,53,0,0,FED,BLM,3,Other Conservation Area,Fee,National Public Lands,OPEN ACCESS,0,0,1,0,0,1,1,0,0,0,1,0,0,3,0,0.8686849775130525,384.5774057058287,0.0,82,27,26,23,0.0,0.0,0.0,1923.4053627760247,144.99015045166016,0.177747010471519,0.676581124724318,0.8660254037844386,0.5000000000000001,1,0,0,0,0,0.0,0.0,0.0,0.0,0.0,5.954741965858394,0.0,0.0,1665.7179059392615,961.7026813880126,0.0,1923.4053627760247,0.0,333.05380306276214,192.2887028529144,0.0,0.7523032584122172,0.8686849775130525,0.0,0.0,0.0,0.0,0.0,0.0,0.0,0.0,-8092.041133393419,53855.350157728695,78667.27933753941,15729.215893368391,-1617.972085433808,5202.782902905997,-0.0,0.0,-96.76428571428572,3353.8,2296.0,-3.6546817982513424,0.0,0.0,0.0,0.0,0.0,0.0,0.0,0.0,0.0,0.0,0.0,0.0,0.0,0.0,0.0,0.0,0.0,0.0,0.0,0.0,0.0,0.0,0.0,0.0,0.0,0.0,0.0,0.0,0.0,0.0,0.0,0.0,0.0,0.0,0.0,0.0,0.0,0.0,0.0,0.0,0.0,0.0,0.0,0.0,0.0,0.0,0.0,0.0,0.0,0.0,0.0,0.0,0.0,0.0,-0.0,0.0,0.0,-0.0,0.0,0.0,-0.0,0.0,0.0,-0.0,0.0,0.0,0.0,0.0,0.0,0.0,0.0,0.0,0.0,0.0,0.0,0.0,0.0,0.0,0.0,0.0,0.8660254037844386,0.5000000000000001,0.0,1.0,0.0,0.0,0.0,0.0,0.0,0.0,0.0,0.0,0.0,0.0,0.0,0.0,0.0,0.0,0.0,0.0,-0.0,0.0,0.0,0.0,-0.0,1923.4053627760247,0.8686849775130525,384.5774057058287,0.0,-4.207142857142857,0.0,1.0,0.0,0.0,0.0,0.0,0.0,2.6060549325391573,0.0,0.0,0.0,0.0,0.0,101.4,143.6,58.0,88.0,0.0,-3.7206605222734255,195033.3037854889,111557.51104100943,0.0,0.0,0.0,0.0,0.0,0.0,0.0,0.0,340.0
-1.0129032258064516,4.0,-6.596774193548387,90.4,13.874193548387098,29.296774193548387,66.87096774193549,30,0.0,31.616129032258065,18,1.0,0.0,0.0,0.0,0.6931471805599453,0.6931471805599453,1.3701431492843312,0.0,0.0,0.0,1.0,1.0,0,0,0,0,0,0,0,0,0,0,0,0,0,0,0,0,0,0,0,0,0,0,0,0.0,53,0,0,FED,BLM,3,Other Conservation Area,Fee,National Public Lands,OPEN ACCESS,0,0,1,0,0,1,1,0,0,0,1,0,0,3,0,0.8686849775130525,384.5774057058287,0.0,82,27,26,23,0.0,0.0,0.0,1923.4053627760247,144.99015045166016,0.177747010471519,0.676581124724318,1.0,6.123233995736766e-17,0,1,0,0,0,0.0,0.0,0.0,0.0,0.0,5.954741965858394,0.0,0.0,1923.4053627760247,1.1777461104932561e-13,0.0,0.0,0.0,384.5774057058287,2.3548574446101813e-14,0.0,0.8686849775130525,0.0,0.0,0.0,0.0,0.0,0.0,0.0,0.0,0.0,-1948.223496489264,57702.16088328074,173875.84479495266,34765.79747580692,-389.5396948117104,5335.701361099256,-0.0,0.0,-23.296774193548387,7412.8,2460.0,-0.8798938159325758,0.0,0.0,0.0,0.0,0.0,0.0,0.0,0.0,0.0,0.0,0.0,0.0,0.0,0.0,0.0,0.0,0.0,0.0,0.0,0.0,0.0,0.0,0.0,0.0,0.0,0.0,0.0,1333.2030042820802,266.56874447205337,0.0,0.6021265429579519,56.83806880591551,15.942385152878742,0.0,0.0,0.1232048391612924,0.0,0.0,0.0,0.0,0.0,0.0,0.0,0.0,0.0,0.0,0.0,0.0,0.0,0.0,0.6931471805599453,0.0,0.0,0.0,-0.0,0.0,0.0,-0.0,0.0,0.0,-0.0,62.66050512261906,20.79441541679836,-0.7020910151478156,0.0,0.0,0.0,0.6931471805599453,0.0,0.0,0.0,0.0,0.0,0.0,0.0,0.0,0.0,0.6931471805599453,0.0,0.0,1.0,6.123233995736766e-17,0.0,0.0,0.0,0.0,0.0,0.0,0.0,0.0,0.0,0.0,0.0,0.0,0.0,0.0,0.0,0.0,0.0,0.0,-0.0,0.0,0.0,0.0,-0.0,1923.4053627760247,0.8686849775130525,384.5774057058287,0.0,-1.0129032258064516,0.0,0.0,0.0,0.0,0.0,0.0,0.0,2.6060549325391573,0.0,0.0,0.0,0.0,0.6931471805599453,191.8,191.8,88.0,88.0,0.0,-3.0701228878648235,368909.1485804416,169259.6719242902,0.3465735902799726,0.6931471805599453,0.0,0.0,0.0,0.20484440308285476,0.0,0.0,312.0
5.46,12.426666666666668,-1.4899999999999998,38.0,18.43,39.016666666666666,45.43333333333333,18,0.0,30.976666666666667,28,1.0,0.0,0.0,0.0,2.19722457733622,2.19722457733622,1.3701431492843312,0.0,0.0,0.0,8.0,1.0,0,0,0,0,0,0,0,0,0,0,0,0,0,0,0,0,0,0,0,0,0,0,0,0.0,53,0,0,FED,BLM,3,Other Conservation Area,Fee,National Public Lands,OPEN ACCESS,0,0,1,0,0,1,1,0,0,0,1,0,0,3,0,0.8686849775130525,384.5774057058287,0.0,82,27,26,23,0.0,0.0,0.0,1923.4053627760247,144.99015045166016,0.177747010471519,0.676581124724318,0.8660254037844387,-0.4999999999999998,0,1,0,0,0,0.0,0.0,0.0,0.0,0.0,5.954741965858394,0.0,0.0,1665.7179059392615,-961.702681388012,0.0,0.0,0.0,333.0538030627622,-192.28870285291427,0.0,0.7523032584122173,0.0,0.0,0.0,0.0,0.0,0.0,0.0,0.0,0.0,10501.793280757094,34621.296529968444,73089.40378548895,14613.941416821492,2099.792635153825,7087.761587158423,0.0,0.0,125.58,3116.0,1476.0,4.743019977221267,0.0,0.0,0.0,0.0,0.0,0.0,0.0,0.0,0.0,0.0,0.0,0.0,0.0,0.0,0.0,0.0,0.0,0.0,0.0,0.0,0.0,0.0,0.0,0.0,0.0,0.0,0.0,4226.15353527177,845.0029277050495,0.0,1.9086959825544405,180.17241534157003,50.53616527873306,0.0,0.0,0.39055009995606,0.0,0.0,0.0,0.0,0.0,0.0,0.0,0.0,0.0,0.0,0.0,0.0,0.0,0.0,2.19722457733622,0.0,0.0,0.0,0.0,0.0,0.0,0.0,0.0,0.0,0.0,83.49453393877636,39.55004239205197,11.99684619225576,0.0,0.0,0.0,2.19722457733622,0.0,0.0,0.0,0.0,0.0,0.0,0.0,0.0,0.0,2.19722457733622,0.0,0.0,0.8660254037844387,-0.4999999999999998,0.0,0.0,0.0,-0.0,0.0,0.0,0.0,-0.0,0.0,0.0,0.0,-0.0,0.0,0.0,0.0,0.0,0.0,0.0,0.0,0.0,0.0,0.0,0.0,1923.4053627760247,0.8686849775130525,384.5774057058287,0.0,5.46,0.0,0.0,0.0,0.0,0.0,0.0,0.0,2.6060549325391573,0.0,0.0,0.0,0.0,2.19722457733622,229.8,169.3,106.0,76.0,0.0,0.079984639016897,441998.5523659305,203880.96845425863,1.09861228866811,2.19722457733622,0.0,0.0,0.0,0.6493413947378682,0.0,0.0,559.0
14.629032258064516,22.12903225806452,7.364516129032259,35.7,18.238709677419354,39.89677419354839,47.64516129032258,0,0.064516129032258,33.38709677419355,31,1.0,0.0,0.0,0.0,1.9459101490553128,1.9459101490553128,1.3701431492843312,0.0,0.0,0.0,6.0,1.0,0,0,0,0,0,0,0,0,0,0,0,0,0,0,0,0,0,0,0,0,0,0,0,0.0,53,0,0,FED,BLM,3,Other Conservation Area,Fee,National Public Lands,OPEN ACCESS,0,0,1,0,0,1,1,0,0,0,1,0,0,3,0,0.8686849775130525,384.5774057058287,0.0,82,27,26,23,0.0,0.0,0.0,1923.4053627760247,144.99015045166016,0.177747010471519,0.676581124724318,0.4999999999999999,-0.8660254037844387,0,1,0,0,0,0.0,0.0,0.0,0.0,0.0,5.954741965858394,0.0,0.0,961.7026813880124,-1665.7179059392615,0.0,0.0,0.0,192.28870285291435,-333.0538030627622,0.0,0.4343424887565262,0.0,0.0,0.0,0.0,0.0,0.0,0.0,0.0,0.0,28137.55909738475,0.0,68665.57145110409,13729.413383698084,5625.995273793333,7014.195651163727,0.0,0.0,336.46774193548384,2927.4,0.0,12.708020558134494,0.0,0.0,0.0,0.0,0.0,0.0,0.0,0.0,0.0,0.0,0.0,0.0,0.0,0.0,0.0,0.0,0.0,0.0,0.0,0.0,0.0,0.0,0.0,0.0,0.0,0.0,0.0,3742.774016173282,748.3530768603347,0.0,1.690382914074535,159.56463222253564,44.75593342827219,0.0,0.0,0.3458797116407698,0.0,0.0,0.0,0.0,0.0,0.0,0.0,0.0,0.0,0.0,0.0,0.0,0.0,0.0,1.9459101490553128,0.0,0.0,0.0,0.0,0.0,0.0,0.0,0.0,0.0,0.0,69.46899232127467,0.0,28.4667823418253,0.0,0.0,0.0,1.9459101490553128,0.0,0.0,0.0,0.0,0.0,0.0,0.0,0.0,0.0,1.9459101490553128,0.0,0.0,0.4999999999999999,-0.8660254037844387,0.0,0.0,0.0,-0.0,0.0,0.0,0.0,-0.0,0.0,0.0,0.0,-0.0,0.0,0.0,0.0,0.0,0.0,0.0,0.0,0.0,0.0,0.0,0.0,1923.4053627760247,0.8686849775130525,384.5774057058287,0.0,14.629032258064516,0.0,0.0,0.0,0.0,0.0,0.0,0.0,2.6060549325391573,0.0,0.0,0.0,0.0,1.9459101490553128,265.5,164.1,106.0,48.0,0.064516129032258,6.358709677419355,510664.1238170346,203880.96845425863,0.9729550745276564,1.9459101490553128,0.0,0.0,0.0,0.575070943250604,0.0,0.0,358.0
18.46,25.98,10.55,34.6,19.363333333333333,42.36666666666667,38.06666666666667,0,1.5533333333333337,33.17666666666666,29,1.0,0.0,0.0,0.0,0.6931471805599453,0.6931471805599453,1.3701431492843312,0.0,0.0,0.0,1.0,1.0,0,0,0,0,0,0,0,0,0,0,0,0,0,0,0,0,0,0,0,0,0,0,0,0.0,53,0,0,FED,BLM,3,Other Conservation Area,Fee,National Public Lands,OPEN ACCESS,0,0,1,0,0,1,1,0,0,0,1,0,0,3,0,0.8686849775130525,384.5774057058287,0.0,82,27,26,23,0.0,0.0,0.0,1923.4053627760247,144.99015045166016,0.177747010471519,0.676581124724318,1.2246467991473532e-16,-1.0,0,0,1,0,1,0.0,0.0,0.0,0.0,0.0,5.954741965858394,0.0,0.0,2.3554922209865133e-13,-1923.4053627760247,1923.4053627760247,0.0,384.5774057058287,4.7097148892203626e-14,-384.5774057058287,0.8686849775130525,1.0638322771787504e-16,0.0,0.0,0.0,0.0,0.0,0.0,0.0,0.0,0.0,35506.062996845416,0.0,66549.82555205046,13306.378237421672,7099.298909329598,7446.70049915053,0.0,0.0,424.58,2837.2000000000003,0.0,16.03592468489095,0.0,0.0,0.0,0.0,0.0,0.0,0.0,0.0,0.0,0.0,0.0,0.0,0.0,0.0,0.0,0.0,0.0,0.0,0.0,0.0,0.0,0.0,0.0,0.0,0.0,0.0,0.0,1333.2030042820802,266.56874447205337,0.0,0.6021265429579519,56.83806880591551,15.942385152878742,0.0,0.0,0.1232048391612924,0.0,0.0,0.0,0.0,0.0,0.0,0.0,0.0,0.0,0.0,0.0,0.0,0.0,0.0,0.6931471805599453,0.0,0.0,0.0,0.0,0.0,0.0,0.0,0.0,0.0,0.0,23.98289244737411,0.0,12.79549695313659,0.0,0.0,0.0,0.6931471805599453,0.0,0.0,0.0,0.0,0.0,0.0,0.0,0.0,0.0,0.6931471805599453,0.0,0.0,1.2246467991473532e-16,-1.0,1.0,0.0,0.0,-0.0,0.0,0.0,0.0,-0.0,0.0,0.0,0.0,-0.0,0.0,0.0,0.0,0.0,0.0,0.0,0.0,0.0,0.0,0.0,0.0,1923.4053627760247,0.8686849775130525,384.5774057058287,0.0,18.46,1.0,0.0,0.0,0.0,0.0,0.0,0.0,2.6060549325391573,0.0,0.0,0.0,0.0,0.6931471805599453,300.1,108.29999999999998,106.0,18.0,1.6178494623655917,12.84967741935484,577213.949369085,203880.96845425863,0.3465735902799726,0.6931471805599453,0.0,0.0,1.0,0.20484440308285476,0.6931471805599453,0.0,626.0
25.72258064516129,33.83870967741935,17.129032258064516,5.1,17.641935483870967,38.91290322580645,22.806451612903224,0,7.72258064516129,36.270967741935486,31,1.0,0.0,0.0,0.0,1.0986122886681098,1.0986122886681098,1.3701431492843312,0.0,0.0,0.0,2.0,1.0,0,0,0,0,0,0,0,0,0,0,0,0,0,0,0,0,0,0,0,0,0,0,0,0.0,53,0,0,FED,BLM,3,Other Conservation Area,Fee,National Public Lands,OPEN ACCESS,0,0,1,0,0,1,1,0,0,0,1,0,0,3,0,0.8686849775130525,384.5774057058287,0.0,82,27,26,23,0.0,0.0,0.0,1923.4053627760247,144.99015045166016,0.177747010471519,0.676581124724318,-0.4999999999999997,-0.8660254037844388,0,0,1,0,1,0.0,0.0,0.0,0.0,0.0,5.954741965858394,0.0,0.0,-961.7026813880118,-1665.7179059392618,1923.4053627760247,0.0,384.5774057058287,-192.28870285291424,-333.05380306276226,0.8686849775130525,-0.434342488756526,0.0,0.0,-0.0,0.0,-0.0,0.0,-0.0,0.0,-0.0,49474.949557342006,0.0,9809.367350157723,1961.3447690997264,9892.323332575092,6784.6897800167,0.0,0.0,591.6193548387097,418.2,0.0,22.34481938931961,0.0,0.0,0.0,0.0,0.0,0.0,0.0,0.0,0.0,0.0,0.0,0.0,0.0,0.0,0.0,0.0,0.0,0.0,0.0,0.0,0.0,0.0,0.0,0.0,0.0,0.0,0.0,2113.0767676358846,422.50146385252464,0.0,0.95434799127722,90.086207670785,25.26808263936653,0.0,0.0,0.1952750499780299,0.0,0.0,0.0,0.0,0.0,0.0,0.0,0.0,0.0,0.0,0.0,0.0,0.0,0.0,1.0986122886681098,0.0,0.0,0.0,0.0,0.0,0.0,0.0,0.0,0.0,0.0,5.60292267220736,0.0,28.25914319303067,0.0,0.0,0.0,1.0986122886681098,0.0,0.0,0.0,0.0,0.0,0.0,0.0,0.0,0.0,1.0986122886681098,0.0,0.0,-0.4999999999999997,-0.8660254037844388,1.0,0.0,-0.0,-0.0,0.0,0.0,-0.0,-0.0,0.0,0.0,-0.0,-0.0,0.0,0.0,0.0,0.0,0.0,0.0,0.0,0.0,0.0,0.0,0.0,1923.4053627760247,0.8686849775130525,384.5774057058287,0.0,25.72258064516129,1.0,0.0,0.0,0.0,0.0,0.0,0.0,2.6060549325391573,0.0,0.0,0.0,0.0,1.0986122886681098,305.2,75.39999999999999,106.0,0.0,9.34043010752688,19.603870967741937,587023.3167192427,203880.96845425863,0.5493061443340549,1.0986122886681098,0.0,0.0,1.0,0.32467069736893406,1.0986122886681098,0.0,165.0
22.60967741935484,30.467741935483872,15.203225806451613,16.7,17.03548387096774,37.222580645161294,32.12903225806452,0,4.609677419354839,40.99677419354839,31,1.0,0.0,0.0,0.0,2.079441541679836,2.079441541679836,1.3701431492843312,0.0,0.0,0.0,7.0,1.0,0,0,0,0,0,0,0,0,0,0,0,0,0,0,0,0,0,0,0,0,0,0,0,0.0,53,0,0,FED,BLM,3,Other Conservation Area,Fee,National Public Lands,OPEN ACCESS,0,0,1,0,0,1,1,0,0,0,1,0,0,3,0,0.8686849775130525,384.5774057058287,0.0,82,27,26,23,0.0,0.0,0.0,1923.4053627760247,144.99015045166016,0.177747010471519,0.676581124724318,-0.8660254037844385,-0.5000000000000004,0,0,1,0,1,0.0,0.0,0.0,0.0,0.0,5.954741965858394,0.0,0.0,-1665.7179059392613,-961.7026813880132,1923.4053627760247,0.0,384.5774057058287,-333.05380306276214,-192.28870285291453,0.8686849775130525,-0.7523032584122171,0.0,0.0,-0.0,0.0,-0.0,0.0,-0.0,0.0,-0.0,43487.57479902309,0.0,32120.869558359613,6422.44267528734,8695.17108578114,6551.462192040262,0.0,0.0,520.0225806451613,1369.4,0.0,19.64068712060963,0.0,0.0,0.0,0.0,0.0,0.0,0.0,0.0,0.0,0.0,0.0,0.0,0.0,0.0,0.0,0.0,0.0,0.0,0.0,0.0,0.0,0.0,0.0,0.0,0.0,0.0,0.0,3999.6090128462415,799.7062334161603,0.0,1.806379628873856,170.51420641774658,47.82715545863624,0.0,0.0,0.3696145174838774,0.0,0.0,0.0,0.0,0.0,0.0,0.0,0.0,0.0,0.0,0.0,0.0,0.0,0.0,2.079441541679836,0.0,0.0,0.0,0.0,0.0,0.0,0.0,0.0,0.0,0.0,34.726673746053265,0.0,47.01550246978701,0.0,0.0,0.0,2.079441541679836,0.0,0.0,0.0,0.0,0.0,0.0,0.0,0.0,0.0,2.079441541679836,0.0,0.0,-0.8660254037844385,-0.5000000000000004,1.0,0.0,-0.0,-0.0,0.0,0.0,-0.0,-0.0,0.0,0.0,-0.0,-0.0,0.0,0.0,0.0,0.0,0.0,0.0,0.0,0.0,0.0,0.0,0.0,1923.4053627760247,0.8686849775130525,384.5774057058287,0.0,22.60967741935484,1.0,0.0,0.0,0.0,0.0,0.0,0.0,2.6060549325391573,0.0,0.0,0.0,0.0,2.079441541679836,321.90000000000003,56.399999999999984,106.0,0.0,13.95010752688172,22.264086021505378,619144.1862776024,203880.96845425863,1.039720770839918,2.079441541679836,0.0,0.0,1.0,0.6145332092485644,2.079441541679836,0.0,79.0
17.52,25.886666666666667,10.28,12.2,16.0,35.28333333333333,29.73333333333333,0,0.8233333333333336,35.93666666666666,30,1.0,0.0,0.0,0.0,1.0986122886681098,1.0986122886681098,1.3701431492843312,0.0,0.0,0.0,2.0,1.0,0,0,0,0,0,0,0,0,0,0,0,0,0,0,0,0,0,0,0,0,0,0,0,0.0,53,0,0,FED,BLM,3,Other Conservation Area,Fee,National Public Lands,OPEN ACCESS,0,0,1,0,0,1,1,0,0,0,1,0,0,3,0,0.8686849775130525,384.5774057058287,0.0,82,27,26,23,0.0,0.0,0.0,1923.4053627760247,144.99015045166016,0.177747010471519,0.676581124724318,-1.0,-1.8369701987210292e-16,0,0,0,1,0,0.0,0.0,0.0,0.0,0.0,5.954741965858394,0.0,0.0,-1923.4053627760247,-3.533238331479768e-13,0.0,0.0,0.0,-384.5774057058287,-7.064572333830542e-14,0.0,-0.8686849775130525,0.0,0.0,-0.0,0.0,-0.0,0.0,-0.0,0.0,-0.0,33698.061955835954,0.0,23465.5454258675,4691.84434961111,6737.796147966119,6153.238491293259,0.0,0.0,402.96,1000.4,0.0,15.21936080602868,0.0,0.0,0.0,0.0,0.0,0.0,0.0,0.0,0.0,0.0,0.0,0.0,0.0,0.0,0.0,0.0,0.0,0.0,0.0,0.0,0.0,0.0,0.0,0.0,0.0,0.0,0.0,2113.0767676358846,422.50146385252464,0.0,0.95434799127722,90.086207670785,25.26808263936653,0.0,0.0,0.1952750499780299,0.0,0.0,0.0,0.0,0.0,0.0,0.0,0.0,0.0,0.0,0.0,0.0,0.0,0.0,1.0986122886681098,0.0,0.0,0.0,0.0,0.0,0.0,0.0,0.0,0.0,0.0,13.40306992175094,0.0,19.247687297465284,0.0,0.0,0.0,1.0986122886681098,0.0,0.0,0.0,0.0,0.0,0.0,0.0,0.0,0.0,1.0986122886681098,0.0,0.0,-1.0,-1.8369701987210292e-16,0.0,0.0,-0.0,-0.0,0.0,0.0,-0.0,-0.0,0.0,0.0,-0.0,-0.0,0.0,0.0,0.0,0.0,0.0,0.0,0.0,0.0,0.0,0.0,0.0,1923.4053627760247,0.8686849775130525,384.5774057058287,0.0,17.52,0.0,0.0,0.0,0.0,0.0,0.0,0.0,2.6060549325391573,0.0,0.0,0.0,0.0,1.0986122886681098,334.1,33.999999999999986,106.0,0.0,14.773440860215056,21.950752688172045,642609.7317034699,203880.96845425863,0.5493061443340549,1.0986122886681098,0.0,0.0,0.0,0.32467069736893406,0.0,0.0,153.75
-0.4903225806451613,5.441935483870968,-5.125806451612903,93.0,11.580645161290322,25.787096774193547,55.193548387096776,31,0.0,31.816129032258065,17,1.0,0.0,0.0,0.0,3.5263605246161616,3.5263605246161616,-0.6298568507156688,-0.0,-0.0,-0.0,33.0,1.0,0,0,0,0,0,0,0,0,0,0,0,0,0,0,0,0,0,0,0,0,0,0,0,0.0,53,0,0,DESG,BLM,2,V: Protected landscape / seascape,Designation,Conservation Area,OPEN ACCESS,0,0,1,0,0,1,0,0,0,0,1,0,0,2,1,2.2337497406642526,348.5219391467044,0.0,51,37,10,0,0.0134043001554697,5.214504486445229,0.5123358523424322,1626.29875573019,131.67418924967447,0.105117183178663,0.556896150112152,-2.4492935982947064e-16,1.0,1,0,0,0,0,0.0133152573459821,1.826885993134978,0.4136553776564332,0.0,0.0,5.85656633265567,0.0016082322696303,0.0,-3.983283131324601e-13,1626.29875573019,0.0,1626.29875573019,0.0,-8.536325544172804e-14,348.5219391467044,0.0,-5.471108940001414e-16,2.2337497406642526,0.0,-0.0,0.0,-0.0,0.0,-0.0,0.0,-0.0,-797.4110028096416,50415.26142763589,151245.78428290767,32412.54034064351,-170.88817661386798,4036.108908182802,-0.0065724310439722,0.0,-0.0,4743.0,1581.0,-1.095257937357956,0.0,0.0,0.0,0.0,0.0,0.0,0.0,0.0,0.0,0.0,0.0,0.0,0.0,0.0,0.0,0.0,0.0,0.0,0.0,0.0,0.0,0.0,0.0,0.0,0.0,0.0,0.0,5734.915733439323,1229.0140081696145,0.0,7.877006907350008,179.84438675542424,0.0,0.0472683949283546,0.0,0.3706810852200832,0.0,0.0,0.0,0.0,0.0,0.0,0.0,0.0,0.0,0.0,0.0,0.0,0.0,0.0,3.5263605246161616,0.0,0.0,0.0,-0.0,0.0,0.0,-0.0,0.0,0.0,-0.0,327.95152878930304,109.317176263101,-1.7290541927150214,0.0,0.0,0.0,0.0,0.0,0.0,0.0,0.0,0.0,0.0,0.0,0.0,0.0,3.5263605246161616,0.0,0.0,-2.4492935982947064e-16,1.0,0.0,1.0,-0.0,0.0,0.0,0.0,-0.0,0.0,0.0,0.0,-0.0,0.0,0.0,0.0,0.0,0.0,0.0,0.0,-0.0,0.0,0.0,0.0,-0.0,1626.29875573019,2.2337497406642526,348.5219391467044,0.0,-0.4903225806451613,0.0,1.0,0.0,0.0,0.0,348.5219391467044,1626.29875573019,4.467499481328505,0.0,0.0,0.0,0.0,0.0,93.0,93.0,31.0,31.0,0.0,-0.4903225806451613,151245.78428290767,50415.26142763589,1.7631802623080808,3.5263605246161616,0.0,0.0,0.0,0.3412121460233682,0.0,3.5263605246161616,191.1666667
-5.874193548387097,0.2612903225806451,-11.51290322580645,7.4,9.935483870967742,19.135483870967743,37.2258064516129,31,0.0,29.9,25,1.0,0.0,0.6931471805599453,0.0,3.970291913552122,3.970291913552122,0.3701431492843312,0.0,0.0,0.0,53.0,2.0,0,0,0,0,0,0,0,0,0,0,0,0,0,0,0,0,0,0,0,0,0,0,0,0.0,53,0,0,DESG,BLM,2,V: Protected landscape / seascape,Designation,Conservation Area,OPEN ACCESS,0,0,1,0,0,1,0,0,0,0,1,0,0,2,1,2.2337497406642526,348.5219391467044,0.0,51,37,10,0,0.0134043001554697,5.214504486445229,0.5123358523424322,1626.29875573019,131.67418924967447,0.105117183178663,0.556896150112152,0.4999999999999999,0.8660254037844387,1,0,0,0,0,0.0133152573459821,1.826885993134978,0.4136553776564332,0.0,0.0,5.85656633265567,0.0016082322696303,0.0,813.1493778650948,1408.416036605368,0.0,1626.29875573019,0.0,174.26096957335218,301.82885307726025,0.0,1.116874870332126,2.2337497406642526,0.0,0.0,0.0,0.0,0.0,0.0,0.0,0.0,-9553.193658660244,50415.26142763589,12034.610792403406,2579.062349685613,-2047.2853264069315,3462.7341050704827,-0.0787394534939042,0.0,-0.0,377.4,1581.0,-13.121478315321305,0.0,0.0,0.0,0.0,0.0,0.0,0.0,0.0,0.0,1127.2643972825283,241.576999482823,0.0,1.5483173348179355,35.350506208557206,0.0,0.009291152860143,0.0,0.0728616791486935,0.0,0.0,0.0,0.0,0.0,0.0,0.0,0.0,0.0,6456.88079889545,1383.7338366896654,0.0,8.868638532258432,202.4848875911582,0.0,0.0532189845140868,0.0,0.4173459023496229,0.0,0.0,0.0,0.0,0.0,0.0,0.6931471805599453,0.0,0.0,0.0,0.0,0.0,0.0,0.0,3.970291913552122,0.0,0.0,0.0,-0.0,5.129289136143595,21.487562597358306,-4.071680696127936,0.0,0.0,-0.0,29.380160160285705,123.0790493201158,-23.322263143801337,0.0,0.0,0.0,0.0,0.0,0.0,0.0,0.6931471805599453,0.0,0.0,0.0,0.0,0.0,3.970291913552122,0.0,0.0,0.4999999999999999,0.8660254037844387,0.0,1.0,0.0,0.0,0.0,0.0,0.0,0.0,0.0,0.0,0.0,0.0,0.0,0.0,0.0,0.0,0.0,0.0,-0.0,0.0,0.0,0.0,-0.0,1626.29875573019,2.2337497406642526,348.5219391467044,0.0,-5.874193548387097,0.0,1.0,0.0,0.0,0.0,348.5219391467044,1626.29875573019,4.467499481328505,0.0,0.0,0.0,0.0,0.0,7.4,100.4,31.0,62.0,0.0,-3.182258064516129,12034.610792403406,50415.26142763589,1.897959856144871,4.663439094112067,0.0,0.0,0.0,0.45123635262008616,0.0,4.663439094112067,261.0
-4.678571428571429,2.1821428571428574,-10.578571428571427,30.2,11.367857142857144,21.942857142857143,39.71428571428572,28,0.0,28.410714285714285,23,1.0,0.0,0.0,0.0,4.330733340286331,4.330733340286331,0.3701431492843312,0.0,0.0,0.0,75.0,1.0,0,0,0,0,0,0,0,0,0,0,0,0,0,0,0,0,0,0,0,0,0,0,0,0.0,53,0,0,DESG,BLM,2,V: Protected landscape / seascape,Designation,Conservation Area,OPEN ACCESS,0,0,1,0,0,1,0,0,0,0,1,0,0,2,1,2.2337497406642526,348.5219391467044,0.0,51,37,10,0,0.0134043001554697,5.214504486445229,0.5123358523424322,1626.29875573019,131.67418924967447,0.105117183178663,0.556896150112152,0.8660254037844386,0.5000000000000001,1,0,0,0,0,0.0133152573459821,1.826885993134978,0.4136553776564332,0.0,0.0,5.85656633265567,0.0016082322696303,0.0,1408.4160366053677,813.1493778650952,0.0,1626.29875573019,0.0,301.82885307726025,174.26096957335224,0.0,1.9344840211121443,2.2337497406642526,0.0,0.0,0.0,0.0,0.0,0.0,0.0,0.0,-7608.754892880532,45536.36516044532,49114.22242305173,10525.362562230472,-1630.5847867220816,3961.947615371287,-0.0627129757273761,0.0,-0.0,1540.2,1428.0,-10.45075771525061,0.0,0.0,0.0,0.0,0.0,0.0,0.0,0.0,0.0,0.0,0.0,0.0,0.0,0.0,0.0,0.0,0.0,0.0,0.0,0.0,0.0,0.0,0.0,0.0,0.0,0.0,0.0,7043.066242706909,1509.3555816838766,0.0,9.673774475750625,220.8674003546029,0.0,0.0580504495864978,0.0,0.4552344898288213,0.0,0.0,0.0,0.0,0.0,0.0,0.0,0.0,0.0,0.0,0.0,0.0,0.0,0.0,4.330733340286331,0.0,0.0,0.0,-0.0,0.0,0.0,-0.0,0.0,0.0,-0.0,130.7881468766472,121.26053352801728,-20.261645270625337,0.0,0.0,0.0,0.0,0.0,0.0,0.0,0.0,0.0,0.0,0.0,0.0,0.0,4.330733340286331,0.0,0.0,0.8660254037844386,0.5000000000000001,0.0,1.0,0.0,0.0,0.0,0.0,0.0,0.0,0.0,0.0,0.0,0.0,0.0,0.0,0.0,0.0,0.0,0.0,-0.0,0.0,0.0,0.0,-0.0,1626.29875573019,2.2337497406642526,348.5219391467044,0.0,-4.678571428571429,0.0,1.0,0.0,0.0,0.0,348.5219391467044,1626.29875573019,4.467499481328505,0.0,0.0,0.0,0.0,0.0,37.6,130.6,59.0,90.0,0.0,-3.681029185867896,61148.83321545514,95951.6265880812,2.165366670143165,4.330733340286331,0.0,0.0,0.0,0.4190436022008537,0.0,4.330733340286331,437.0
1.9387096774193548,9.97741935483871,-4.554838709677419,43.9,13.174193548387096,28.49032258064516,47.70967741935484,25,0.0,32.938709677419354,25,1.0,0.0,0.6931471805599453,0.0,4.875197323201151,4.875197323201151,0.3701431492843312,0.0,0.0,0.0,131.0,2.0,0,0,0,0,0,0,0,0,0,0,0,0,0,0,0,0,0,0,0,0,0,0,0,0.0,53,0,0,DESG,BLM,2,V: Protected landscape / seascape,Designation,Conservation Area,OPEN ACCESS,0,0,1,0,0,1,0,0,0,0,1,0,0,2,1,2.2337497406642526,348.5219391467044,0.0,51,37,10,0,0.0134043001554697,5.214504486445229,0.5123358523424322,1626.29875573019,131.67418924967447,0.105117183178663,0.556896150112152,1.0,6.123233995736766e-17,0,1,0,0,0,0.0133152573459821,1.826885993134978,0.4136553776564332,0.0,0.0,5.85656633265567,0.0016082322696303,0.0,1626.29875573019,9.958207828311504e-14,0.0,0.0,0.0,348.5219391467044,2.134081386043201e-14,0.0,2.2337497406642526,0.0,0.0,0.0,0.0,0.0,0.0,0.0,0.0,0.0,3152.9211361091748,40657.46889325475,71394.51537655534,15300.113128540324,675.6828562166753,4591.495482177874,0.0259870464304428,0.0,0.0,2238.9,1275.0,4.330592239158761,0.0,0.0,0.0,0.0,0.0,0.0,0.0,0.0,0.0,1127.2643972825283,241.576999482823,0.0,1.5483173348179355,35.350506208557206,0.0,0.009291152860143,0.0,0.0728616791486935,0.0,0.0,0.0,0.0,0.0,0.0,0.0,0.0,0.0,7928.527340661185,1699.113224804888,0.0,10.88997075638763,248.6350634832587,0.0,0.0653486082373306,0.0,0.5124670100550629,0.0,0.0,0.0,0.0,0.0,0.0,0.6931471805599453,0.0,0.0,0.0,0.0,0.0,0.0,0.0,4.875197323201151,0.0,0.0,0.0,0.0,30.4291612265816,17.328679513998633,1.343811146827507,0.0,0.0,0.0,214.0211624885305,121.87993308002878,9.451592229819006,0.0,0.0,0.0,0.0,0.0,0.0,0.0,0.6931471805599453,0.0,0.0,0.0,0.0,0.0,4.875197323201151,0.0,0.0,1.0,6.123233995736766e-17,0.0,0.0,0.0,0.0,0.0,0.0,0.0,0.0,0.0,0.0,0.0,0.0,0.0,0.0,0.0,0.0,0.0,0.0,0.0,0.0,0.0,0.0,0.0,1626.29875573019,2.2337497406642526,348.5219391467044,0.0,1.9387096774193548,0.0,0.0,0.0,0.0,0.0,348.5219391467044,1626.29875573019,4.467499481328505,0.0,0.0,0.0,0.0,0.0,81.5,81.5,84.0,84.0,0.0,-2.871351766513057,132543.34859201047,136609.09548133594,2.344951088752476,5.568344503761097,0.0,0.0,0.0,0.5387953854016561,0.0,0.0,437.0
9.936666666666667,18.496666666666663,1.8133333333333328,15.8,21.75333333333333,48.02333333333333,50.266666666666666,10,0.0,27.936666666666667,27,1.0,0.0,1.0986122886681098,0.0,5.003946305945459,5.003946305945459,0.3701431492843312,0.0,0.0,0.0,150.0,2.0,0,0,0,0,0,0,0,0,0,0,0,0,0,0,0,0,0,0,0,0,0,0,0,0.0,53,0,0,DESG,BLM,2,V: Protected landscape / seascape,Designation,Conservation Area,OPEN ACCESS,0,0,1,0,0,1,0,0,0,0,1,0,0,2,1,2.2337497406642526,348.5219391467044,0.0,51,37,10,0,0.0134043001554697,5.214504486445229,0.5123358523424322,1626.29875573019,131.67418924967447,0.105117183178663,0.556896150112152,0.8660254037844387,-0.4999999999999998,0,1,0,0,0,0.0133152573459821,1.826885993134978,0.4136553776564332,0.0,0.0,5.85656633265567,0.0016082322696303,0.0,1408.416036605368,-813.1493778650946,0.0,0.0,0.0,301.82885307726025,-174.26096957335213,0.0,1.9344840211121448,0.0,0.0,0.0,0.0,0.0,0.0,0.0,0.0,0.0,16159.988636105654,16262.987557301898,25695.520340537,5506.64663851793,3463.1463353210866,7581.513916237975,0.1331940625448506,0.0,0.0,805.8000000000001,510.0,22.19602658973379,0.0,0.0,0.0,0.0,0.0,0.0,0.0,0.0,0.0,1786.6717980908431,382.89048521700863,0.0,2.454024914902951,56.0292267220736,0.0,0.0147261288717948,0.0,0.1154830291902559,0.0,0.0,0.0,0.0,0.0,0.0,0.0,0.0,0.0,8137.91165109978,1743.9850699340998,0.0,11.177563763203514,255.20126160321843,0.0,0.0670743982467467,0.0,0.526000740458263,0.0,0.0,0.0,0.0,0.0,0.0,1.0986122886681098,0.0,0.0,0.0,0.0,0.0,0.0,0.0,5.003946305945459,0.0,0.0,0.0,0.0,17.358074160956136,10.986122886681098,10.916544108398783,0.0,0.0,0.0,79.06235163393826,50.03946305945459,49.72254646007805,0.0,0.0,0.0,0.0,0.0,0.0,0.0,1.0986122886681098,0.0,0.0,0.0,0.0,0.0,5.003946305945459,0.0,0.0,0.8660254037844387,-0.4999999999999998,0.0,0.0,0.0,-0.0,0.0,0.0,0.0,-0.0,0.0,0.0,0.0,-0.0,0.0,0.0,0.0,0.0,0.0,0.0,0.0,0.0,0.0,0.0,0.0,1626.29875573019,2.2337497406642526,348.5219391467044,0.0,9.936666666666667,0.0,0.0,0.0,0.0,0.0,348.5219391467044,1626.29875573019,4.467499481328505,0.0,0.0,0.0,0.0,0.0,97.3,89.89999999999999,94.0,63.0,0.0,2.3989349718381976,158238.86893254748,152872.08303863785,2.3759995961997977,6.102558594613569,0.0,0.0,0.0,0.5904861683216854,0.0,0.0,419.0
16.39032258064516,24.98709677419355,7.609677419354839,13.9,22.37741935483871,49.88387096774194,54.774193548387096,0,1.0741935483870966,29.712903225806453,30,1.0,0.0,0.0,0.0,4.248495242049359,4.248495242049359,0.3701431492843312,0.0,0.0,0.0,69.0,1.0,0,0,0,0,0,0,0,0,0,0,0,0,0,0,0,0,0,0,0,0,0,0,0,0.0,53,0,0,DESG,BLM,2,V: Protected landscape / seascape,Designation,Conservation Area,OPEN ACCESS,0,0,1,0,0,1,0,0,0,0,1,0,0,2,1,2.2337497406642526,348.5219391467044,0.0,51,37,10,0,0.0134043001554697,5.214504486445229,0.5123358523424322,1626.29875573019,131.67418924967447,0.105117183178663,0.556896150112152,0.4999999999999999,-0.8660254037844387,0,1,0,0,0,0.0133152573459821,1.826885993134978,0.4136553776564332,0.0,0.0,5.85656633265567,0.0016082322696303,0.0,813.1493778650948,-1408.416036605368,0.0,0.0,0.0,174.26096957335218,-301.82885307726025,0.0,1.116874870332126,0.0,0.0,0.0,0.0,0.0,0.0,0.0,0.0,0.0,26655.56121891966,0.0,22605.55270464964,4844.454954139192,5712.387009046469,7799.021586647383,0.2197008035159404,0.0143988127476497,0.0,708.9,0.0,36.61187881391957,0.0,0.0,0.0,0.0,0.0,0.0,0.0,0.0,0.0,0.0,0.0,0.0,0.0,0.0,0.0,0.0,0.0,0.0,0.0,0.0,0.0,0.0,0.0,0.0,0.0,0.0,0.0,6909.322525870505,1480.69380021459,0.0,9.490075145141068,216.6732573445173,0.0,0.0569481054335145,0.0,0.4465898525921807,0.0,0.0,0.0,0.0,0.0,0.0,0.0,0.0,0.0,0.0,0.0,0.0,0.0,0.0,4.248495242049359,0.0,0.0,0.0,0.0,0.0,0.0,0.0,0.0,0.0,0.0,59.054083864486095,0.0,69.63420749952515,0.0,0.0,0.0,0.0,0.0,0.0,0.0,0.0,0.0,0.0,0.0,0.0,0.0,4.248495242049359,0.0,0.0,0.4999999999999999,-0.8660254037844387,0.0,0.0,0.0,-0.0,0.0,0.0,0.0,-0.0,0.0,0.0,0.0,-0.0,0.0,0.0,0.0,0.0,0.0,0.0,0.0,0.0,0.0,0.0,0.0,1626.29875573019,2.2337497406642526,348.5219391467044,0.0,16.39032258064516,0.0,0.0,0.0,0.0,0.0,348.5219391467044,1626.29875573019,4.467499481328505,0.0,0.0,0.0,0.0,0.0,111.2,73.6,94.0,35.0,1.0741935483870966,9.421899641577062,180844.4216371971,152872.08303863785,2.12424762102468,4.248495242049359,0.0,0.0,0.0,0.41108620879526253,0.0,0.0,329.0
22.78333333333333,31.636666666666667,13.62,8.8,18.96,45.38333333333333,37.766666666666666,0,4.8566666666666665,36.16666666666666,28,1.0,0.0,0.0,0.0,4.110873864173311,4.110873864173311,0.3701431492843312,0.0,0.0,0.0,60.0,1.0,0,0,0,0,0,0,0,0,0,0,0,0,0,0,0,0,0,0,0,0,0,0,0,0.0,53,0,0,DESG,BLM,2,V: Protected landscape / seascape,Designation,Conservation Area,OPEN ACCESS,0,0,1,0,0,1,0,0,0,0,1,0,0,2,1,2.2337497406642526,348.5219391467044,0.0,51,37,10,0,0.0134043001554697,5.214504486445229,0.5123358523424322,1626.29875573019,131.67418924967447,0.105117183178663,0.556896150112152,1.2246467991473532e-16,-1.0,0,0,1,0,1,0.0133152573459821,1.826885993134978,0.4136553776564332,0.0,0.0,5.85656633265567,0.0016082322696303,0.0,1.9916415656623009e-13,-1626.29875573019,1626.29875573019,0.0,348.5219391467044,4.268162772086402e-14,-348.5219391467044,2.2337497406642526,2.735554470000707e-16,0.0,0.0,0.0,0.0,0.0,0.0,0.0,0.0,0.0,37052.50665138616,0.0,14311.429050425671,3066.993064490999,7940.491513559082,6607.9759662215165,0.305394638542118,0.0651002177550645,0.0,448.8,0.0,50.89226492480055,0.0,0.0,0.0,0.0,0.0,0.0,0.0,0.0,0.0,0.0,0.0,0.0,0.0,0.0,0.0,0.0,0.0,0.0,0.0,0.0,0.0,0.0,0.0,0.0,0.0,0.0,0.0,6685.509050268814,1432.7297307291883,0.0,9.182663428000588,209.6545670728389,0.0,0.0551033871766546,0.0,0.4321234810046842,0.0,0.0,0.0,0.0,0.0,0.0,0.0,0.0,0.0,0.0,0.0,0.0,0.0,0.0,4.110873864173311,0.0,0.0,0.0,0.0,0.0,0.0,0.0,0.0,0.0,0.0,36.17569000472514,0.0,93.6594095387486,0.0,0.0,0.0,0.0,0.0,0.0,0.0,0.0,0.0,0.0,0.0,0.0,0.0,4.110873864173311,0.0,0.0,1.2246467991473532e-16,-1.0,1.0,0.0,0.0,-0.0,0.0,0.0,0.0,-0.0,0.0,0.0,0.0,-0.0,0.0,0.0,0.0,0.0,0.0,0.0,0.0,0.0,0.0,0.0,0.0,1626.29875573019,2.2337497406642526,348.5219391467044,0.0,22.78333333333333,1.0,0.0,0.0,0.0,1.0,348.5219391467044,1626.29875573019,4.467499481328505,0.0,0.0,0.0,0.0,0.0,120.0,38.5,94.0,10.0,5.930860215053763,16.37010752688172,195155.8506876228,152872.08303863785,2.055436932086656,4.110873864173311,0.0,0.0,1.0,0.3977699056674391,4.110873864173311,0.0,303.0
25.3483870967742,33.4483870967742,17.58709677419355,9.1,16.16774193548387,41.01935483870968,42.774193548387096,0,7.348387096774194,44.8,29,1.0,0.0,0.6931471805599453,0.0,2.9444389791664403,2.9444389791664403,0.3701431492843312,0.0,0.0,0.0,19.0,2.0,0,0,0,0,0,0,0,0,0,0,0,0,0,0,0,0,0,0,0,0,0,0,0,0.0,53,0,0,DESG,BLM,2,V: Protected landscape / seascape,Designation,Conservation Area,OPEN ACCESS,0,0,1,0,0,1,0,0,0,0,1,0,0,2,1,2.2337497406642526,348.5219391467044,0.0,51,37,10,0,0.0134043001554697,5.214504486445229,0.5123358523424322,1626.29875573019,131.67418924967447,0.105117183178663,0.556896150112152,-0.4999999999999997,-0.8660254037844388,0,0,1,0,1,0.0133152573459821,1.826885993134978,0.4136553776564332,0.0,0.0,5.85656633265567,0.0016082322696303,0.0,-813.1493778650945,-1408.4160366053682,1626.29875573019,0.0,348.5219391467044,-174.26096957335213,-301.8288530772603,2.2337497406642526,-1.1168748703321256,0.0,0.0,-0.0,0.0,-0.0,0.0,-0.0,0.0,-0.0,41224.050395251084,0.0,14799.318677144727,3171.54964623501,8834.469025209046,5634.812770978331,0.3397773891021965,0.0984999863037418,0.0,464.1,0.0,56.62195310367645,0.0,0.0,0.0,0.0,0.0,0.0,0.0,0.0,0.0,1127.2643972825283,241.576999482823,0.0,1.5483173348179355,35.350506208557206,0.0,0.009291152860143,0.0,0.0728616791486935,0.0,0.0,0.0,0.0,0.0,0.0,0.0,0.0,0.0,4788.537448141852,1026.2015827182306,0.0,6.577139806114753,150.16638793748845,0.0,0.0394681438662117,0.0,0.3095111315314342,0.0,0.0,0.0,0.0,0.0,0.0,0.6931471805599453,0.0,0.0,0.0,0.0,0.0,0.0,0.0,2.9444389791664403,0.0,0.0,0.0,0.0,6.307639343095502,0.0,17.570163047871134,0.0,0.0,0.0,26.794394710414604,0.0,74.63677902674159,0.0,0.0,0.0,0.0,0.0,0.0,0.0,0.6931471805599453,0.0,0.0,0.0,0.0,0.0,2.9444389791664403,0.0,0.0,-0.4999999999999997,-0.8660254037844388,1.0,0.0,-0.0,-0.0,0.0,0.0,-0.0,-0.0,0.0,0.0,-0.0,-0.0,0.0,0.0,0.0,0.0,0.0,0.0,0.0,0.0,0.0,0.0,0.0,1626.29875573019,2.2337497406642526,348.5219391467044,0.0,25.3483870967742,1.0,0.0,0.0,0.0,1.0,348.5219391467044,1626.29875573019,4.467499481328505,0.0,0.0,0.0,0.0,0.0,129.1,31.8,94.0,0.0,13.279247311827955,21.507347670250898,209955.1693647675,152872.08303863785,1.3954886418497134,3.6375861597263857,0.0,0.0,1.0,0.35197438584083623,3.6375861597263857,0.0,256.0
23.97741935483871,32.45161290322581,16.25483870967742,19.200000000000003,15.841935483870968,39.74516129032258,35.70967741935484,0,5.97741935483871,44.41290322580645,31,1.0,0.0,0.6931471805599453,0.0,3.044522437723423,3.044522437723423,0.3701431492843312,0.0,0.0,0.0,21.0,2.0,0,0,0,0,0,0,0,0,0,0,0,0,0,0,0,0,0,0,0,0,0,0,0,0.0,53,0,0,DESG,BLM,2,V: Protected landscape / seascape,Designation,Conservation Area,OPEN ACCESS,0,0,1,0,0,1,0,0,0,0,1,0,0,2,1,2.2337497406642526,348.5219391467044,0.0,51,37,10,0,0.0134043001554697,5.214504486445229,0.5123358523424322,1626.29875573019,131.67418924967447,0.105117183178663,0.556896150112152,-0.8660254037844385,-0.5000000000000004,0,0,1,0,1,0.0133152573459821,1.826885993134978,0.4136553776564332,0.0,0.0,5.85656633265567,0.0016082322696303,0.0,-1408.4160366053677,-813.1493778650956,1626.29875573019,0.0,348.5219391467044,-301.8288530772602,-174.26096957335236,2.2337497406642526,-1.934484021112144,0.0,0.0,-0.0,0.0,-0.0,0.0,-0.0,0.0,-0.0,38994.447262395166,0.0,31224.93611001965,6691.621231616726,8356.65668928211,5521.262074675695,0.3214005259858267,0.0801231231873721,0.0,979.2000000000002,0.0,53.55955426566899,0.0,0.0,0.0,0.0,0.0,0.0,0.0,0.0,0.0,1127.2643972825283,241.576999482823,0.0,1.5483173348179355,35.350506208557206,0.0,0.009291152860143,0.0,0.0728616791486935,0.0,0.0,0.0,0.0,0.0,0.0,0.0,0.0,0.0,4951.303052262248,1061.082863771019,0.0,6.800701205711194,155.27064432389457,0.0,0.040809692585307,0.0,0.3200316227777227,0.0,0.0,0.0,0.0,0.0,0.0,0.6931471805599453,0.0,0.0,0.0,0.0,0.0,0.0,0.0,3.044522437723423,0.0,0.0,0.0,0.0,13.308425866750952,0.0,16.619880622909914,0.0,0.0,0.0,58.45483080428973,0.0,72.99979122451033,0.0,0.0,0.0,0.0,0.0,0.0,0.0,0.6931471805599453,0.0,0.0,0.0,0.0,0.0,3.044522437723423,0.0,0.0,-0.8660254037844385,-0.5000000000000004,1.0,0.0,-0.0,-0.0,0.0,0.0,-0.0,-0.0,0.0,0.0,-0.0,-0.0,0.0,0.0,0.0,0.0,0.0,0.0,0.0,0.0,0.0,0.0,0.0,1626.29875573019,2.2337497406642526,348.5219391467044,0.0,23.97741935483871,1.0,0.0,0.0,0.0,1.0,348.5219391467044,1626.29875573019,4.467499481328505,0.0,0.0,0.0,0.0,0.0,148.3,37.1,94.0,0.0,19.256666666666668,24.03637992831541,241180.1054747872,152872.08303863785,1.4441867773779518,3.7376696182833684,0.0,0.0,1.0,0.3616585039102404,3.7376696182833684,0.0,319.0
19.75333333333333,29.0,12.156666666666666,50.7,13.563333333333333,32.14666666666667,22.133333333333333,0,2.396666666666667,40.75333333333333,27,1.0,0.0,0.0,0.0,3.1354942159291497,3.1354942159291497,0.3701431492843312,0.0,0.0,0.0,22.0,1.0,0,0,0,0,0,0,0,0,0,0,0,0,0,0,0,0,0,0,0,0,0,0,0,0.0,53,0,0,DESG,BLM,2,V: Protected landscape / seascape,Designation,Conservation Area,OPEN ACCESS,0,0,1,0,0,1,0,0,0,0,1,0,0,2,1,2.2337497406642526,348.5219391467044,0.0,51,37,10,0,0.0134043001554697,5.214504486445229,0.5123358523424322,1626.29875573019,131.67418924967447,0.105117183178663,0.556896150112152,-1.0,-1.8369701987210292e-16,0,0,0,1,0,0.0133152573459821,1.826885993134978,0.4136553776564332,0.0,0.0,5.85656633265567,0.0016082322696303,0.0,-1626.29875573019,-2.9874623484934513e-13,0.0,0.0,0.0,-348.5219391467044,-6.402244158129602e-14,0.0,-2.2337497406642526,0.0,0.0,-0.0,0.0,-0.0,0.0,-0.0,0.0,-0.0,32124.82142152368,0.0,82453.34691552063,17670.062314737916,6884.470037944567,4727.119234626467,0.2647796090710447,0.032125639372609,0.0,2585.7000000000003,0.0,44.124003210587865,0.0,0.0,0.0,0.0,0.0,0.0,0.0,0.0,0.0,0.0,0.0,0.0,0.0,0.0,0.0,0.0,0.0,0.0,0.0,0.0,0.0,0.0,0.0,0.0,0.0,0.0,0.0,5099.250341964784,1092.7885243189028,0.0,7.003909391686002,159.91020501238663,0.0,0.0420291056060534,0.0,0.3295943198514627,0.0,0.0,0.0,0.0,0.0,0.0,0.0,0.0,0.0,0.0,0.0,0.0,0.0,0.0,3.1354942159291497,0.0,0.0,0.0,0.0,0.0,0.0,0.0,0.0,0.0,0.0,158.9695567476079,0.0,61.93646241198713,0.0,0.0,0.0,0.0,0.0,0.0,0.0,0.0,0.0,0.0,0.0,0.0,0.0,3.1354942159291497,0.0,0.0,-1.0,-1.8369701987210292e-16,0.0,0.0,-0.0,-0.0,0.0,0.0,-0.0,-0.0,0.0,0.0,-0.0,-0.0,0.0,0.0,0.0,0.0,0.0,0.0,0.0,0.0,0.0,0.0,0.0,1626.29875573019,2.2337497406642526,348.5219391467044,0.0,19.75333333333333,0.0,0.0,0.0,0.0,0.0,348.5219391467044,1626.29875573019,4.467499481328505,0.0,0.0,0.0,0.0,0.0,199.0,79.0,94.0,0.0,21.65333333333333,23.02637992831541,323633.4523903078,152872.08303863785,1.5677471079645748,3.1354942159291497,0.0,0.0,0.0,0.30339175554873155,0.0,0.0,374.2105263
-5.261290322580645,0.9903225806451612,-11.01290322580645,8.5,12.935483870967742,26.25483870967742,35.0,31,0.0,28.641935483870967,25,1.0,0.0,0.0,0.0,5.135798437050262,5.135798437050262,0.3701431492843312,0.0,0.0,0.0,169.0,1.0,0,0,0,0,0,0,0,0,0,0,0,0,0,0,0,0,0,0,0,0,0,0,0,0.0,53,0,0,FED,BLM,3,Other Conservation Area,Fee,National Public Lands,OPEN ACCESS,0,0,1,0,0,1,1,0,0,0,1,0,0,3,0,2.396815917394885,439.1208296724882,0.5606139,125,23,17,54,0.0,6.705495259549917,20.529091934406047,2152.80220143093,131.17260880903763,0.412210789593783,0.979048758745193,0.4999999999999999,0.8660254037844387,1,0,0,0,0,0.0,2.041933744389669,3.069405133729076,0.0,0.0,6.087049302105107,0.0,0.0,1076.4011007154647,1864.3813957622497,0.0,2152.80220143093,0.0,219.5604148362441,380.2897938272743,0.0,1.1984079586974423,2.396815917394885,0.0,0.2803069499999999,0.0,0.0,0.0,0.0,0.0,0.0,-11326.51738881886,66736.86824435883,18298.818712162905,3732.5270522161495,-2310.342171599445,5680.240409634444,-0.0,0.0,-284.1096774193548,1062.5,3875.0,-12.61034439119696,0.0,0.0,0.0,0.0,0.0,0.0,0.0,0.0,0.0,0.0,0.0,0.0,0.0,0.0,0.0,0.0,0.0,0.0,0.0,0.0,0.0,0.0,0.0,0.0,0.0,0.0,0.0,11056.358181387332,2255.23607070818,2.879199991408652,12.30956344245384,641.9748046312827,277.33311560071417,0.0,0.0,2.117031528931005,0.0,0.0,0.0,0.0,0.0,0.0,0.0,0.0,0.0,0.0,0.0,0.0,0.0,0.0,5.135798437050262,0.0,0.0,0.0,-0.0,0.0,0.0,-0.0,0.0,0.0,-0.0,43.65428671492722,159.20975154855813,-27.020926615577345,0.0,0.0,0.0,5.135798437050262,0.0,0.0,0.0,0.0,0.0,0.0,0.0,0.0,0.0,5.135798437050262,0.0,0.0,0.4999999999999999,0.8660254037844387,0.0,1.0,0.0,0.0,0.0,0.0,0.0,0.0,0.0,0.0,0.0,0.0,0.0,0.0,0.0,0.0,0.0,0.0,-0.0,0.0,0.0,0.0,-0.0,2152.80220143093,2.396815917394885,439.1208296724882,0.5606139,-5.261290322580645,0.0,1.0,0.0,0.0,0.0,0.0,0.0,7.190447752184655,1.6818417,0.0,0.0,0.0,5.135798437050262,8.5,8.5,31.0,31.0,0.0,-5.261290322580645,18298.818712162905,66736.86824435883,2.567899218525131,5.135798437050262,0.0,0.0,0.0,0.42840684405532875,0.0,5.135798437050262,150.35
-4.564285714285714,1.882142857142857,-10.610714285714286,35.6,15.964285714285714,33.94642857142857,37.17857142857143,28,0.0,24.98928571428572,23,1.0,0.0,0.0,0.0,5.030437921392435,5.030437921392435,0.3701431492843312,0.0,0.0,0.0,152.0,1.0,0,0,0,0,0,0,0,0,0,0,0,0,0,0,0,0,0,0,0,0,0,0,0,0.0,53,0,0,FED,BLM,3,Other Conservation Area,Fee,National Public Lands,OPEN ACCESS,0,0,1,0,0,1,1,0,0,0,1,0,0,3,0,2.396815917394885,439.1208296724882,0.5606139,125,23,17,54,0.0,6.705495259549917,20.529091934406047,2152.80220143093,131.17260880903763,0.412210789593783,0.979048758745193,0.8660254037844386,0.5000000000000001,1,0,0,0,0,0.0,2.041933744389669,3.069405133729076,0.0,0.0,6.087049302105107,0.0,0.0,1864.3813957622488,1076.4011007154652,0.0,2152.80220143093,0.0,380.2897938272743,219.5604148362441,0.0,2.075703472658875,2.396815917394885,0.0,0.4855058791146688,0.0,0.0,0.0,0.0,0.0,0.0,-9826.00433367403,60278.46164006604,76639.75837094111,15632.70153634058,-2004.272929719428,7010.250387985793,-0.0,0.0,-246.47142857142856,4450.0,3500.0,-10.939752651538084,0.0,0.0,0.0,0.0,0.0,0.0,0.0,0.0,0.0,0.0,0.0,0.0,0.0,0.0,0.0,0.0,0.0,0.0,0.0,0.0,0.0,0.0,0.0,0.0,0.0,0.0,0.0,10829.537831335268,2208.970073657793,2.8201334218197065,12.05703368146023,628.8047401740544,271.6436477551915,0.0,0.0,2.073600787579684,0.0,0.0,0.0,0.0,0.0,0.0,0.0,0.0,0.0,0.0,0.0,0.0,0.0,0.0,5.030437921392435,0.0,0.0,0.0,-0.0,0.0,0.0,-0.0,0.0,0.0,-0.0,179.0835900015707,140.8522617989882,-22.96035594121261,0.0,0.0,0.0,5.030437921392435,0.0,0.0,0.0,0.0,0.0,0.0,0.0,0.0,0.0,5.030437921392435,0.0,0.0,0.8660254037844386,0.5000000000000001,0.0,1.0,0.0,0.0,0.0,0.0,0.0,0.0,0.0,0.0,0.0,0.0,0.0,0.0,0.0,0.0,0.0,0.0,-0.0,0.0,0.0,0.0,-0.0,2152.80220143093,2.396815917394885,439.1208296724882,0.5606139,-4.564285714285714,0.0,1.0,0.0,0.0,0.0,0.0,0.0,7.190447752184655,1.6818417,0.0,0.0,0.0,5.030437921392435,44.1,44.1,59.0,59.0,0.0,-4.912788018433179,94938.577083104,127015.32988442486,2.5152189606962176,5.030437921392435,0.0,0.0,0.0,0.41961811012149935,0.0,5.030437921392435,195.0
0.2354838709677419,6.790322580645161,-6.34516129032258,41.6,16.44516129032258,36.51290322580645,45.83870967741935,26,0.0,29.83225806451613,25,1.0,0.0,0.6931471805599453,0.0,5.327876168789581,5.327876168789581,0.3701431492843312,0.0,0.0,0.0,206.0,2.0,0,0,0,0,0,0,0,0,0,0,0,0,0,0,0,0,0,0,0,0,0,0,0,0.0,53,0,0,FED,BLM,3,Other Conservation Area,Fee,National Public Lands,OPEN ACCESS,0,0,1,0,0,1,1,0,0,0,1,0,0,3,0,2.396815917394885,439.1208296724882,0.5606139,125,23,17,54,0.0,6.705495259549917,20.529091934406047,2152.80220143093,131.17260880903763,0.412210789593783,0.979048758745193,1.0,6.123233995736766e-17,0,1,0,0,0,0.0,2.041933744389669,3.069405133729076,0.0,0.0,6.087049302105107,0.0,0.0,2152.80220143093,1.318211162589882e-13,0.0,0.0,0.0,439.1208296724882,2.688839592486713e-14,0.0,2.396815917394885,0.0,0.0,0.5606139,0.0,0.0,0.0,0.0,0.0,0.0,506.9501958208318,55972.85723720418,89556.57157952669,18267.426514375507,103.40587279384395,7221.412869904338,0.0,0.0,12.716129032258063,5200.0,3250.0,0.5644114902252471,0.0,0.0,0.0,0.0,0.0,0.0,0.0,0.0,0.0,1492.2087762250924,304.3753650126292,0.3885879441677151,1.6613461954634634,86.64339756999316,37.42994775023705,0.0,0.0,0.2857227466033195,0.0,0.0,0.0,0.0,0.0,0.0,0.0,0.0,0.0,11469.8635451216,2339.5814036311585,2.986881437702185,12.769938407263746,665.9845210986977,287.70531311463736,0.0,0.0,2.1962080423946526,0.0,0.0,0.0,0.0,0.0,0.0,0.6931471805599453,0.0,0.0,0.0,0.0,0.0,0.0,0.0,5.327876168789581,0.0,0.0,0.0,0.0,28.834922711293725,18.021826694558577,0.1632249812286322,0.0,0.0,0.0,221.6396486216466,138.5247803885291,1.2546289042633527,0.0,0.6931471805599453,0.0,5.327876168789581,0.0,0.0,0.0,0.6931471805599453,0.0,0.0,0.0,0.0,0.0,5.327876168789581,0.0,0.0,1.0,6.123233995736766e-17,0.0,0.0,0.0,0.0,0.0,0.0,0.0,0.0,0.0,0.0,0.0,0.0,0.0,0.0,0.0,0.0,0.0,0.0,0.0,0.0,0.0,0.0,0.0,2152.80220143093,2.396815917394885,439.1208296724882,0.5606139,0.2354838709677419,0.0,0.0,0.0,0.0,0.0,0.0,0.0,7.190447752184655,1.6818417,0.0,0.6931471805599453,0.0,5.327876168789581,85.7,85.7,85.0,85.0,0.0,-3.196697388632872,184495.1486626307,182988.18712162905,2.569275964191799,6.021023349349527,0.0,0.0,0.0,0.5022486070461475,0.0,0.0,267.0
6.996666666666667,14.18,-0.42,19.4,22.65333333333333,51.583333333333336,47.13333333333333,15,0.0,25.113333333333333,27,1.0,0.0,0.6931471805599453,0.0,5.068904202220232,5.068904202220232,0.3701431492843312,0.0,0.0,0.0,159.0,2.0,0,0,0,0,0,0,0,0,0,0,0,0,0,0,0,0,0,0,0,0,0,0,0,0.0,53,0,0,FED,BLM,3,Other Conservation Area,Fee,National Public Lands,OPEN ACCESS,0,0,1,0,0,1,1,0,0,0,1,0,0,3,0,2.396815917394885,439.1208296724882,0.5606139,125,23,17,54,0.0,6.705495259549917,20.529091934406047,2152.80220143093,131.17260880903763,0.412210789593783,0.979048758745193,0.8660254037844387,-0.4999999999999998,0,1,0,0,0,0.0,2.041933744389669,3.069405133729076,0.0,0.0,6.087049302105107,0.0,0.0,1864.3813957622497,-1076.4011007154645,0.0,0.0,0.0,380.2897938272743,-219.560414836244,0.0,2.0757034726588754,0.0,0.0,0.4855058791146689,0.0,0.0,0.0,0.0,0.0,0.0,15062.439402678408,32292.033021463947,41764.36270776004,8518.94409564627,3072.382071608509,9947.550528180764,0.0,0.0,377.82,2425.0,1875.0,16.76972203537288,0.0,0.0,0.0,0.0,0.0,0.0,0.0,0.0,0.0,1492.2087762250924,304.3753650126292,0.3885879441677151,1.6613461954634634,86.64339756999316,37.42994775023705,0.0,0.0,0.2857227466033195,0.0,0.0,0.0,0.0,0.0,0.0,0.0,0.0,0.0,10912.348125382208,2225.86141880931,2.841698153533073,12.149230275631275,633.613025277529,273.72082691989254,0.0,0.0,2.0894570035724467,0.0,0.0,0.0,0.0,0.0,0.0,0.6931471805599453,0.0,0.0,0.0,0.0,0.0,0.0,0.0,5.068904202220232,0.0,0.0,0.0,0.0,13.447055302862935,10.39720770839918,4.849719773317751,0.0,0.0,0.0,98.3367415230725,76.03356303330348,35.465433068200895,0.0,0.6931471805599453,0.0,5.068904202220232,0.0,0.0,0.0,0.6931471805599453,0.0,0.0,0.0,0.0,0.0,5.068904202220232,0.0,0.0,0.8660254037844387,-0.4999999999999998,0.0,0.0,0.0,-0.0,0.0,0.0,0.0,-0.0,0.0,0.0,0.0,-0.0,0.0,0.0,0.0,0.0,0.0,0.0,0.0,0.0,0.0,0.0,0.0,2152.80220143093,2.396815917394885,439.1208296724882,0.5606139,6.996666666666667,0.0,0.0,0.0,0.0,0.0,0.0,0.0,7.190447752184655,1.6818417,0.0,0.6931471805599453,0.0,5.068904202220232,105.1,96.6,100.0,69.0,0.0,0.8892882744495649,226259.5113703907,215280.220143093,2.4408969519935626,5.762051382780178,0.0,0.0,0.0,0.48064624779146886,0.0,0.0,536.0
13.770967741935484,21.05806451612903,5.812903225806451,18.5,24.616129032258065,56.23870967741935,50.774193548387096,2,0.1870967741935481,25.851612903225806,30,1.0,0.0,0.6931471805599453,1.0986122886681098,4.574710978503383,4.574710978503383,0.3701431492843312,0.0,0.0,0.0,99.0,3.0,0,0,0,0,0,0,0,0,0,0,0,0,0,0,0,0,0,0,0,0,0,0,0,0.0,53,0,0,FED,BLM,3,Other Conservation Area,Fee,National Public Lands,OPEN ACCESS,0,0,1,0,0,1,1,0,0,0,1,0,0,3,0,2.396815917394885,439.1208296724882,0.5606139,125,23,17,54,0.0,6.705495259549917,20.529091934406047,2152.80220143093,131.17260880903763,0.412210789593783,0.979048758745193,0.4999999999999999,-0.8660254037844387,0,1,0,0,0,0.0,2.041933744389669,3.069405133729076,0.0,0.0,6.087049302105107,0.0,0.0,1076.4011007154647,-1864.3813957622497,0.0,0.0,0.0,219.5604148362441,-380.2897938272743,0.0,1.1984079586974423,0.0,0.0,0.2803069499999999,0.0,0.0,0.0,0.0,0.0,0.0,29646.16967067304,4305.60440286186,39826.840726472205,8123.735348941032,6047.118780231781,10809.455003970186,0.0,0.0,743.6322580645161,2312.5,250.0,33.006474681802466,0.0,0.0,0.0,0.0,0.0,0.0,0.0,0.0,0.0,1492.2087762250924,304.3753650126292,0.3885879441677151,1.6613461954634634,86.64339756999316,37.42994775023705,0.0,0.0,0.2857227466033195,2365.094953563779,482.42353968833146,0.6158973197381549,2.63317142052535,137.32653608351373,59.32506358807793,0.0,0.0,0.4528598389693146,9848.447865432328,2008.8508803922457,2.564646563031597,10.964740090758038,571.8388723129228,247.03439283918263,0.0,0.0,1.885745224612227,0.0,0.0,0.0,0.0,0.0,0.0,0.6931471805599453,0.0,0.0,0.0,1.0986122886681098,0.0,0.0,0.0,4.574710978503383,0.0,0.0,0.0,0.0,12.823222840358987,1.3862943611198906,9.545307463904535,20.324327340360032,2.19722457733622,15.128954388142454,84.63215310231259,9.149421957006766,62.9981973136482,0.0,0.6931471805599453,1.0986122886681098,4.574710978503383,0.0,0.0,0.0,0.6931471805599453,0.0,0.0,1.0986122886681098,0.0,0.0,4.574710978503383,0.0,0.0,0.4999999999999999,-0.8660254037844387,0.0,0.0,0.0,-0.0,0.0,0.0,0.0,-0.0,0.0,0.0,0.0,-0.0,0.0,0.0,0.0,0.0,0.0,0.0,0.0,0.0,0.0,0.0,0.0,2152.80220143093,2.396815917394885,439.1208296724882,0.5606139,13.770967741935484,0.0,0.0,0.0,0.0,0.0,0.0,0.0,7.190447752184655,1.6818417,0.0,0.6931471805599453,1.0986122886681098,4.574710978503383,123.6,79.5,102.0,43.0,0.1870967741935481,7.001039426523298,266086.3520968629,219585.82454595485,2.03980358704057,6.366470447731437,0.0,0.0,0.0,0.5310643604328524,0.0,0.0,448.0
19.686666666666667,27.03333333333333,11.64,30.4,20.446666666666665,49.41333333333333,39.9,0,2.056666666666666,34.37,28,1.0,0.0,0.6931471805599453,0.6931471805599453,4.61512051684126,4.61512051684126,0.3701431492843312,0.0,0.0,0.0,102.0,3.0,0,0,0,0,0,0,0,0,0,0,0,0,0,0,0,0,0,0,0,0,0,0,0,0.0,53,0,0,FED,BLM,3,Other Conservation Area,Fee,National Public Lands,OPEN ACCESS,0,0,1,0,0,1,1,0,0,0,1,0,0,3,0,2.396815917394885,439.1208296724882,0.5606139,125,23,17,54,0.0,6.705495259549917,20.529091934406047,2152.80220143093,131.17260880903763,0.412210789593783,0.979048758745193,1.2246467991473532e-16,-1.0,0,0,1,0,1,0.0,2.041933744389669,3.069405133729076,0.0,0.0,6.087049302105107,0.0,0.0,2.636422325179764e-13,-2152.80220143093,2152.80220143093,0.0,439.1208296724882,5.377679184973429e-14,-439.1208296724882,2.396815917394885,2.935252941383073e-16,0.0,0.5606139,6.865540181925144e-17,0.0,0.0,0.0,0.0,0.0,0.0,42381.49933883691,0.0,65445.18692350027,13349.27322204364,8644.825400152384,8978.557230703474,0.0,0.0,1063.08,3800.0,0.0,47.18531602711397,0.0,0.0,0.0,0.0,0.0,0.0,0.0,0.0,0.0,1492.2087762250924,304.3753650126292,0.3885879441677151,1.6613461954634634,86.64339756999316,37.42994775023705,0.0,0.0,0.2857227466033195,1492.2087762250924,304.3753650126292,0.3885879441677151,1.6613461954634634,86.64339756999316,37.42994775023705,0.0,0.0,0.2857227466033195,9935.441608524914,2026.5955503938565,2.587300711916394,11.06159431546084,576.8900646051575,249.21650790942803,0.0,0.0,1.902402472317604,0.0,0.0,0.0,0.0,0.0,0.0,0.6931471805599453,0.0,0.0,0.0,0.6931471805599453,0.0,0.0,0.0,4.61512051684126,0.0,0.0,0.0,0.0,21.071674289022337,0.0,13.645757494623457,21.071674289022337,0.0,13.645757494623457,140.2996637119743,0.0,90.85633924154828,0.0,0.6931471805599453,0.6931471805599453,4.61512051684126,0.0,0.0,0.0,0.6931471805599453,0.0,0.0,0.6931471805599453,0.0,0.0,4.61512051684126,0.0,0.0,1.2246467991473532e-16,-1.0,1.0,0.0,0.0,-0.0,0.0,0.0,0.0,-0.0,0.0,0.0,0.0,-0.0,0.0,0.0,0.0,0.0,0.0,0.0,0.0,0.0,0.0,0.0,0.0,2152.80220143093,2.396815917394885,439.1208296724882,0.5606139,19.686666666666667,1.0,0.0,0.0,0.0,0.0,0.0,0.0,7.190447752184655,1.6818417,0.0,0.6931471805599453,0.6931471805599453,4.61512051684126,154.0,68.3,102.0,17.0,2.2437634408602145,13.484767025089605,331531.5390203632,219585.82454595485,2.102062342752325,6.0014148779611505,0.0,0.0,1.0,0.5006129503031488,6.0014148779611505,0.0,355.0
21.529032258064515,28.870967741935484,14.664516129032258,75.5,16.635483870967743,41.461290322580645,46.2258064516129,0,3.57741935483871,43.65806451612904,30,1.0,0.0,0.0,0.0,5.135798437050262,5.135798437050262,0.3701431492843312,0.0,0.0,0.0,169.0,1.0,0,0,0,0,0,0,0,0,0,0,0,0,0,0,0,0,0,0,0,0,0,0,0,0.0,53,0,0,FED,BLM,3,Other Conservation Area,Fee,National Public Lands,OPEN ACCESS,0,0,1,0,0,1,1,0,0,0,1,0,0,3,0,2.396815917394885,439.1208296724882,0.5606139,125,23,17,54,0.0,6.705495259549917,20.529091934406047,2152.80220143093,131.17260880903763,0.412210789593783,0.979048758745193,-0.4999999999999997,-0.8660254037844388,0,0,1,0,1,0.0,2.041933744389669,3.069405133729076,0.0,0.0,6.087049302105107,0.0,0.0,-1076.4011007154645,-1864.38139576225,2152.80220143093,0.0,439.1208296724882,-219.560414836244,-380.2897938272744,2.396815917394885,-1.198407958697442,0.0,0.5606139,-0.2803069499999998,0.0,-0.0,0.0,-0.0,0.0,-0.0,46347.74803983879,0.0,162536.56620803522,33153.62264027286,9453.846507207052,7304.987479422651,0.0,0.0,1162.5677419354838,9437.5,0.0,51.601127202236974,0.0,0.0,0.0,0.0,0.0,0.0,0.0,0.0,0.0,0.0,0.0,0.0,0.0,0.0,0.0,0.0,0.0,0.0,0.0,0.0,0.0,0.0,0.0,0.0,0.0,0.0,0.0,11056.358181387332,2255.23607070818,2.879199991408652,12.30956344245384,641.9748046312827,277.33311560071417,0.0,0.0,2.117031528931005,0.0,0.0,0.0,0.0,0.0,0.0,0.0,0.0,0.0,0.0,0.0,0.0,0.0,0.0,5.135798437050262,0.0,0.0,0.0,0.0,0.0,0.0,0.0,0.0,0.0,0.0,387.7527819972948,0.0,110.5687702221724,0.0,0.0,0.0,5.135798437050262,0.0,0.0,0.0,0.0,0.0,0.0,0.0,0.0,0.0,5.135798437050262,0.0,0.0,-0.4999999999999997,-0.8660254037844388,1.0,0.0,-0.0,-0.0,0.0,0.0,-0.0,-0.0,0.0,0.0,-0.0,-0.0,0.0,0.0,0.0,0.0,0.0,0.0,0.0,0.0,0.0,0.0,0.0,2152.80220143093,2.396815917394885,439.1208296724882,0.5606139,21.529032258064515,1.0,0.0,0.0,0.0,0.0,0.0,0.0,7.190447752184655,1.6818417,0.0,0.0,0.0,5.135798437050262,229.5,124.4,102.0,2.0,5.821182795698924,18.328888888888887,494068.1052283984,219585.82454595485,2.567899218525131,5.135798437050262,0.0,0.0,1.0,0.42840684405532875,5.135798437050262,0.0,472.0
19.700000000000003,26.80967741935484,13.270967741935484,54.1,14.996774193548386,35.92903225806452,40.483870967741936,0,2.074193548387097,44.55483870967742,30,1.0,0.0,0.6931471805599453,0.6931471805599453,5.111987788356544,5.111987788356544,0.3701431492843312,0.0,0.0,0.0,167.0,3.0,0,0,0,0,0,0,0,0,0,0,0,0,0,0,0,0,0,0,0,0,0,0,0,0.0,53,0,0,FED,BLM,3,Other Conservation Area,Fee,National Public Lands,OPEN ACCESS,0,0,1,0,0,1,1,0,0,0,1,0,0,3,0,2.396815917394885,439.1208296724882,0.5606139,125,23,17,54,0.0,6.705495259549917,20.529091934406047,2152.80220143093,131.17260880903763,0.412210789593783,0.979048758745193,-0.8660254037844385,-0.5000000000000004,0,0,1,0,1,0.0,2.041933744389669,3.069405133729076,0.0,0.0,6.087049302105107,0.0,0.0,-1864.3813957622488,-1076.401100715466,2152.80220143093,0.0,439.1208296724882,-380.2897938272742,-219.5604148362443,2.396815917394885,-2.0757034726588746,0.0,0.5606139,-0.4855058791146688,0.0,-0.0,0.0,-0.0,0.0,-0.0,42410.20336818932,0.0,116466.59909741332,23756.43688528161,8650.680344548018,6585.395926281927,0.0,0.0,1063.8000000000002,6762.5,0.0,47.21727357267924,0.0,0.0,0.0,0.0,0.0,0.0,0.0,0.0,0.0,1492.2087762250924,304.3753650126292,0.3885879441677151,1.6613461954634634,86.64339756999316,37.42994775023705,0.0,0.0,0.2857227466033195,1492.2087762250924,304.3753650126292,0.3885879441677151,1.6613461954634634,86.64339756999316,37.42994775023705,0.0,0.0,0.2857227466033195,11005.098564461998,2244.780318898753,2.8658514107829367,12.25249370066124,638.998473544568,276.04734057125336,0.0,0.0,2.1072165226322275,0.0,0.0,0.0,0.0,0.0,0.0,0.6931471805599453,0.0,0.0,0.0,0.6931471805599453,0.0,0.0,0.0,5.111987788356544,0.0,0.0,0.0,0.0,37.49926246829304,0.0,13.654999457030923,37.49926246829304,0.0,13.654999457030923,276.558539350089,0.0,100.70615943062391,0.0,0.6931471805599453,0.6931471805599453,5.111987788356544,0.0,0.0,0.0,0.6931471805599453,0.0,0.0,0.6931471805599453,0.0,0.0,5.111987788356544,0.0,0.0,-0.8660254037844385,-0.5000000000000004,1.0,0.0,-0.0,-0.0,0.0,0.0,-0.0,-0.0,0.0,0.0,-0.0,-0.0,0.0,0.0,0.0,0.0,0.0,0.0,0.0,0.0,0.0,0.0,0.0,2152.80220143093,2.396815917394885,439.1208296724882,0.5606139,19.700000000000003,1.0,0.0,0.0,0.0,0.0,0.0,0.0,7.190447752184655,1.6818417,0.0,0.6931471805599453,0.6931471805599453,5.111987788356544,283.6,160.0,102.0,0.0,7.895376344086021,20.3052329749104,610534.7043258118,219585.82454595485,2.347793819212114,6.4982821494764345,0.0,0.0,1.0,0.5420595417753994,6.4982821494764345,0.0,504.0
17.33,24.81,11.033333333333331,74.3,15.383333333333333,36.25666666666667,33.06666666666667,0,1.2100000000000004,38.88,27,1.0,0.0,0.0,0.0,4.605170185988092,4.605170185988092,0.3701431492843312,0.0,0.0,0.0,99.0,1.0,0,0,0,0,0,0,0,0,0,0,0,0,0,0,0,0,0,0,0,0,0,0,0,0.0,53,0,0,FED,BLM,3,Other Conservation Area,Fee,National Public Lands,OPEN ACCESS,0,0,1,0,0,1,1,0,0,0,1,0,0,3,0,2.396815917394885,439.1208296724882,0.5606139,125,23,17,54,0.0,6.705495259549917,20.529091934406047,2152.80220143093,131.17260880903763,0.412210789593783,0.979048758745193,-1.0,-1.8369701987210292e-16,0,0,0,1,0,0.0,2.041933744389669,3.069405133729076,0.0,0.0,6.087049302105107,0.0,0.0,-2152.80220143093,-3.9546334877696457e-13,0.0,0.0,0.0,-439.1208296724882,-8.06651877746014e-14,0.0,-2.396815917394885,0.0,0.0,-0.5606139,0.0,-0.0,0.0,-0.0,0.0,-0.0,37308.06215079801,0.0,159953.2035663181,32626.67764466587,7609.963978224219,6755.142096461776,0.0,0.0,935.82,9287.5,0.0,41.53681984845336,0.0,0.0,0.0,0.0,0.0,0.0,0.0,0.0,0.0,0.0,0.0,0.0,0.0,0.0,0.0,0.0,0.0,0.0,0.0,0.0,0.0,0.0,0.0,0.0,0.0,0.0,0.0,9914.020514359248,2022.2261528540976,2.5817224181305094,11.037745204088624,575.6462732485114,248.67919004335693,0.0,0.0,1.8983008385799,0.0,0.0,0.0,0.0,0.0,0.0,0.0,0.0,0.0,0.0,0.0,0.0,0.0,0.0,4.605170185988092,0.0,0.0,0.0,0.0,0.0,0.0,0.0,0.0,0.0,0.0,342.1641448189152,0.0,79.80759932317362,0.0,0.0,0.0,4.605170185988092,0.0,0.0,0.0,0.0,0.0,0.0,0.0,0.0,0.0,4.605170185988092,0.0,0.0,-1.0,-1.8369701987210292e-16,0.0,0.0,-0.0,-0.0,0.0,0.0,-0.0,-0.0,0.0,0.0,-0.0,-0.0,0.0,0.0,0.0,0.0,0.0,0.0,0.0,0.0,0.0,0.0,0.0,2152.80220143093,2.396815917394885,439.1208296724882,0.5606139,17.33,0.0,0.0,0.0,0.0,0.0,0.0,0.0,7.190447752184655,1.6818417,0.0,0.0,0.0,4.605170185988092,357.9,203.9,102.0,0.0,9.105376344086022,19.51967741935484,770487.9078921297,219585.82454595485,2.302585092994046,4.605170185988092,0.0,0.0,0.0,0.38414405275024266,0.0,0.0,503.1818182
7.348387096774194,14.306451612903226,1.6161290322580646,50.2,15.929032258064517,35.10322580645161,26.83870967741936,9,0.0,34.8,28,1.0,0.0,0.0,0.6931471805599453,3.951243718581428,3.951243718581428,0.3701431492843312,0.0,0.0,0.0,52.0,2.0,0,0,0,0,0,0,0,0,0,0,0,0,0,0,0,0,0,0,0,0,0,0,0,0.0,53,0,0,FED,BLM,3,Other Conservation Area,Fee,National Public Lands,OPEN ACCESS,0,0,1,0,0,1,1,0,0,0,1,0,0,3,0,2.396815917394885,439.1208296724882,0.5606139,125,23,17,54,0.0,6.705495259549917,20.529091934406047,2152.80220143093,131.17260880903763,0.412210789593783,0.979048758745193,-0.8660254037844386,0.5000000000000001,0,0,0,1,0,0.0,2.041933744389669,3.069405133729076,0.0,0.0,6.087049302105107,0.0,0.0,-1864.3813957622488,1076.4011007154652,0.0,0.0,0.0,-380.2897938272743,219.5604148362441,0.0,-2.075703472658875,0.0,0.0,-0.4855058791146688,0.0,-0.0,0.0,-0.0,0.0,-0.0,15819.623918902123,19375.21981287837,108070.6705118327,22043.86564955891,3226.8298386900906,6994.769861041119,0.0,0.0,396.8129032258065,6275.0,1125.0,17.612731160727577,0.0,0.0,0.0,0.0,0.0,0.0,0.0,0.0,0.0,0.0,0.0,0.0,0.0,0.0,0.0,0.0,0.0,0.0,1492.2087762250924,304.3753650126292,0.3885879441677151,1.6613461954634634,86.64339756999316,37.42994775023705,0.0,0.0,0.2857227466033195,8506.246175752232,1735.073419941684,2.215122150924437,9.470403838202522,493.9054648226785,213.3671608033971,0.0,0.0,1.6287452931139257,0.0,0.0,0.0,0.0,0.0,0.0,0.0,0.0,0.0,0.0,0.6931471805599453,0.0,0.0,0.0,3.951243718581428,0.0,0.0,0.0,0.0,0.0,0.0,0.0,34.79598846410926,6.238324625039508,5.093513797792114,198.3524346727877,35.561193467232854,29.03526835783385,0.0,0.0,0.6931471805599453,3.951243718581428,0.0,0.0,0.0,0.0,0.0,0.0,0.6931471805599453,0.0,0.0,3.951243718581428,0.0,0.0,-0.8660254037844386,0.5000000000000001,0.0,0.0,-0.0,0.0,0.0,0.0,-0.0,0.0,0.0,0.0,-0.0,0.0,0.0,0.0,0.0,0.0,0.0,0.0,0.0,0.0,0.0,0.0,0.0,2152.80220143093,2.396815917394885,439.1208296724882,0.5606139,7.348387096774194,0.0,0.0,0.0,0.0,0.0,0.0,0.0,7.190447752184655,1.6818417,0.0,0.0,0.6931471805599453,3.951243718581428,408.1,178.60000000000002,111.0,9.0,9.105376344086022,14.792795698924731,878558.5784039625,238961.04435883323,1.8885786746952136,4.644390899141373,0.0,0.0,0.0,0.3874156807452944,0.0,0.0,372.0
-1.5066666666666668,5.326666666666667,-7.180000000000001,34.1,15.646666666666668,34.556666666666665,37.66666666666666,28,0.0,24.59333333333333,25,1.0,0.0,0.0,0.0,1.6094379124341005,1.6094379124341005,0.3701431492843312,0.0,0.0,0.0,4.0,1.0,0,0,0,0,0,0,0,0,0,0,0,0,0,0,0,0,0,0,0,0,0,0,0,0.0,53,0,0,FED,BLM,3,Other Conservation Area,Fee,National Public Lands,OPEN ACCESS,0,0,1,0,0,1,1,0,0,0,1,0,0,3,0,2.396815917394885,439.1208296724882,0.5606139,125,23,17,54,0.0,6.705495259549917,20.529091934406047,2152.80220143093,131.17260880903763,0.412210789593783,0.979048758745193,-0.5000000000000004,0.8660254037844384,0,0,0,1,0,0.0,2.041933744389669,3.069405133729076,0.0,0.0,6.087049302105107,0.0,0.0,-1076.401100715466,1864.381395762249,0.0,0.0,0.0,-219.5604148362443,380.2897938272742,0.0,-1.1984079586974437,0.0,0.0,-0.2803069500000002,0.0,-0.0,0.0,-0.0,0.0,-0.0,-3243.555316822601,60278.46164006604,73410.55506879471,14974.020291831848,-661.608716706549,6870.777248275533,-0.0,0.0,-81.36000000000001,4262.5,3500.0,-3.611202648874961,0.0,0.0,0.0,0.0,0.0,0.0,0.0,0.0,0.0,0.0,0.0,0.0,0.0,0.0,0.0,0.0,0.0,0.0,0.0,0.0,0.0,0.0,0.0,0.0,0.0,0.0,0.0,3464.801480954532,706.7377114144196,0.9022732648975396,3.8575264065808472,201.17973905426257,86.90964727144143,0.0,0.0,0.6634276726866304,0.0,0.0,0.0,0.0,0.0,0.0,0.0,0.0,0.0,0.0,0.0,0.0,0.0,0.0,1.6094379124341005,0.0,0.0,0.0,-0.0,0.0,0.0,-0.0,0.0,0.0,-0.0,54.88183281400283,45.06426154815482,-2.424886454734045,0.0,0.0,0.0,1.6094379124341005,0.0,0.0,0.0,0.0,0.0,0.0,0.0,0.0,0.0,1.6094379124341005,0.0,0.0,-0.5000000000000004,0.8660254037844384,0.0,0.0,-0.0,0.0,0.0,0.0,-0.0,0.0,0.0,0.0,-0.0,0.0,0.0,0.0,0.0,0.0,0.0,0.0,-0.0,0.0,0.0,0.0,-0.0,2152.80220143093,2.396815917394885,439.1208296724882,0.5606139,-1.5066666666666668,0.0,0.0,0.0,0.0,0.0,0.0,0.0,7.190447752184655,1.6818417,0.0,0.0,0.0,1.6094379124341005,442.2,158.60000000000002,139.0,37.0,9.105376344086022,7.723906810035842,951969.1334727572,299239.5059988993,0.8047189562170503,1.6094379124341005,0.0,0.0,0.0,0.13425258510824647,0.0,0.0,518.0
-4.409677419354838,1.0,-9.735483870967744,51.7,15.038709677419355,32.170967741935485,62.354838709677416,30,0.0,31.63870967741936,14,1.0,0.0,0.0,0.0,4.3694478524670215,4.3694478524670215,0.3701431492843312,0.0,0.0,0.0,78.0,1.0,0,0,0,0,0,0,0,0,0,0,0,0,0,0,0,0,0,0,0,0,0,0,0,0.0,53,0,0,FED,BLM,3,Other Conservation Area,Fee,National Public Lands,OPEN ACCESS,0,0,1,0,0,1,1,0,0,0,1,0,0,3,0,2.396815917394885,439.1208296724882,0.5606139,125,23,17,54,0.0,6.705495259549917,20.529091934406047,2152.80220143093,131.17260880903763,0.412210789593783,0.979048758745193,-2.4492935982947064e-16,1.0,1,0,0,0,0,0.0,2.041933744389669,3.069405133729076,0.0,0.0,6.087049302105107,0.0,0.0,-5.272844650359528e-13,2152.80220143093,0.0,2152.80220143093,0.0,-1.0755358369946857e-13,439.1208296724882,0.0,-5.870505882766148e-16,2.396815917394885,0.0,-1.3731080363850288e-16,0.0,-0.0,0.0,-0.0,0.0,-0.0,-9493.163255987358,64584.06604292789,111299.87381397908,22702.54689406764,-1936.3812069751327,6603.810670752065,-0.0,0.0,-238.1225806451613,6462.5,3750.0,-10.569185029286476,0.0,0.0,0.0,0.0,0.0,0.0,0.0,0.0,0.0,0.0,0.0,0.0,0.0,0.0,0.0,0.0,0.0,0.0,0.0,0.0,0.0,0.0,0.0,0.0,0.0,0.0,0.0,9406.556955828652,1918.7155661859904,2.4495732014181617,10.472762163019857,546.1809815583777,235.9501840332192,0.0,0.0,1.8011335493542904,0.0,0.0,0.0,0.0,0.0,0.0,0.0,0.0,0.0,0.0,0.0,0.0,0.0,0.0,4.3694478524670215,0.0,0.0,0.0,-0.0,0.0,0.0,-0.0,0.0,0.0,-0.0,225.90045397254505,131.08343557401065,-19.26785553007232,0.0,0.0,0.0,4.3694478524670215,0.0,0.0,0.0,0.0,0.0,0.0,0.0,0.0,0.0,4.3694478524670215,0.0,0.0,-2.4492935982947064e-16,1.0,0.0,1.0,-0.0,0.0,0.0,0.0,-0.0,0.0,0.0,0.0,-0.0,0.0,0.0,0.0,0.0,0.0,0.0,0.0,-0.0,0.0,0.0,0.0,-0.0,2152.80220143093,2.396815917394885,439.1208296724882,0.5606139,-4.409677419354838,0.0,1.0,0.0,0.0,0.0,0.0,0.0,7.190447752184655,1.6818417,0.0,0.0,0.0,4.3694478524670215,493.9,136.0,169.0,67.0,9.105376344086022,0.4773476702508962,1063269.0072867365,363823.5720418272,2.1847239262335107,4.3694478524670215,0.0,0.0,0.0,0.3644810807284824,0.0,4.3694478524670215,157.0
-5.390322580645161,-0.9451612903225808,-9.98709677419355,57.6,13.958064516129031,30.11290322580645,69.96774193548387,30,0.0,31.25483870967742,17,1.0,0.0,0.6931471805599453,0.0,3.6635616461296463,3.6635616461296463,1.3701431492843312,0.0,0.6931471805599453,0.0,39.0,2.0,0,0,0,0,0,0,0,0,0,0,0,0,0,0,0,0,0,0,0,0,0,0,0,0.0,53,0,0,FED,BLM,3,Other Conservation Area,Fee,National Public Lands,OPEN ACCESS,0,0,1,0,0,1,1,0,0,0,1,0,0,3,0,2.396815917394885,439.1208296724882,0.5606139,125,23,17,54,0.0,6.705495259549917,20.529091934406047,2152.80220143093,131.17260880903763,0.412210789593783,0.979048758745193,0.4999999999999999,0.8660254037844387,1,0,0,0,0,0.0,2.041933744389669,3.069405133729076,0.0,0.0,6.087049302105107,0.0,0.0,1076.4011007154647,1864.3813957622497,0.0,2152.80220143093,0.0,219.5604148362441,380.2897938272743,0.0,1.1984079586974423,2.396815917394885,0.0,0.2803069499999999,0.0,0.0,0.0,0.0,0.0,0.0,-11604.298318035751,64584.06604292789,124001.40680242157,25293.35978913532,-2367.0029238152506,6129.276870944697,-0.0,0.0,-291.0774193548387,7200.0,3750.0,-12.919610961183396,0.0,0.0,0.0,0.0,0.0,0.0,0.0,0.0,0.0,1492.2087762250924,304.3753650126292,0.3885879441677151,1.6613461954634634,86.64339756999316,37.42994775023705,0.0,0.0,0.2857227466033195,0.0,0.0,0.0,0.0,0.0,0.0,0.0,0.0,0.0,7886.923576865824,1608.7462296047568,2.053843582327161,8.780882867800944,457.9452057662058,197.8323288910009,0.0,0.0,1.510159638876601,0.0,0.0,0.0,0.0,0.0,0.0,0.6931471805599453,0.0,0.0,0.0,0.0,0.0,0.0,0.0,3.6635616461296463,0.0,0.0,0.0,-0.0,39.92527760025285,20.79441541679836,-3.736286899082801,0.0,0.0,-0.0,211.0211508170676,109.9068493838894,-19.747779066718188,0.0,0.6931471805599453,0.0,3.6635616461296463,0.0,0.0,0.0,0.6931471805599453,0.0,0.0,0.0,0.0,0.0,3.6635616461296463,0.0,0.0,0.4999999999999999,0.8660254037844387,0.0,1.0,0.0,0.0,0.0,0.0,0.0,0.0,0.0,0.0,0.0,0.0,0.0,0.0,0.0,0.0,0.0,0.0,-0.0,0.0,0.0,0.0,-0.0,2152.80220143093,2.396815917394885,439.1208296724882,0.5606139,-5.390322580645161,0.0,1.0,0.0,0.0,0.0,0.0,0.0,7.190447752184655,1.6818417,0.0,0.6931471805599453,0.0,3.6635616461296463,57.6,143.4,30.0,88.0,0.0,-3.768888888888888,124001.40680242157,64584.06604292789,1.7470841421037908,4.356708826689592,0.0,0.0,0.0,0.3634184444321906,0.0,4.356708826689592,165.0
-5.3500000000000005,-0.1321428571428571,-10.510714285714286,40.2,16.157142857142855,34.28214285714286,52.892857142857146,28,0.0,27.810714285714287,20,1.0,0.0,0.0,0.6931471805599453,2.833213344056216,2.833213344056216,1.3701431492843312,0.0,0.0,0.6931471805599453,17.0,2.0,0,0,0,0,0,0,0,0,0,0,0,0,0,0,0,0,0,0,0,0,0,0,0,0.0,53,0,0,FED,BLM,3,Other Conservation Area,Fee,National Public Lands,OPEN ACCESS,0,0,1,0,0,1,1,0,0,0,1,0,0,3,0,2.396815917394885,439.1208296724882,0.5606139,125,23,17,54,0.0,6.705495259549917,20.529091934406047,2152.80220143093,131.17260880903763,0.412210789593783,0.979048758745193,0.8660254037844386,0.5000000000000001,1,0,0,0,0,0.0,2.041933744389669,3.069405133729076,0.0,0.0,6.087049302105107,0.0,0.0,1864.3813957622488,1076.4011007154652,0.0,2152.80220143093,0.0,380.2897938272743,219.5604148362441,0.0,2.075703472658875,2.396815917394885,0.0,0.4855058791146688,0.0,0.0,0.0,0.0,0.0,0.0,-11517.491777655476,60278.46164006604,86542.64849752339,17652.657352834027,-2349.296438747812,7094.937976565487,-0.0,0.0,-288.90000000000003,5025.0,3500.0,-12.822965158062637,0.0,0.0,0.0,0.0,0.0,0.0,0.0,0.0,0.0,0.0,0.0,0.0,0.0,0.0,0.0,0.0,0.0,0.0,1492.2087762250924,304.3753650126292,0.3885879441677151,1.6613461954634634,86.64339756999316,37.42994775023705,0.0,0.0,0.2857227466033195,6099.347924207709,1244.1229942811303,1.5883387823433972,6.79069084040953,354.151668007027,152.99352057903567,0.0,0.0,1.1678811096410553,0.0,0.0,0.0,0.0,0.0,0.0,0.0,0.0,0.0,0.0,0.6931471805599453,0.0,0.0,0.0,2.833213344056216,0.0,0.0,0.0,-0.0,0.0,0.0,-0.0,27.864516658509803,19.408121055678468,-3.708337415995707,113.8951764310599,79.32997363357406,-15.15769139070076,0.0,0.0,0.6931471805599453,2.833213344056216,0.0,0.0,0.0,0.0,0.0,0.0,0.6931471805599453,0.0,0.0,2.833213344056216,0.0,0.0,0.8660254037844386,0.5000000000000001,0.0,1.0,0.0,0.0,0.0,0.0,0.0,0.0,0.0,0.0,0.0,0.0,0.0,0.0,0.0,0.0,0.0,0.0,-0.0,0.0,0.0,0.0,-0.0,2152.80220143093,2.396815917394885,439.1208296724882,0.5606139,-5.3500000000000005,0.0,1.0,0.0,0.0,0.0,0.0,0.0,7.190447752184655,1.6818417,0.0,0.0,0.6931471805599453,2.833213344056216,97.8,149.5,58.0,88.0,0.0,-5.05,210544.05529994497,124862.52768299394,1.3414850265611884,3.5263605246161616,0.0,0.0,0.0,0.29415425894708225,0.0,3.5263605246161616,131.0
-1.958064516129032,2.403225806451613,-6.912903225806452,72.4,17.03548387096774,38.49032258064516,64.61290322580645,30,0.0,32.21935483870968,22,1.0,0.0,0.0,0.0,1.6094379124341005,1.6094379124341005,1.3701431492843312,0.0,0.0,0.0,4.0,1.0,0,0,0,0,0,0,0,0,0,0,0,0,0,0,0,0,0,0,0,0,0,0,0,0.0,53,0,0,FED,BLM,3,Other Conservation Area,Fee,National Public Lands,OPEN ACCESS,0,0,1,0,0,1,1,0,0,0,1,0,0,3,0,2.396815917394885,439.1208296724882,0.5606139,125,23,17,54,0.0,6.705495259549917,20.529091934406047,2152.80220143093,131.17260880903763,0.412210789593783,0.979048758745193,1.0,6.123233995736766e-17,0,1,0,0,0,0.0,2.041933744389669,3.069405133729076,0.0,0.0,6.087049302105107,0.0,0.0,2152.80220143093,1.318211162589882e-13,0.0,0.0,0.0,439.1208296724882,2.688839592486713e-14,0.0,2.396815917394885,0.0,0.0,0.5606139,0.0,0.0,0.0,0.0,0.0,0.0,-4215.325600866368,64584.06604292789,155862.87938359933,31792.348068288145,-859.8269148748396,7480.635811291645,-0.0,0.0,-105.73548387096773,9050.0,3750.0,-4.693120199544177,0.0,0.0,0.0,0.0,0.0,0.0,0.0,0.0,0.0,0.0,0.0,0.0,0.0,0.0,0.0,0.0,0.0,0.0,0.0,0.0,0.0,0.0,0.0,0.0,0.0,0.0,0.0,3464.801480954532,706.7377114144196,0.9022732648975396,3.8575264065808472,201.17973905426257,86.90964727144143,0.0,0.0,0.6634276726866304,0.0,0.0,0.0,0.0,0.0,0.0,0.0,0.0,0.0,0.0,0.0,0.0,0.0,0.0,1.6094379124341005,0.0,0.0,0.0,-0.0,0.0,0.0,-0.0,0.0,0.0,-0.0,116.52330486022888,48.28313737302302,-3.1513832672499964,0.0,0.0,0.0,1.6094379124341005,0.0,0.0,0.0,0.0,0.0,0.0,0.0,0.0,0.0,1.6094379124341005,0.0,0.0,1.0,6.123233995736766e-17,0.0,0.0,0.0,0.0,0.0,0.0,0.0,0.0,0.0,0.0,0.0,0.0,0.0,0.0,0.0,0.0,0.0,0.0,-0.0,0.0,0.0,0.0,-0.0,2152.80220143093,2.396815917394885,439.1208296724882,0.5606139,-1.958064516129032,0.0,0.0,0.0,0.0,0.0,0.0,0.0,7.190447752184655,1.6818417,0.0,0.0,0.0,1.6094379124341005,170.20000000000002,170.2,88.0,88.0,0.0,-4.232795698924731,366406.9346835443,189446.59372592185,0.8047189562170503,1.6094379124341005,0.0,0.0,0.0,0.13425258510824647,0.0,0.0,152.0
3.31,9.973333333333333,-3.053333333333333,45.4,17.933333333333334,39.64333333333333,41.9,24,0.0,31.826666666666664,27,1.0,0.0,0.0,0.0,2.3978952727983707,2.3978952727983707,1.3701431492843312,0.0,0.0,0.0,10.0,1.0,0,0,0,0,0,0,0,0,0,0,0,0,0,0,0,0,0,0,0,0,0,0,0,0.0,53,0,0,FED,BLM,3,Other Conservation Area,Fee,National Public Lands,OPEN ACCESS,0,0,1,0,0,1,1,0,0,0,1,0,0,3,0,2.396815917394885,439.1208296724882,0.5606139,125,23,17,54,0.0,6.705495259549917,20.529091934406047,2152.80220143093,131.17260880903763,0.412210789593783,0.979048758745193,0.8660254037844387,-0.4999999999999998,0,1,0,0,0,0.0,2.041933744389669,3.069405133729076,0.0,0.0,6.087049302105107,0.0,0.0,1864.3813957622497,-1076.4011007154645,0.0,0.0,0.0,380.2897938272743,-219.560414836244,0.0,2.0757034726588754,0.0,0.0,0.4855058791146689,0.0,0.0,0.0,0.0,0.0,0.0,7125.775286736378,51667.25283434232,97737.21994496422,19936.085667130963,1453.489946215936,7874.900212126621,0.0,0.0,178.74,5675.0,3000.0,7.93346068657707,0.0,0.0,0.0,0.0,0.0,0.0,0.0,0.0,0.0,0.0,0.0,0.0,0.0,0.0,0.0,0.0,0.0,0.0,0.0,0.0,0.0,0.0,0.0,0.0,0.0,0.0,0.0,5162.1942220811525,1052.965761658958,1.3442934206750583,5.747313558089085,299.7369090997963,129.486344731112,0.0,0.0,0.988438303763416,0.0,0.0,0.0,0.0,0.0,0.0,0.0,0.0,0.0,0.0,0.0,0.0,0.0,0.0,2.3978952727983707,0.0,0.0,0.0,0.0,0.0,0.0,0.0,0.0,0.0,0.0,108.86444538504604,57.549486547160896,7.937033352962607,0.0,0.0,0.0,2.3978952727983707,0.0,0.0,0.0,0.0,0.0,0.0,0.0,0.0,0.0,2.3978952727983707,0.0,0.0,0.8660254037844387,-0.4999999999999998,0.0,0.0,0.0,-0.0,0.0,0.0,0.0,-0.0,0.0,0.0,0.0,-0.0,0.0,0.0,0.0,0.0,0.0,0.0,0.0,0.0,0.0,0.0,0.0,2152.80220143093,2.396815917394885,439.1208296724882,0.5606139,3.31,0.0,0.0,0.0,0.0,0.0,0.0,0.0,7.190447752184655,1.6818417,0.0,0.0,0.0,2.3978952727983707,215.6,158.0,112.0,82.0,0.0,-1.3326881720430108,464144.15462850855,241113.8465602641,1.1989476363991851,2.3978952727983707,0.0,0.0,0.0,0.200022403290569,0.0,0.0,401.0
12.287096774193548,19.63225806451613,5.341935483870968,36.0,17.82903225806452,42.18387096774194,47.45161290322581,0,0.0,34.25483870967742,30,1.0,0.0,0.0,0.6931471805599453,2.5649493574615367,2.5649493574615367,1.3701431492843312,0.0,0.0,0.6931471805599453,13.0,2.0,0,0,0,0,0,0,0,0,0,0,0,0,0,0,0,0,0,0,0,0,0,0,0,0.0,53,0,0,FED,BLM,3,Other Conservation Area,Fee,National Public Lands,OPEN ACCESS,0,0,1,0,0,1,1,0,0,0,1,0,0,3,0,2.396815917394885,439.1208296724882,0.5606139,125,23,17,54,0.0,6.705495259549917,20.529091934406047,2152.80220143093,131.17260880903763,0.412210789593783,0.979048758745193,0.4999999999999999,-0.8660254037844387,0,1,0,0,0,0.0,2.041933744389669,3.069405133729076,0.0,0.0,6.087049302105107,0.0,0.0,1076.4011007154647,-1864.3813957622497,0.0,0.0,0.0,219.5604148362441,-380.2897938272743,0.0,1.1984079586974423,0.0,0.0,0.2803069499999999,0.0,0.0,0.0,0.0,0.0,0.0,26451.68898467875,0.0,77500.87925151348,15808.349868209574,5395.520129750024,7829.099437418847,0.0,0.0,663.5032258064516,4500.0,0.0,29.44990912695844,0.0,0.0,0.0,0.0,0.0,0.0,0.0,0.0,0.0,0.0,0.0,0.0,0.0,0.0,0.0,0.0,0.0,0.0,1492.2087762250924,304.3753650126292,0.3885879441677151,1.6613461954634634,86.64339756999316,37.42994775023705,0.0,0.0,0.2857227466033195,5521.828623302045,1126.3226899164256,1.4379462625890065,6.1477114472755945,320.6186696826921,138.50726530292297,0.0,0.0,1.0572997999072864,0.0,0.0,0.0,0.0,0.0,0.0,0.0,0.0,0.0,0.0,0.6931471805599453,0.0,0.0,0.0,2.5649493574615367,0.0,0.0,0.0,0.0,0.0,0.0,0.0,24.95329850015803,0.0,8.516766486299456,92.33817686861532,0.0,31.51578097603546,0.0,0.0,0.6931471805599453,2.5649493574615367,0.0,0.0,0.0,0.0,0.0,0.0,0.6931471805599453,0.0,0.0,2.5649493574615367,0.0,0.0,0.4999999999999999,-0.8660254037844387,0.0,0.0,0.0,-0.0,0.0,0.0,0.0,-0.0,0.0,0.0,0.0,-0.0,0.0,0.0,0.0,0.0,0.0,0.0,0.0,0.0,0.0,0.0,0.0,2152.80220143093,2.396815917394885,439.1208296724882,0.5606139,12.287096774193548,0.0,0.0,0.0,0.0,0.0,0.0,0.0,7.190447752184655,1.6818417,0.0,0.0,0.6931471805599453,2.5649493574615367,251.6,153.8,112.0,54.0,0.0,4.546344086021506,541645.033880022,241113.8465602641,1.2118333160262678,3.258096538021482,0.0,0.0,0.0,0.27177679821154466,0.0,0.0,491.0
16.056666666666665,23.566666666666663,8.503333333333334,46.7,19.17,45.31666666666667,35.766666666666666,0,0.4566666666666665,33.57333333333334,29,1.0,0.0,0.0,0.6931471805599453,2.6390573296152584,2.6390573296152584,1.3701431492843312,0.0,0.0,0.6931471805599453,14.0,2.0,0,0,0,0,0,0,0,0,0,0,0,0,0,0,0,0,0,0,0,0,0,0,0,0.0,53,0,0,FED,BLM,3,Other Conservation Area,Fee,National Public Lands,OPEN ACCESS,0,0,1,0,0,1,1,0,0,0,1,0,0,3,0,2.396815917394885,439.1208296724882,0.5606139,125,23,17,54,0.0,6.705495259549917,20.529091934406047,2152.80220143093,131.17260880903763,0.412210789593783,0.979048758745193,1.2246467991473532e-16,-1.0,0,0,1,0,1,0.0,2.041933744389669,3.069405133729076,0.0,0.0,6.087049302105107,0.0,0.0,2.636422325179764e-13,-2152.80220143093,2152.80220143093,0.0,439.1208296724882,5.377679184973429e-14,-439.1208296724882,2.396815917394885,2.935252941383073e-16,0.0,0.5606139,6.865540181925144e-17,0.0,0.0,0.0,0.0,0.0,0.0,34566.827347642626,0.0,100535.86280682444,20506.9427457052,7050.816788441251,8417.946304821598,0.0,0.0,867.06,5837.5,0.0,38.48487424697053,0.0,0.0,0.0,0.0,0.0,0.0,0.0,0.0,0.0,0.0,0.0,0.0,0.0,0.0,0.0,0.0,0.0,0.0,1492.2087762250924,304.3753650126292,0.3885879441677151,1.6613461954634634,86.64339756999316,37.42994775023705,0.0,0.0,0.2857227466033195,5681.368428898159,1158.8650441339134,1.4794922218791955,6.325334614539491,329.8821662019073,142.50909579922396,0.0,0.0,1.087847905623966,0.0,0.0,0.0,0.0,0.0,0.0,0.0,0.0,0.0,0.0,0.6931471805599453,0.0,0.0,0.0,2.6390573296152584,0.0,0.0,0.0,0.0,0.0,0.0,0.0,32.36997333214945,0.0,11.129633229190851,123.24397729303256,0.0,42.37446385585566,0.0,0.0,0.6931471805599453,2.6390573296152584,0.0,0.0,0.0,0.0,0.0,0.0,0.6931471805599453,0.0,0.0,2.6390573296152584,0.0,0.0,1.2246467991473532e-16,-1.0,1.0,0.0,0.0,-0.0,0.0,0.0,0.0,-0.0,0.0,0.0,0.0,-0.0,0.0,0.0,0.0,0.0,0.0,0.0,0.0,0.0,0.0,0.0,0.0,2152.80220143093,2.396815917394885,439.1208296724882,0.5606139,16.056666666666665,1.0,0.0,0.0,0.0,0.0,0.0,0.0,7.190447752184655,1.6818417,0.0,0.0,0.6931471805599453,2.6390573296152584,298.3,128.1,112.0,24.0,0.4566666666666665,10.55125448028674,642180.8966868464,241113.8465602641,1.247554925778985,3.332204510175204,0.0,0.0,1.0,0.27795857556493136,3.332204510175204,0.0,425.0
23.306451612903224,31.432258064516127,14.12258064516129,7.300000000000001,18.364516129032257,44.50967741935484,22.387096774193548,0,5.306451612903226,35.854838709677416,31,1.0,0.0,0.6931471805599453,0.0,1.6094379124341005,1.6094379124341005,1.3701431492843312,0.0,0.6931471805599453,0.0,5.0,2.0,0,0,0,0,0,0,0,0,0,0,0,0,0,0,0,0,0,0,0,0,0,0,0,0.0,53,0,0,FED,BLM,3,Other Conservation Area,Fee,National Public Lands,OPEN ACCESS,0,0,1,0,0,1,1,0,0,0,1,0,0,3,0,2.396815917394885,439.1208296724882,0.5606139,125,23,17,54,0.0,6.705495259549917,20.529091934406047,2152.80220143093,131.17260880903763,0.412210789593783,0.979048758745193,-0.4999999999999997,-0.8660254037844388,0,0,1,0,1,0.0,2.041933744389669,3.069405133729076,0.0,0.0,6.087049302105107,0.0,0.0,-1076.4011007154645,-1864.38139576225,2152.80220143093,0.0,439.1208296724882,-219.560414836244,-380.2897938272744,2.396815917394885,-1.198407958697442,0.0,0.5606139,-0.2803069499999998,0.0,-0.0,0.0,-0.0,0.0,-0.0,50174.18033980151,0.0,15715.45607044579,3205.5820566091643,10234.348368979763,8064.241559114435,0.0,0.0,1258.548387096774,912.5,0.0,55.86127420380014,0.0,0.0,0.0,0.0,0.0,0.0,0.0,0.0,0.0,1492.2087762250924,304.3753650126292,0.3885879441677151,1.6613461954634634,86.64339756999316,37.42994775023705,0.0,0.0,0.2857227466033195,0.0,0.0,0.0,0.0,0.0,0.0,0.0,0.0,0.0,3464.801480954532,706.7377114144196,0.9022732648975396,3.8575264065808472,201.17973905426257,86.90964727144143,0.0,0.0,0.6634276726866304,0.0,0.0,0.0,0.0,0.0,0.0,0.6931471805599453,0.0,0.0,0.0,0.0,0.0,0.0,0.0,1.6094379124341005,0.0,0.0,0.0,0.0,5.059974418087601,0.0,16.15480122434066,0.0,0.0,0.0,11.748896760768934,0.0,37.51028683011734,0.0,0.6931471805599453,0.0,1.6094379124341005,0.0,0.0,0.0,0.6931471805599453,0.0,0.0,0.0,0.0,0.0,1.6094379124341005,0.0,0.0,-0.4999999999999997,-0.8660254037844388,1.0,0.0,-0.0,-0.0,0.0,0.0,-0.0,-0.0,0.0,0.0,-0.0,-0.0,0.0,0.0,0.0,0.0,0.0,0.0,0.0,0.0,0.0,0.0,0.0,2152.80220143093,2.396815917394885,439.1208296724882,0.5606139,23.306451612903224,1.0,0.0,0.0,0.0,0.0,0.0,0.0,7.190447752184655,1.6818417,0.0,0.6931471805599453,0.0,1.6094379124341005,305.6,90.0,112.0,0.0,5.763118279569892,17.21673835125448,657896.3527572922,241113.8465602641,0.7627295021344586,2.302585092994046,0.0,0.0,1.0,0.19207202637512133,2.302585092994046,0.0,336.0
20.416129032258063,28.30322580645161,12.906451612903227,28.6,17.674193548387095,41.61935483870968,33.25806451612903,0,2.4935483870967747,41.10967741935484,30,1.0,0.0,0.0,0.0,1.3862943611198906,1.3862943611198906,1.3701431492843312,0.0,0.0,0.0,3.0,1.0,0,0,0,0,0,0,0,0,0,0,0,0,0,0,0,0,0,0,0,0,0,0,0,0.0,53,0,0,FED,BLM,3,Other Conservation Area,Fee,National Public Lands,OPEN ACCESS,0,0,1,0,0,1,1,0,0,0,1,0,0,3,0,2.396815917394885,439.1208296724882,0.5606139,125,23,17,54,0.0,6.705495259549917,20.529091934406047,2152.80220143093,131.17260880903763,0.412210789593783,0.979048758745193,-0.8660254037844385,-0.5000000000000004,0,0,1,0,1,0.0,2.041933744389669,3.069405133729076,0.0,0.0,6.087049302105107,0.0,0.0,-1864.3813957622488,-1076.401100715466,2152.80220143093,0.0,439.1208296724882,-380.2897938272742,-219.5604148362443,2.396815917394885,-2.0757034726588746,0.0,0.5606139,-0.4855058791146688,0.0,-0.0,0.0,-0.0,0.0,-0.0,43951.88752534308,0.0,61570.1429609246,12558.855728633163,8965.147519345734,7761.106534759879,0.0,0.0,1102.4709677419353,3575.0,0.0,48.93370303610396,0.0,0.0,0.0,0.0,0.0,0.0,0.0,0.0,0.0,0.0,0.0,0.0,0.0,0.0,0.0,0.0,0.0,0.0,0.0,0.0,0.0,0.0,0.0,0.0,0.0,0.0,0.0,2984.4175524501848,608.7507300252583,0.7771758883354302,3.322692390926927,173.2867951399863,74.8598955004741,0.0,0.0,0.5714454932066391,0.0,0.0,0.0,0.0,0.0,0.0,0.0,0.0,0.0,0.0,0.0,0.0,0.0,0.0,1.3862943611198906,0.0,0.0,0.0,0.0,0.0,0.0,0.0,0.0,0.0,0.0,39.64801872802887,0.0,28.30276455331544,0.0,0.0,0.0,1.3862943611198906,0.0,0.0,0.0,0.0,0.0,0.0,0.0,0.0,0.0,1.3862943611198906,0.0,0.0,-0.8660254037844385,-0.5000000000000004,1.0,0.0,-0.0,-0.0,0.0,0.0,-0.0,-0.0,0.0,0.0,-0.0,-0.0,0.0,0.0,0.0,0.0,0.0,0.0,0.0,0.0,0.0,0.0,0.0,2152.80220143093,2.396815917394885,439.1208296724882,0.5606139,20.416129032258063,1.0,0.0,0.0,0.0,0.0,0.0,0.0,7.190447752184655,1.6818417,0.0,0.0,0.0,1.3862943611198906,334.20000000000005,82.60000000000001,112.0,0.0,8.256666666666668,19.92641577060932,719466.4957182169,241113.8465602641,0.6931471805599453,1.3862943611198906,0.0,0.0,1.0,0.1156388825337497,1.3862943611198906,0.0,421.0
15.616666666666667,23.7,8.27,26.4,16.993333333333332,40.35333333333333,29.966666666666665,0,0.2233333333333333,36.86666666666667,30,1.0,0.0,0.0,0.0,1.3862943611198906,1.3862943611198906,1.3701431492843312,0.0,0.0,0.0,3.0,1.0,0,0,0,0,0,0,0,0,0,0,0,0,0,0,0,0,0,0,0,0,0,0,0,0.0,53,0,0,FED,BLM,3,Other Conservation Area,Fee,National Public Lands,OPEN ACCESS,0,0,1,0,0,1,1,0,0,0,1,0,0,3,0,2.396815917394885,439.1208296724882,0.5606139,125,23,17,54,0.0,6.705495259549917,20.529091934406047,2152.80220143093,131.17260880903763,0.412210789593783,0.979048758745193,-1.0,-1.8369701987210292e-16,0,0,0,1,0,0.0,2.041933744389669,3.069405133729076,0.0,0.0,6.087049302105107,0.0,0.0,-2152.80220143093,-3.9546334877696457e-13,0.0,0.0,0.0,-439.1208296724882,-8.06651877746014e-14,0.0,-2.396815917394885,0.0,0.0,-0.5606139,0.0,-0.0,0.0,-0.0,0.0,-0.0,33619.594379013026,0.0,56833.97811777655,11592.789903353689,6857.603623385357,7462.126632234482,0.0,0.0,843.3000000000001,3300.0,0.0,37.43027524331679,0.0,0.0,0.0,0.0,0.0,0.0,0.0,0.0,0.0,0.0,0.0,0.0,0.0,0.0,0.0,0.0,0.0,0.0,0.0,0.0,0.0,0.0,0.0,0.0,0.0,0.0,0.0,2984.4175524501848,608.7507300252583,0.7771758883354302,3.322692390926927,173.2867951399863,74.8598955004741,0.0,0.0,0.5714454932066391,0.0,0.0,0.0,0.0,0.0,0.0,0.0,0.0,0.0,0.0,0.0,0.0,0.0,0.0,1.3862943611198906,0.0,0.0,0.0,0.0,0.0,0.0,0.0,0.0,0.0,0.0,36.59817113356511,0.0,21.64929693948896,0.0,0.0,0.0,1.3862943611198906,0.0,0.0,0.0,0.0,0.0,0.0,0.0,0.0,0.0,1.3862943611198906,0.0,0.0,-1.0,-1.8369701987210292e-16,0.0,0.0,-0.0,-0.0,0.0,0.0,-0.0,-0.0,0.0,0.0,-0.0,-0.0,0.0,0.0,0.0,0.0,0.0,0.0,0.0,0.0,0.0,0.0,0.0,2152.80220143093,2.396815917394885,439.1208296724882,0.5606139,15.616666666666667,0.0,0.0,0.0,0.0,0.0,0.0,0.0,7.190447752184655,1.6818417,0.0,0.0,0.0,1.3862943611198906,360.6,62.3,112.0,0.0,8.48,19.779749103942653,776300.4738359933,241113.8465602641,0.6931471805599453,1.3862943611198906,0.0,0.0,0.0,0.1156388825337497,0.0,0.0,526.5
21.18064516129032,27.46451612903226,15.474193548387095,79.7,13.874193548387098,37.58709677419355,45.483870967741936,0,3.196774193548387,47.37419354838709,29,0.0,0.0,0.0,0.0,0.0,0.0,-0.6298568507156688,-0.0,-0.0,-0.0,0.0,0.0,0,0,0,0,0,0,0,0,0,0,0,0,0,0,0,0,0,0,0,0,0,0,0,0.0,53,0,0,FED,BLM,3,Other Conservation Area,Fee,National Public Lands,OPEN ACCESS,0,0,1,0,0,1,1,0,0,0,1,0,0,3,0,0.0608809023148124,424.9385173310391,0.0,112,44,18,38,0.0,0.1744399817960396,0.0,2200.754385964912,146.42254638671875,1.191909551620483,1.110121587568323,-0.4999999999999997,-0.8660254037844388,0,0,1,0,1,0.0,0.1607914227434717,0.0,0.0,0.0,6.054295010339448,0.0,0.0,-1100.3771929824554,-1905.909205735638,2200.754385964912,0.0,424.9385173310391,-212.46925866551945,-368.0075510551739,0.0608809023148124,-0.0304404511574061,0.0,0.0,-0.0,0.0,-0.0,0.0,-0.0,0.0,-0.0,46613.39773627617,0.0,175400.1245614035,33867.59983128382,9000.471950953557,5895.679235615482,0.0,0.0,804.8645161290323,8926.4,0.0,1.28949678902922,0.0,0.0,0.0,0.0,0.0,0.0,0.0,0.0,0.0,0.0,0.0,0.0,0.0,0.0,0.0,0.0,0.0,0.0,0.0,0.0,0.0,0.0,0.0,0.0,0.0,0.0,0.0,0.0,0.0,0.0,0.0,0.0,0.0,0.0,0.0,0.0,0.0,0.0,0.0,0.0,0.0,0.0,0.0,0.0,0.0,0.0,0.0,0.0,0.0,0.0,0.0,0.0,0.0,0.0,0.0,0.0,0.0,0.0,0.0,0.0,0.0,0.0,0.0,0.0,0.0,0.0,0.0,0.0,0.0,0.0,0.0,0.0,0.0,0.0,0.0,0.0,0.0,0.0,0.0,0.0,-0.4999999999999997,-0.8660254037844388,1.0,0.0,-0.0,-0.0,0.0,0.0,-0.0,-0.0,0.0,0.0,-0.0,-0.0,0.0,0.0,0.0,0.0,0.0,0.0,0.0,0.0,0.0,0.0,0.0,2200.754385964912,0.0608809023148124,424.9385173310391,0.0,21.18064516129032,1.0,0.0,0.0,0.0,0.0,0.0,0.0,0.1826427069444371,0.0,0.0,0.0,0.0,0.0,79.7,79.7,0.0,0.0,3.196774193548387,21.18064516129032,175400.1245614035,0.0,0.0,0.0,0.0,0.0,1.0,0.0,0.0,0.0,555.0
19.95483870967742,26.14516129032258,14.161290322580646,38.2,15.72258064516129,42.27741935483871,26.096774193548388,0,2.267741935483872,41.406451612903226,31,1.0,0.0,0.0,0.0,1.0986122886681098,1.0986122886681098,-0.6298568507156688,-0.0,-0.0,-0.0,2.0,1.0,0,0,0,0,0,0,0,0,0,0,0,0,0,0,0,0,0,0,0,0,0,0,0,0.0,53,0,0,FED,BLM,3,Other Conservation Area,Fee,National Public Lands,OPEN ACCESS,0,0,1,0,0,1,1,0,0,0,1,0,0,3,0,0.0608809023148124,424.9385173310391,0.0,112,44,18,38,0.0,0.1744399817960396,0.0,2200.754385964912,146.42254638671875,1.191909551620483,1.110121587568323,-0.8660254037844385,-0.5000000000000004,0,0,1,0,1,0.0,0.1607914227434717,0.0,0.0,0.0,6.054295010339448,0.0,0.0,-1905.909205735637,-1100.377192982457,2200.754385964912,0.0,424.9385173310391,-368.0075510551738,-212.46925866551976,0.0608809023148124,-0.0527244080099463,0.0,0.0,-0.0,0.0,-0.0,0.0,-0.0,0.0,-0.0,43915.69881154499,0.0,84068.81754385965,16232.651362045695,8479.57957487035,6681.130107972531,0.0,0.0,758.283870967742,4278.400000000001,0.0,1.214868586191708,0.0,0.0,0.0,0.0,0.0,0.0,0.0,0.0,0.0,0.0,0.0,0.0,0.0,0.0,0.0,0.0,0.0,0.0,0.0,0.0,0.0,0.0,0.0,0.0,0.0,0.0,0.0,2417.775812761293,466.84267706828615,0.0,0.0668845074282556,123.04457633082828,41.74726696938817,0.0,0.0,1.3094464803911594,0.0,0.0,0.0,0.0,0.0,0.0,0.0,0.0,0.0,0.0,0.0,0.0,0.0,0.0,1.0986122886681098,0.0,0.0,0.0,0.0,0.0,0.0,0.0,0.0,0.0,0.0,41.9669894271218,0.0,21.922631024841703,0.0,0.0,0.0,1.0986122886681098,0.0,0.0,0.0,0.0,0.0,0.0,0.0,0.0,0.0,1.0986122886681098,0.0,0.0,-0.8660254037844385,-0.5000000000000004,1.0,0.0,-0.0,-0.0,0.0,0.0,-0.0,-0.0,0.0,0.0,-0.0,-0.0,0.0,0.0,0.0,0.0,0.0,0.0,0.0,0.0,0.0,0.0,0.0,2200.754385964912,0.0608809023148124,424.9385173310391,0.0,19.95483870967742,1.0,0.0,0.0,0.0,0.0,0.0,0.0,0.1826427069444371,0.0,0.0,0.0,0.0,1.0986122886681098,117.9,117.9,0.0,0.0,5.464516129032259,20.56774193548388,259468.94210526315,0.0,0.5493061443340549,1.0986122886681098,0.0,0.0,1.0,0.5325901802795495,1.0986122886681098,0.0,498.0
16.746666666666666,22.86,11.283333333333331,64.0,14.026666666666667,39.193333333333335,26.7,0,0.6866666666666666,40.23,27,1.0,0.0,0.0,0.0,0.6931471805599453,0.6931471805599453,-0.6298568507156688,-0.0,-0.0,-0.0,1.0,1.0,0,0,0,0,0,0,0,0,0,0,0,0,0,0,0,0,0,0,0,0,0,0,0,0.0,53,0,0,FED,BLM,3,Other Conservation Area,Fee,National Public Lands,OPEN ACCESS,0,0,1,0,0,1,1,0,0,0,1,0,0,3,0,0.0608809023148124,424.9385173310391,0.0,112,44,18,38,0.0,0.1744399817960396,0.0,2200.754385964912,146.42254638671875,1.191909551620483,1.110121587568323,-1.0,-1.8369701987210292e-16,0,0,0,1,0,0.0,0.1607914227434717,0.0,0.0,0.0,6.054295010339448,0.0,0.0,-2200.754385964912,-4.042720221722142e-13,0.0,0.0,0.0,-424.9385173310391,-7.805993926258187e-14,0.0,-0.0608809023148124,0.0,0.0,-0.0,0.0,-0.0,0.0,-0.0,0.0,-0.0,36855.30011695906,0.0,140848.28070175438,27196.065109186504,7116.303703570468,5960.4709364300425,0.0,0.0,636.3733333333333,7168.0,0.0,1.0195521774320582,0.0,0.0,0.0,0.0,0.0,0.0,0.0,0.0,0.0,0.0,0.0,0.0,0.0,0.0,0.0,0.0,0.0,0.0,0.0,0.0,0.0,0.0,0.0,0.0,0.0,0.0,0.0,1525.4466977365123,294.5449351993332,0.0,0.0421994257894576,77.63248422271387,26.33959286127792,0.0,0.0,0.8261687451882064,0.0,0.0,0.0,0.0,0.0,0.0,0.0,0.0,0.0,0.0,0.0,0.0,0.0,0.0,0.6931471805599453,0.0,0.0,0.0,0.0,0.0,0.0,0.0,0.0,0.0,0.0,44.3614195558365,0.0,11.607904783777215,0.0,0.0,0.0,0.6931471805599453,0.0,0.0,0.0,0.0,0.0,0.0,0.0,0.0,0.0,0.6931471805599453,0.0,0.0,-1.0,-1.8369701987210292e-16,0.0,0.0,-0.0,-0.0,0.0,0.0,-0.0,-0.0,0.0,0.0,-0.0,-0.0,0.0,0.0,0.0,0.0,0.0,0.0,0.0,0.0,0.0,0.0,0.0,2200.754385964912,0.0608809023148124,424.9385173310391,0.0,16.746666666666666,0.0,0.0,0.0,0.0,0.0,0.0,0.0,0.1826427069444371,0.0,0.0,0.0,0.0,0.6931471805599453,181.9,181.9,0.0,0.0,6.151182795698926,19.29405017921147,400317.2228070176,0.0,0.3465735902799726,0.6931471805599453,0.0,0.0,0.0,0.3360269911983542,0.0,0.0,451.3043478
7.048387096774194,12.906451612903227,1.806451612903225,53.6,15.441935483870967,40.78064516129032,44.87096774193548,11,0.0,38.11290322580645,26,1.0,0.0,0.0,0.0,0.0,0.0,-0.6298568507156688,-0.0,-0.0,-0.0,0.0,0.0,0,0,0,0,0,0,0,0,0,0,0,0,0,0,0,0,0,0,0,0,0,0,0,0.0,53,0,0,FED,BLM,3,Other Conservation Area,Fee,National Public Lands,OPEN ACCESS,0,0,1,0,0,1,1,0,0,0,1,0,0,3,0,0.0608809023148124,424.9385173310391,0.0,112,44,18,38,0.0,0.1744399817960396,0.0,2200.754385964912,146.42254638671875,1.191909551620483,1.110121587568323,-0.8660254037844386,0.5000000000000001,0,0,0,1,0,0.0,0.1607914227434717,0.0,0.0,0.0,6.054295010339448,0.0,0.0,-1905.9092057356368,1100.3771929824563,0.0,0.0,0.0,-368.0075510551738,212.4692586655196,0.0,-0.0527244080099463,0.0,0.0,-0.0,0.0,-0.0,0.0,-0.0,0.0,-0.0,15511.768817204302,24208.298245614034,117960.43508771928,22776.704528943697,2995.131162478453,6561.873169237691,0.0,0.0,267.8387096774194,6003.2,1232.0,0.4291121663156939,0.0,0.0,0.0,0.0,0.0,0.0,0.0,0.0,0.0,0.0,0.0,0.0,0.0,0.0,0.0,0.0,0.0,0.0,0.0,0.0,0.0,0.0,0.0,0.0,0.0,0.0,0.0,0.0,0.0,0.0,0.0,0.0,0.0,0.0,0.0,0.0,0.0,0.0,0.0,0.0,0.0,0.0,0.0,0.0,0.0,0.0,0.0,0.0,0.0,0.0,0.0,0.0,0.0,0.0,0.0,0.0,0.0,0.0,0.0,0.0,0.0,0.0,0.0,0.0,0.0,0.0,0.0,0.0,0.0,0.0,0.0,0.0,0.0,0.0,0.0,0.0,0.0,0.0,0.0,0.0,-0.8660254037844386,0.5000000000000001,0.0,0.0,-0.0,0.0,0.0,0.0,-0.0,0.0,0.0,0.0,-0.0,0.0,0.0,0.0,0.0,0.0,0.0,0.0,0.0,0.0,0.0,0.0,0.0,2200.754385964912,0.0608809023148124,424.9385173310391,0.0,7.048387096774194,0.0,0.0,0.0,0.0,0.0,0.0,0.0,0.1826427069444371,0.0,0.0,0.0,0.0,0.0,235.5,155.8,11.0,11.0,6.151182795698926,14.583297491039426,518277.65789473685,24208.298245614034,0.0,0.0,0.0,0.0,0.0,0.0,0.0,0.0,377.0
5.626666666666667,11.42,1.12,13.1,13.413333333333332,34.34666666666667,37.266666666666666,10,0.0,30.793333333333333,24,1.0,0.0,0.0,0.0,0.0,0.0,-0.6298568507156688,-0.0,-0.0,-0.0,0.0,0.0,0,0,0,0,0,0,0,0,0,0,0,0,0,0,0,0,0,0,0,0,0,0,0,0.0,53,0,0,FED,BLM,3,Other Conservation Area,Fee,National Public Lands,OPEN ACCESS,0,0,1,0,0,1,1,0,0,0,1,0,0,3,0,0.0608809023148124,424.9385173310391,0.0,112,44,18,38,0.0,0.1744399817960396,0.0,2200.754385964912,146.42254638671875,1.191909551620483,1.110121587568323,-0.5000000000000004,0.8660254037844384,0,0,0,1,0,0.0,0.1607914227434717,0.0,0.0,0.0,6.054295010339448,0.0,0.0,-1100.377192982457,1905.9092057356368,0.0,0.0,0.0,-212.46925866551976,368.00755105517374,0.0,-0.0304404511574062,0.0,0.0,-0.0,0.0,-0.0,0.0,-0.0,0.0,-0.0,12382.91134502924,22007.54385964912,28829.88245614035,5566.694577036612,2390.9873908493137,5699.841979133671,0.0,0.0,213.81333333333333,1467.2,1120.0,0.3425565436913445,0.0,0.0,0.0,0.0,0.0,0.0,0.0,0.0,0.0,0.0,0.0,0.0,0.0,0.0,0.0,0.0,0.0,0.0,0.0,0.0,0.0,0.0,0.0,0.0,0.0,0.0,0.0,0.0,0.0,0.0,0.0,0.0,0.0,0.0,0.0,0.0,0.0,0.0,0.0,0.0,0.0,0.0,0.0,0.0,0.0,0.0,0.0,0.0,0.0,0.0,0.0,0.0,0.0,0.0,0.0,0.0,0.0,0.0,0.0,0.0,0.0,0.0,0.0,0.0,0.0,0.0,0.0,0.0,0.0,0.0,0.0,0.0,0.0,0.0,0.0,0.0,0.0,0.0,0.0,0.0,-0.5000000000000004,0.8660254037844384,0.0,0.0,-0.0,0.0,0.0,0.0,-0.0,0.0,0.0,0.0,-0.0,0.0,0.0,0.0,0.0,0.0,0.0,0.0,0.0,0.0,0.0,0.0,0.0,2200.754385964912,0.0608809023148124,424.9385173310391,0.0,5.626666666666667,0.0,0.0,0.0,0.0,0.0,0.0,0.0,0.1826427069444371,0.0,0.0,0.0,0.0,0.0,248.6,130.7,21.0,21.0,6.151182795698926,9.807240143369176,547107.5403508772,46215.84210526316,0.0,0.0,0.0,0.0,0.0,0.0,0.0,0.0,242.0
-0.6000000000000001,3.819354838709677,-4.564516129032258,91.1,18.80967741935484,46.95806451612904,58.2258064516129,21,0.0,32.1258064516129,16,1.0,0.0,0.0,0.0,0.0,0.0,-0.6298568507156688,-0.0,-0.0,-0.0,0.0,0.0,0,0,0,0,0,0,0,0,0,0,0,0,0,0,0,0,0,0,0,0,0,0,0,0.0,53,0,0,FED,BLM,3,Other Conservation Area,Fee,National Public Lands,OPEN ACCESS,0,0,1,0,0,1,1,0,0,0,1,0,0,3,0,0.0608809023148124,424.9385173310391,0.0,112,44,18,38,0.0,0.1744399817960396,0.0,2200.754385964912,146.42254638671875,1.191909551620483,1.110121587568323,-2.4492935982947064e-16,1.0,1,0,0,0,0,0.0,0.1607914227434717,0.0,0.0,0.0,6.054295010339448,0.0,0.0,-5.390293628962859e-13,2200.754385964912,0.0,2200.754385964912,0.0,-1.0407991901677585e-13,424.9385173310391,0.0,-1.4911520429807538e-17,0.0608809023148124,0.0,-0.0,0.0,-0.0,0.0,-0.0,0.0,-0.0,-1320.4526315789476,46215.84210526316,200488.72456140348,38711.89892885766,-254.9631103986235,7992.956434055773,-0.0,0.0,-22.800000000000004,10203.2,2352.0,-0.0365285413888874,0.0,0.0,0.0,0.0,0.0,0.0,0.0,0.0,0.0,0.0,0.0,0.0,0.0,0.0,0.0,0.0,0.0,0.0,0.0,0.0,0.0,0.0,0.0,0.0,0.0,0.0,0.0,0.0,0.0,0.0,0.0,0.0,0.0,0.0,0.0,0.0,0.0,0.0,0.0,0.0,0.0,0.0,0.0,0.0,0.0,0.0,0.0,0.0,0.0,0.0,0.0,0.0,0.0,0.0,-0.0,0.0,0.0,-0.0,0.0,0.0,-0.0,0.0,0.0,-0.0,0.0,0.0,0.0,0.0,0.0,0.0,0.0,0.0,0.0,0.0,0.0,0.0,0.0,0.0,0.0,0.0,-2.4492935982947064e-16,1.0,0.0,1.0,-0.0,0.0,0.0,0.0,-0.0,0.0,0.0,0.0,-0.0,0.0,0.0,0.0,0.0,0.0,0.0,0.0,-0.0,0.0,0.0,0.0,-0.0,2200.754385964912,0.0608809023148124,424.9385173310391,0.0,-0.6000000000000001,0.0,1.0,0.0,0.0,0.0,0.0,0.0,0.1826427069444371,0.0,0.0,0.0,0.0,0.0,339.7,157.8,42.0,42.0,6.151182795698926,4.0250179211469534,747596.2649122806,92431.68421052632,0.0,0.0,0.0,0.0,0.0,0.0,0.0,0.0,103.0
-2.629032258064516,3.148387096774193,-8.083870967741936,14.1,12.412903225806453,29.641935483870967,35.58064516129032,31,0.0,26.661290322580644,24,1.0,0.0,0.0,0.6931471805599453,0.0,0.0,0.3701431492843312,0.0,0.0,0.0,1.0,1.0,0,0,0,0,0,0,0,0,0,0,0,0,0,0,0,0,0,0,0,0,0,0,0,0.0,53,0,0,FED,BLM,3,Other Conservation Area,Fee,National Public Lands,OPEN ACCESS,0,0,1,0,0,1,1,0,0,0,1,0,0,3,0,0.0608809023148124,424.9385173310391,0.0,112,44,18,38,0.0,0.1744399817960396,0.0,2200.754385964912,146.42254638671875,1.191909551620483,1.110121587568323,0.4999999999999999,0.8660254037844387,1,0,0,0,0,0.0,0.1607914227434717,0.0,0.0,0.0,6.054295010339448,0.0,0.0,1100.377192982456,1905.9092057356377,0.0,2200.754385964912,0.0,212.4692586655196,368.00755105517385,0.0,0.0304404511574061,0.0608809023148124,0.0,0.0,0.0,0.0,0.0,0.0,0.0,0.0,-5785.854272778721,68223.38596491228,31030.63684210526,5991.633094367651,-1117.1770697574093,5274.720692547867,-0.0,0.0,-99.90322580645162,1579.2,3472.0,-0.1600578560857164,0.0,0.0,0.0,0.0,0.0,0.0,0.0,0.0,0.0,0.0,0.0,0.0,0.0,0.0,0.0,0.0,0.0,0.0,1525.4466977365123,294.5449351993332,0.0,0.0421994257894576,77.63248422271387,26.33959286127792,0.0,0.0,0.8261687451882064,0.0,0.0,0.0,0.0,0.0,0.0,0.0,0.0,0.0,0.0,0.0,0.0,0.0,0.0,0.0,0.0,0.0,0.0,0.0,0.6931471805599453,0.0,0.0,0.0,0.0,0.0,0.0,0.0,-0.0,0.0,0.0,-0.0,9.773375245895227,21.487562597358306,-1.8223062972785653,0.0,0.0,-0.0,0.0,0.0,0.6931471805599453,0.0,0.0,0.0,0.0,0.0,0.0,0.0,0.6931471805599453,0.0,0.0,0.0,0.0,0.0,0.4999999999999999,0.8660254037844387,0.0,1.0,0.0,0.0,0.0,0.0,0.0,0.0,0.0,0.0,0.0,0.0,0.0,0.0,0.0,0.0,0.0,0.0,-0.0,0.0,0.0,0.0,-0.0,2200.754385964912,0.0608809023148124,424.9385173310391,0.0,-2.629032258064516,0.0,1.0,0.0,0.0,0.0,0.0,0.0,0.1826427069444371,0.0,0.0,0.0,0.6931471805599453,0.0,14.1,118.3,31.0,62.0,0.0,0.7992114695340503,31030.63684210526,68223.38596491228,0.3465735902799726,0.6931471805599453,0.0,0.0,0.0,0.3360269911983542,0.0,0.6931471805599453,4.0
5.010000000000001,10.776666666666667,-0.8366666666666667,23.5,18.82,49.17,46.333333333333336,15,0.0,29.61,27,1.0,0.0,0.0,0.0,0.0,0.0,0.3701431492843312,0.0,0.0,0.0,0.0,0.0,0,0,0,0,0,0,0,0,0,0,0,0,0,0,0,0,0,0,0,0,0,0,0,0.0,53,0,0,FED,BLM,3,Other Conservation Area,Fee,National Public Lands,OPEN ACCESS,0,0,1,0,0,1,1,0,0,0,1,0,0,3,0,0.0608809023148124,424.9385173310391,0.0,112,44,18,38,0.0,0.1744399817960396,0.0,2200.754385964912,146.42254638671875,1.191909551620483,1.110121587568323,0.8660254037844387,-0.4999999999999998,0,1,0,0,0,0.0,0.1607914227434717,0.0,0.0,0.0,6.054295010339448,0.0,0.0,1905.9092057356377,-1100.3771929824557,0.0,0.0,0.0,368.00755105517385,-212.46925866551948,0.0,0.0527244080099463,0.0,0.0,0.0,0.0,0.0,0.0,0.0,0.0,0.0,11025.779473684212,33011.31578947368,51717.72807017544,9986.05515727942,2128.941971828506,7997.342896170157,0.0,0.0,190.38,2632.0,1680.0,0.3050133205972101,0.0,0.0,0.0,0.0,0.0,0.0,0.0,0.0,0.0,0.0,0.0,0.0,0.0,0.0,0.0,0.0,0.0,0.0,0.0,0.0,0.0,0.0,0.0,0.0,0.0,0.0,0.0,0.0,0.0,0.0,0.0,0.0,0.0,0.0,0.0,0.0,0.0,0.0,0.0,0.0,0.0,0.0,0.0,0.0,0.0,0.0,0.0,0.0,0.0,0.0,0.0,0.0,0.0,0.0,0.0,0.0,0.0,0.0,0.0,0.0,0.0,0.0,0.0,0.0,0.0,0.0,0.0,0.0,0.0,0.0,0.0,0.0,0.0,0.0,0.0,0.0,0.0,0.0,0.0,0.0,0.8660254037844387,-0.4999999999999998,0.0,0.0,0.0,-0.0,0.0,0.0,0.0,-0.0,0.0,0.0,0.0,-0.0,0.0,0.0,0.0,0.0,0.0,0.0,0.0,0.0,0.0,0.0,0.0,2200.754385964912,0.0608809023148124,424.9385173310391,0.0,5.010000000000001,0.0,0.0,0.0,0.0,0.0,0.0,0.0,0.1826427069444371,0.0,0.0,0.0,0.0,0.0,138.8,124.70000000000002,99.0,68.0,0.0,0.5247619047619048,305464.70877192984,217874.68421052632,0.0,0.0,0.0,0.0,0.0,0.0,0.0,0.0,158.0
12.119354838709675,18.60322580645161,5.619354838709677,17.5,22.35483870967742,56.46451612903226,48.74193548387097,2,0.0225806451612903,29.716129032258067,31,1.0,0.0,0.0,0.0,0.0,0.0,0.3701431492843312,0.0,0.0,0.0,0.0,0.0,0,0,0,0,0,0,0,0,0,0,0,0,0,0,0,0,0,0,0,0,0,0,0,0.0,53,0,0,FED,BLM,3,Other Conservation Area,Fee,National Public Lands,OPEN ACCESS,0,0,1,0,0,1,1,0,0,0,1,0,0,3,0,0.0608809023148124,424.9385173310391,0.0,112,44,18,38,0.0,0.1744399817960396,0.0,2200.754385964912,146.42254638671875,1.191909551620483,1.110121587568323,0.4999999999999999,-0.8660254037844387,0,1,0,0,0,0.0,0.1607914227434717,0.0,0.0,0.0,6.054295010339448,0.0,0.0,1100.377192982456,-1905.9092057356377,0.0,0.0,0.0,212.4692586655196,-368.00755105517385,0.0,0.0304404511574061,0.0,0.0,0.0,0.0,0.0,0.0,0.0,0.0,0.0,26671.7233163554,4401.508771929824,38513.20175438596,7436.424053293184,5149.980676170045,9499.432016464843,0.0,0.0,460.53548387096765,1960.0,224.0,0.7378372580540328,0.0,0.0,0.0,0.0,0.0,0.0,0.0,0.0,0.0,0.0,0.0,0.0,0.0,0.0,0.0,0.0,0.0,0.0,0.0,0.0,0.0,0.0,0.0,0.0,0.0,0.0,0.0,0.0,0.0,0.0,0.0,0.0,0.0,0.0,0.0,0.0,0.0,0.0,0.0,0.0,0.0,0.0,0.0,0.0,0.0,0.0,0.0,0.0,0.0,0.0,0.0,0.0,0.0,0.0,0.0,0.0,0.0,0.0,0.0,0.0,0.0,0.0,0.0,0.0,0.0,0.0,0.0,0.0,0.0,0.0,0.0,0.0,0.0,0.0,0.0,0.0,0.0,0.0,0.0,0.0,0.4999999999999999,-0.8660254037844387,0.0,0.0,0.0,-0.0,0.0,0.0,0.0,-0.0,0.0,0.0,0.0,-0.0,0.0,0.0,0.0,0.0,0.0,0.0,0.0,0.0,0.0,0.0,0.0,2200.754385964912,0.0608809023148124,424.9385173310391,0.0,12.119354838709675,0.0,0.0,0.0,0.0,0.0,0.0,0.0,0.1826427069444371,0.0,0.0,0.0,0.0,0.0,156.3,94.70000000000002,101.0,42.0,0.0225806451612903,5.843118279569892,343977.9105263158,222276.1929824561,0.0,0.0,0.0,0.0,0.0,0.0,0.0,0.0,560.0
18.80333333333333,25.32333333333333,11.936666666666667,56.6,17.666666666666668,45.68,41.7,0,1.4466666666666663,37.05333333333333,28,1.0,0.0,0.0,0.0,0.0,0.0,0.3701431492843312,0.0,0.0,0.0,0.0,0.0,0,0,0,0,0,0,0,0,0,0,0,0,0,0,0,0,0,0,0,0,0,0,0,0.0,53,0,0,FED,BLM,3,Other Conservation Area,Fee,National Public Lands,OPEN ACCESS,0,0,1,0,0,1,1,0,0,0,1,0,0,3,0,0.0608809023148124,424.9385173310391,0.0,112,44,18,38,0.0,0.1744399817960396,0.0,2200.754385964912,146.42254638671875,1.191909551620483,1.110121587568323,1.2246467991473532e-16,-1.0,0,0,1,0,1,0.0,0.1607914227434717,0.0,0.0,0.0,6.054295010339448,0.0,0.0,2.6951468144814293e-13,-2200.754385964912,2200.754385964912,0.0,424.9385173310391,5.2039959508387916e-14,-424.9385173310391,0.0608809023148124,7.455760214903769e-18,0.0,0.0,0.0,0.0,0.0,0.0,0.0,0.0,0.0,41381.51830409356,0.0,124562.69824561404,24051.52008093681,7990.260587547971,7507.247139515025,0.0,0.0,714.5266666666665,6339.2,0.0,1.1447638998595224,0.0,0.0,0.0,0.0,0.0,0.0,0.0,0.0,0.0,0.0,0.0,0.0,0.0,0.0,0.0,0.0,0.0,0.0,0.0,0.0,0.0,0.0,0.0,0.0,0.0,0.0,0.0,0.0,0.0,0.0,0.0,0.0,0.0,0.0,0.0,0.0,0.0,0.0,0.0,0.0,0.0,0.0,0.0,0.0,0.0,0.0,0.0,0.0,0.0,0.0,0.0,0.0,0.0,0.0,0.0,0.0,0.0,0.0,0.0,0.0,0.0,0.0,0.0,0.0,0.0,0.0,0.0,0.0,0.0,0.0,0.0,0.0,0.0,0.0,0.0,0.0,0.0,0.0,0.0,0.0,1.2246467991473532e-16,-1.0,1.0,0.0,0.0,-0.0,0.0,0.0,0.0,-0.0,0.0,0.0,0.0,-0.0,0.0,0.0,0.0,0.0,0.0,0.0,0.0,0.0,0.0,0.0,0.0,2200.754385964912,0.0608809023148124,424.9385173310391,0.0,18.80333333333333,1.0,0.0,0.0,0.0,0.0,0.0,0.0,0.1826427069444371,0.0,0.0,0.0,0.0,0.0,212.9,97.6,101.0,17.0,1.4692473118279563,11.977562724014335,468540.6087719298,222276.1929824561,0.0,0.0,0.0,0.0,1.0,0.0,0.0,0.0,849.0
20.661290322580644,26.758064516129032,15.59032258064516,142.2,14.696774193548388,37.79354838709677,50.87096774193548,0,2.796774193548387,47.403225806451616,30,1.0,0.0,0.0,0.0,0.0,0.0,0.3701431492843312,0.0,0.0,0.0,0.0,0.0,0,0,0,0,0,0,0,0,0,0,0,0,0,0,0,0,0,0,0,0,0,0,0,0.0,53,0,0,FED,BLM,3,Other Conservation Area,Fee,National Public Lands,OPEN ACCESS,0,0,1,0,0,1,1,0,0,0,1,0,0,3,0,0.0608809023148124,424.9385173310391,0.0,112,44,18,38,0.0,0.1744399817960396,0.0,2200.754385964912,146.42254638671875,1.191909551620483,1.110121587568323,-0.4999999999999997,-0.8660254037844388,0,0,1,0,1,0.0,0.1607914227434717,0.0,0.0,0.0,6.054295010339448,0.0,0.0,-1100.3771929824554,-1905.909205735638,2200.754385964912,0.0,424.9385173310391,-212.46925866551945,-368.0075510551739,0.0608809023148124,-0.0304404511574061,0.0,0.0,-0.0,0.0,-0.0,0.0,-0.0,0.0,-0.0,45470.42529711375,0.0,312947.2736842105,60426.25716447376,8779.778075823566,6245.22543535553,0.0,0.0,785.1290322580645,15926.399999999998,0.0,1.257877997827011,0.0,0.0,0.0,0.0,0.0,0.0,0.0,0.0,0.0,0.0,0.0,0.0,0.0,0.0,0.0,0.0,0.0,0.0,0.0,0.0,0.0,0.0,0.0,0.0,0.0,0.0,0.0,0.0,0.0,0.0,0.0,0.0,0.0,0.0,0.0,0.0,0.0,0.0,0.0,0.0,0.0,0.0,0.0,0.0,0.0,0.0,0.0,0.0,0.0,0.0,0.0,0.0,0.0,0.0,0.0,0.0,0.0,0.0,0.0,0.0,0.0,0.0,0.0,0.0,0.0,0.0,0.0,0.0,0.0,0.0,0.0,0.0,0.0,0.0,0.0,0.0,0.0,0.0,0.0,0.0,-0.4999999999999997,-0.8660254037844388,1.0,0.0,-0.0,-0.0,0.0,0.0,-0.0,-0.0,0.0,0.0,-0.0,-0.0,0.0,0.0,0.0,0.0,0.0,0.0,0.0,0.0,0.0,0.0,0.0,2200.754385964912,0.0608809023148124,424.9385173310391,0.0,20.661290322580644,1.0,0.0,0.0,0.0,0.0,0.0,0.0,0.1826427069444371,0.0,0.0,0.0,0.0,0.0,355.1,216.3,101.0,2.0,4.266021505376344,17.194659498207884,781487.8824561404,222276.1929824561,0.0,0.0,0.0,0.0,1.0,0.0,0.0,0.0,543.0
19.25483870967742,25.038709677419355,14.28064516129032,93.4,12.896774193548389,34.45161290322581,42.87096774193548,0,1.6451612903225807,47.9483870967742,31,1.0,0.0,0.0,0.0,0.0,0.0,0.3701431492843312,0.0,0.0,0.0,0.0,0.0,0,0,0,0,0,0,0,0,0,0,0,0,0,0,0,0,0,0,0,0,0,0,0,0.0,53,0,0,FED,BLM,3,Other Conservation Area,Fee,National Public Lands,OPEN ACCESS,0,0,1,0,0,1,1,0,0,0,1,0,0,3,0,0.0608809023148124,424.9385173310391,0.0,112,44,18,38,0.0,0.1744399817960396,0.0,2200.754385964912,146.42254638671875,1.191909551620483,1.110121587568323,-0.8660254037844385,-0.5000000000000004,0,0,1,0,1,0.0,0.1607914227434717,0.0,0.0,0.0,6.054295010339448,0.0,0.0,-1905.909205735637,-1100.377192982457,2200.754385964912,0.0,424.9385173310391,-368.0075510551738,-212.46925866551976,0.0608809023148124,-0.0527244080099463,0.0,0.0,-0.0,0.0,-0.0,0.0,-0.0,0.0,-0.0,42375.17074136955,0.0,205550.4596491228,39689.25751871906,8182.122612738621,5480.33610415966,0.0,0.0,731.6838709677419,10460.8,0.0,1.1722519545713392,0.0,0.0,0.0,0.0,0.0,0.0,0.0,0.0,0.0,0.0,0.0,0.0,0.0,0.0,0.0,0.0,0.0,0.0,0.0,0.0,0.0,0.0,0.0,0.0,0.0,0.0,0.0,0.0,0.0,0.0,0.0,0.0,0.0,0.0,0.0,0.0,0.0,0.0,0.0,0.0,0.0,0.0,0.0,0.0,0.0,0.0,0.0,0.0,0.0,0.0,0.0,0.0,0.0,0.0,0.0,0.0,0.0,0.0,0.0,0.0,0.0,0.0,0.0,0.0,0.0,0.0,0.0,0.0,0.0,0.0,0.0,0.0,0.0,0.0,0.0,0.0,0.0,0.0,0.0,0.0,-0.8660254037844385,-0.5000000000000004,1.0,0.0,-0.0,-0.0,0.0,0.0,-0.0,-0.0,0.0,0.0,-0.0,-0.0,0.0,0.0,0.0,0.0,0.0,0.0,0.0,0.0,0.0,0.0,0.0,2200.754385964912,0.0608809023148124,424.9385173310391,0.0,19.25483870967742,1.0,0.0,0.0,0.0,0.0,0.0,0.0,0.1826427069444371,0.0,0.0,0.0,0.0,0.0,448.5,292.2,101.0,0.0,5.911182795698925,19.5731541218638,987038.3421052631,222276.1929824561,0.0,0.0,0.0,0.0,1.0,0.0,0.0,0.0,521.0
17.5,23.526666666666664,12.543333333333331,62.8,15.023333333333332,38.763333333333335,34.86666666666667,0,1.2166666666666666,41.21666666666667,27,1.0,0.0,0.0,0.0,0.0,0.0,0.3701431492843312,0.0,0.0,0.0,0.0,0.0,0,0,0,0,0,0,0,0,0,0,0,0,0,0,0,0,0,0,0,0,0,0,0,0.0,53,0,0,FED,BLM,3,Other Conservation Area,Fee,National Public Lands,OPEN ACCESS,0,0,1,0,0,1,1,0,0,0,1,0,0,3,0,0.0608809023148124,424.9385173310391,0.0,112,44,18,38,0.0,0.1744399817960396,0.0,2200.754385964912,146.42254638671875,1.191909551620483,1.110121587568323,-1.0,-1.8369701987210292e-16,0,0,0,1,0,0.0,0.1607914227434717,0.0,0.0,0.0,6.054295010339448,0.0,0.0,-2200.754385964912,-4.042720221722142e-13,0.0,0.0,0.0,-424.9385173310391,-7.805993926258187e-14,0.0,-0.0608809023148124,0.0,0.0,-0.0,0.0,-0.0,0.0,-0.0,0.0,-0.0,38513.20175438596,0.0,138207.37543859647,26686.13888838925,7436.424053293184,6383.992992036644,0.0,0.0,665.0,7033.599999999999,0.0,1.065415790509217,0.0,0.0,0.0,0.0,0.0,0.0,0.0,0.0,0.0,0.0,0.0,0.0,0.0,0.0,0.0,0.0,0.0,0.0,0.0,0.0,0.0,0.0,0.0,0.0,0.0,0.0,0.0,0.0,0.0,0.0,0.0,0.0,0.0,0.0,0.0,0.0,0.0,0.0,0.0,0.0,0.0,0.0,0.0,0.0,0.0,0.0,0.0,0.0,0.0,0.0,0.0,0.0,0.0,0.0,0.0,0.0,0.0,0.0,0.0,0.0,0.0,0.0,0.0,0.0,0.0,0.0,0.0,0.0,0.0,0.0,0.0,0.0,0.0,0.0,0.0,0.0,0.0,0.0,0.0,0.0,-1.0,-1.8369701987210292e-16,0.0,0.0,-0.0,-0.0,0.0,0.0,-0.0,-0.0,0.0,0.0,-0.0,-0.0,0.0,0.0,0.0,0.0,0.0,0.0,0.0,0.0,0.0,0.0,0.0,2200.754385964912,0.0608809023148124,424.9385173310391,0.0,17.5,0.0,0.0,0.0,0.0,0.0,0.0,0.0,0.1826427069444371,0.0,0.0,0.0,0.0,0.0,511.3,298.4,101.0,0.0,7.127849462365591,19.13870967741936,1125245.7175438595,222276.1929824561,0.0,0.0,0.0,0.0,0.0,0.0,0.0,0.0,549.5454545
7.6,13.638709677419357,2.193548387096774,42.7,13.687096774193549,35.770967741935486,28.193548387096776,9,0.0,37.309677419354834,28,1.0,0.0,0.0,0.0,0.0,0.0,0.3701431492843312,0.0,0.0,0.0,0.0,0.0,0,0,0,0,0,0,0,0,0,0,0,0,0,0,0,0,0,0,0,0,0,0,0,0.0,53,0,0,FED,BLM,3,Other Conservation Area,Fee,National Public Lands,OPEN ACCESS,0,0,1,0,0,1,1,0,0,0,1,0,0,3,0,0.0608809023148124,424.9385173310391,0.0,112,44,18,38,0.0,0.1744399817960396,0.0,2200.754385964912,146.42254638671875,1.191909551620483,1.110121587568323,-0.8660254037844386,0.5000000000000001,0,0,0,1,0,0.0,0.1607914227434717,0.0,0.0,0.0,6.054295010339448,0.0,0.0,-1905.9092057356368,1100.3771929824563,0.0,0.0,0.0,-368.0075510551738,212.4692586655196,0.0,-0.0527244080099463,0.0,0.0,-0.0,0.0,-0.0,0.0,-0.0,0.0,-0.0,16725.733333333334,19806.78947368421,93972.21228070176,18144.874690035373,3229.532731715897,5816.174609792255,0.0,0.0,288.8,4782.400000000001,1008.0,0.4626948575925742,0.0,0.0,0.0,0.0,0.0,0.0,0.0,0.0,0.0,0.0,0.0,0.0,0.0,0.0,0.0,0.0,0.0,0.0,0.0,0.0,0.0,0.0,0.0,0.0,0.0,0.0,0.0,0.0,0.0,0.0,0.0,0.0,0.0,0.0,0.0,0.0,0.0,0.0,0.0,0.0,0.0,0.0,0.0,0.0,0.0,0.0,0.0,0.0,0.0,0.0,0.0,0.0,0.0,0.0,0.0,0.0,0.0,0.0,0.0,0.0,0.0,0.0,0.0,0.0,0.0,0.0,0.0,0.0,0.0,0.0,0.0,0.0,0.0,0.0,0.0,0.0,0.0,0.0,0.0,0.0,-0.8660254037844386,0.5000000000000001,0.0,0.0,-0.0,0.0,0.0,0.0,-0.0,0.0,0.0,0.0,-0.0,0.0,0.0,0.0,0.0,0.0,0.0,0.0,0.0,0.0,0.0,0.0,0.0,2200.754385964912,0.0608809023148124,424.9385173310391,0.0,7.6,0.0,0.0,0.0,0.0,0.0,0.0,0.0,0.1826427069444371,0.0,0.0,0.0,0.0,0.0,554.0,198.9,110.0,9.0,7.127849462365591,14.784946236559138,1219217.929824561,242082.9824561404,0.0,0.0,0.0,0.0,0.0,0.0,0.0,0.0,352.0
-2.2033333333333336,3.9,-8.283333333333333,32.5,15.613333333333332,39.94666666666667,38.5,26,0.0,28.23,26,1.0,0.0,0.0,0.0,0.0,0.0,0.3701431492843312,0.0,0.0,0.0,0.0,0.0,0,0,0,0,0,0,0,0,0,0,0,0,0,0,0,0,0,0,0,0,0,0,0,0.0,53,0,0,FED,BLM,3,Other Conservation Area,Fee,National Public Lands,OPEN ACCESS,0,0,1,0,0,1,1,0,0,0,1,0,0,3,0,0.0608809023148124,424.9385173310391,0.0,112,44,18,38,0.0,0.1744399817960396,0.0,2200.754385964912,146.42254638671875,1.191909551620483,1.110121587568323,-0.5000000000000004,0.8660254037844384,0,0,0,1,0,0.0,0.1607914227434717,0.0,0.0,0.0,6.054295010339448,0.0,0.0,-1100.377192982457,1905.9092057356368,0.0,0.0,0.0,-212.46925866551976,368.00755105517374,0.0,-0.0304404511574062,0.0,0.0,-0.0,0.0,-0.0,0.0,-0.0,0.0,-0.0,-4848.995497076024,57219.61403508772,71524.51754385965,13810.501813258772,-936.2811998527228,6634.706717261956,-0.0,0.0,-83.72666666666667,3640.0,2912.0,-0.1341409214336366,0.0,0.0,0.0,0.0,0.0,0.0,0.0,0.0,0.0,0.0,0.0,0.0,0.0,0.0,0.0,0.0,0.0,0.0,0.0,0.0,0.0,0.0,0.0,0.0,0.0,0.0,0.0,0.0,0.0,0.0,0.0,0.0,0.0,0.0,0.0,0.0,0.0,0.0,0.0,0.0,0.0,0.0,0.0,0.0,0.0,0.0,0.0,0.0,0.0,0.0,0.0,0.0,0.0,0.0,-0.0,0.0,0.0,-0.0,0.0,0.0,-0.0,0.0,0.0,-0.0,0.0,0.0,0.0,0.0,0.0,0.0,0.0,0.0,0.0,0.0,0.0,0.0,0.0,0.0,0.0,0.0,-0.5000000000000004,0.8660254037844384,0.0,0.0,-0.0,0.0,0.0,0.0,-0.0,0.0,0.0,0.0,-0.0,0.0,0.0,0.0,0.0,0.0,0.0,0.0,-0.0,0.0,0.0,0.0,-0.0,2200.754385964912,0.0608809023148124,424.9385173310391,0.0,-2.2033333333333336,0.0,0.0,0.0,0.0,0.0,0.0,0.0,0.1826427069444371,0.0,0.0,0.0,0.0,0.0,586.5,138.0,136.0,35.0,7.127849462365591,7.632222222222222,1290742.4473684211,299302.5964912281,0.0,0.0,0.0,0.0,0.0,0.0,0.0,0.0,145.0
-2.6806451612903226,1.932258064516129,-7.383870967741935,56.2,16.51290322580645,41.84838709677419,64.45161290322581,26,0.0,32.28709677419355,14,1.0,0.0,0.0,0.0,0.6931471805599453,0.6931471805599453,0.3701431492843312,0.0,0.0,0.0,1.0,1.0,0,0,0,0,0,0,0,0,0,0,0,0,0,0,0,0,0,0,0,0,0,0,0,0.0,53,0,0,FED,BLM,3,Other Conservation Area,Fee,National Public Lands,OPEN ACCESS,0,0,1,0,0,1,1,0,0,0,1,0,0,3,0,0.0608809023148124,424.9385173310391,0.0,112,44,18,38,0.0,0.1744399817960396,0.0,2200.754385964912,146.42254638671875,1.191909551620483,1.110121587568323,-2.4492935982947064e-16,1.0,1,0,0,0,0,0.0,0.1607914227434717,0.0,0.0,0.0,6.054295010339448,0.0,0.0,-5.390293628962859e-13,2200.754385964912,0.0,2200.754385964912,0.0,-1.0407991901677585e-13,424.9385173310391,0.0,-1.4911520429807538e-17,0.0608809023148124,0.0,-0.0,0.0,-0.0,0.0,-0.0,0.0,-0.0,-5899.441595925297,57219.61403508772,123682.39649122808,23881.5446740044,-1139.1093803293338,7016.968613605126,-0.0,0.0,-101.86451612903224,6294.400000000001,2912.0,-0.1632000962051906,0.0,0.0,0.0,0.0,0.0,0.0,0.0,0.0,0.0,0.0,0.0,0.0,0.0,0.0,0.0,0.0,0.0,0.0,0.0,0.0,0.0,0.0,0.0,0.0,0.0,0.0,0.0,1525.4466977365123,294.5449351993332,0.0,0.0421994257894576,77.63248422271387,26.33959286127792,0.0,0.0,0.8261687451882064,0.0,0.0,0.0,0.0,0.0,0.0,0.0,0.0,0.0,0.0,0.0,0.0,0.0,0.0,0.6931471805599453,0.0,0.0,0.0,-0.0,0.0,0.0,-0.0,0.0,0.0,-0.0,38.954871547468926,18.021826694558577,-1.858081635630047,0.0,0.0,0.0,0.6931471805599453,0.0,0.0,0.0,0.0,0.0,0.0,0.0,0.0,0.0,0.6931471805599453,0.0,0.0,-2.4492935982947064e-16,1.0,0.0,1.0,-0.0,0.0,0.0,0.0,-0.0,0.0,0.0,0.0,-0.0,0.0,0.0,0.0,0.0,0.0,0.0,0.0,-0.0,0.0,0.0,0.0,-0.0,2200.754385964912,0.0608809023148124,424.9385173310391,0.0,-2.6806451612903226,0.0,1.0,0.0,0.0,0.0,0.0,0.0,0.1826427069444371,0.0,0.0,0.0,0.0,0.6931471805599453,642.7,131.4,162.0,61.0,7.127849462365591,0.9053405017921144,1414424.8438596493,356522.2105263158,0.3465735902799726,0.6931471805599453,0.0,0.0,0.0,0.3360269911983542,0.0,0.6931471805599453,31.0
3.433333333333333,8.603333333333333,-1.7933333333333332,35.9,16.75,43.66,42.63333333333333,17,0.0,31.716666666666665,28,1.0,0.0,0.0,0.0,1.3862943611198906,1.3862943611198906,1.3701431492843312,0.0,0.0,0.0,3.0,1.0,0,0,0,0,0,0,0,0,0,0,0,0,0,0,0,0,0,0,0,0,0,0,0,0.0,53,0,0,FED,BLM,3,Other Conservation Area,Fee,National Public Lands,OPEN ACCESS,0,0,1,0,0,1,1,0,0,0,1,0,0,3,0,0.0608809023148124,424.9385173310391,0.0,112,44,18,38,0.0,0.1744399817960396,0.0,2200.754385964912,146.42254638671875,1.191909551620483,1.110121587568323,0.8660254037844387,-0.4999999999999998,0,1,0,0,0,0.0,0.1607914227434717,0.0,0.0,0.0,6.054295010339448,0.0,0.0,1905.9092057356377,-1100.3771929824557,0.0,0.0,0.0,368.00755105517385,-212.46925866551948,0.0,0.0527244080099463,0.0,0.0,0.0,0.0,0.0,0.0,0.0,0.0,0.0,7555.923391812865,37412.82456140351,79007.08245614034,15255.292772184304,1458.955576169901,7117.720165294905,0.0,0.0,130.46666666666667,4020.8,1904.0,0.2090244312808558,0.0,0.0,0.0,0.0,0.0,0.0,0.0,0.0,0.0,0.0,0.0,0.0,0.0,0.0,0.0,0.0,0.0,0.0,0.0,0.0,0.0,0.0,0.0,0.0,0.0,0.0,0.0,3050.893395473025,589.0898703986664,0.0,0.0843988515789153,155.26496844542774,52.67918572255584,0.0,0.0,1.6523374903764128,0.0,0.0,0.0,0.0,0.0,0.0,0.0,0.0,0.0,0.0,0.0,0.0,0.0,0.0,1.3862943611198906,0.0,0.0,0.0,0.0,0.0,0.0,0.0,0.0,0.0,0.0,49.76796756420407,23.56700413903814,4.759610639844957,0.0,0.0,0.0,1.3862943611198906,0.0,0.0,0.0,0.0,0.0,0.0,0.0,0.0,0.0,1.3862943611198906,0.0,0.0,0.8660254037844387,-0.4999999999999998,0.0,0.0,0.0,-0.0,0.0,0.0,0.0,-0.0,0.0,0.0,0.0,-0.0,0.0,0.0,0.0,0.0,0.0,0.0,0.0,0.0,0.0,0.0,0.0,2200.754385964912,0.0608809023148124,424.9385173310391,0.0,3.433333333333333,0.0,0.0,0.0,0.0,0.0,0.0,0.0,0.1826427069444371,0.0,0.0,0.0,0.0,1.3862943611198906,264.5,191.00000000000003,103.0,75.0,0.0,-0.5092805939580135,582099.5350877193,226677.70175438595,0.6931471805599453,1.3862943611198906,0.0,0.0,0.0,0.6720539823967084,0.0,0.0,194.0
10.738709677419354,16.751612903225805,4.932258064516129,70.7,15.638709677419357,40.57741935483871,48.29032258064516,0,0.0,37.722580645161294,31,1.0,0.0,0.0,0.0,2.079441541679836,2.079441541679836,1.3701431492843312,0.0,0.0,0.0,7.0,1.0,0,0,0,0,0,0,0,0,0,0,0,0,0,0,0,0,0,0,0,0,0,0,0,0.0,53,0,0,FED,BLM,3,Other Conservation Area,Fee,National Public Lands,OPEN ACCESS,0,0,1,0,0,1,1,0,0,0,1,0,0,3,0,0.0608809023148124,424.9385173310391,0.0,112,44,18,38,0.0,0.1744399817960396,0.0,2200.754385964912,146.42254638671875,1.191909551620483,1.110121587568323,0.4999999999999999,-0.8660254037844387,0,1,0,0,0,0.0,0.1607914227434717,0.0,0.0,0.0,6.054295010339448,0.0,0.0,1100.377192982456,-1905.9092057356377,0.0,0.0,0.0,212.4692586655196,-368.00755105517385,0.0,0.0304404511574061,0.0,0.0,0.0,0.0,0.0,0.0,0.0,0.0,0.0,23633.262422184493,0.0,155593.3350877193,30043.153175304466,4563.291368371062,6645.490103293155,0.0,0.0,408.0709677419355,7918.400000000001,0.0,0.6537823348580983,0.0,0.0,0.0,0.0,0.0,0.0,0.0,0.0,0.0,0.0,0.0,0.0,0.0,0.0,0.0,0.0,0.0,0.0,0.0,0.0,0.0,0.0,0.0,0.0,0.0,0.0,0.0,4576.340093209538,883.6348055979997,0.0,0.126598277368373,232.89745266814165,79.01877858383378,0.0,0.0,2.4785062355646192,0.0,0.0,0.0,0.0,0.0,0.0,0.0,0.0,0.0,0.0,0.0,0.0,0.0,0.0,2.079441541679836,0.0,0.0,0.0,0.0,0.0,0.0,0.0,0.0,0.0,0.0,147.01651699676444,0.0,22.33051900726508,0.0,0.0,0.0,2.079441541679836,0.0,0.0,0.0,0.0,0.0,0.0,0.0,0.0,0.0,2.079441541679836,0.0,0.0,0.4999999999999999,-0.8660254037844387,0.0,0.0,0.0,-0.0,0.0,0.0,0.0,-0.0,0.0,0.0,0.0,-0.0,0.0,0.0,0.0,0.0,0.0,0.0,0.0,0.0,0.0,0.0,0.0,2200.754385964912,0.0608809023148124,424.9385173310391,0.0,10.738709677419354,0.0,0.0,0.0,0.0,0.0,0.0,0.0,0.1826427069444371,0.0,0.0,0.0,0.0,2.079441541679836,335.20000000000005,199.0,103.0,47.0,0.0,4.247670250896057,737692.8701754387,226677.70175438595,1.039720770839918,2.079441541679836,0.0,0.0,0.0,1.0080809735950629,0.0,0.0,829.0
15.22,21.55,8.99,58.9,17.25,45.35666666666667,35.833333333333336,0,0.2533333333333333,36.15333333333333,29,1.0,0.0,0.0,0.0,0.6931471805599453,0.6931471805599453,1.3701431492843312,0.0,0.0,0.0,1.0,1.0,0,0,0,0,0,0,0,0,0,0,0,0,0,0,0,0,0,0,0,0,0,0,0,0.0,53,0,0,FED,BLM,3,Other Conservation Area,Fee,National Public Lands,OPEN ACCESS,0,0,1,0,0,1,1,0,0,0,1,0,0,3,0,0.0608809023148124,424.9385173310391,0.0,112,44,18,38,0.0,0.1744399817960396,0.0,2200.754385964912,146.42254638671875,1.191909551620483,1.110121587568323,1.2246467991473532e-16,-1.0,0,0,1,0,1,0.0,0.1607914227434717,0.0,0.0,0.0,6.054295010339448,0.0,0.0,2.6951468144814293e-13,-2200.754385964912,2200.754385964912,0.0,424.9385173310391,5.2039959508387916e-14,-424.9385173310391,0.0608809023148124,7.455760214903769e-18,0.0,0.0,0.0,0.0,0.0,0.0,0.0,0.0,0.0,33495.48175438597,0.0,129624.43333333332,25028.878670798204,6467.564233778416,7330.189423960425,0.0,0.0,578.36,6596.8,0.0,0.9266073332314448,0.0,0.0,0.0,0.0,0.0,0.0,0.0,0.0,0.0,0.0,0.0,0.0,0.0,0.0,0.0,0.0,0.0,0.0,0.0,0.0,0.0,0.0,0.0,0.0,0.0,0.0,0.0,1525.4466977365123,294.5449351993332,0.0,0.0421994257894576,77.63248422271387,26.33959286127792,0.0,0.0,0.8261687451882064,0.0,0.0,0.0,0.0,0.0,0.0,0.0,0.0,0.0,0.0,0.0,0.0,0.0,0.0,0.6931471805599453,0.0,0.0,0.0,0.0,0.0,0.0,0.0,0.0,0.0,0.0,40.82636893498078,0.0,10.549700088122368,0.0,0.0,0.0,0.6931471805599453,0.0,0.0,0.0,0.0,0.0,0.0,0.0,0.0,0.0,0.6931471805599453,0.0,0.0,1.2246467991473532e-16,-1.0,1.0,0.0,0.0,-0.0,0.0,0.0,0.0,-0.0,0.0,0.0,0.0,-0.0,0.0,0.0,0.0,0.0,0.0,0.0,0.0,0.0,0.0,0.0,0.0,2200.754385964912,0.0608809023148124,424.9385173310391,0.0,15.22,1.0,0.0,0.0,0.0,0.0,0.0,0.0,0.1826427069444371,0.0,0.0,0.0,0.0,0.6931471805599453,394.1,165.5,103.0,17.0,0.2533333333333333,9.797347670250897,867317.3035087719,226677.70175438595,0.3465735902799726,0.6931471805599453,0.0,0.0,1.0,0.3360269911983542,0.6931471805599453,0.0,1222.0
23.22258064516129,30.25483870967742,16.038709677419355,22.8,17.403225806451612,44.803225806451614,23.806451612903224,0,5.22258064516129,37.141935483870974,31,1.0,0.0,0.0,0.0,1.0986122886681098,1.0986122886681098,1.3701431492843312,0.0,0.0,0.0,2.0,1.0,0,0,0,0,0,0,0,0,0,0,0,0,0,0,0,0,0,0,0,0,0,0,0,0.0,53,0,0,FED,BLM,3,Other Conservation Area,Fee,National Public Lands,OPEN ACCESS,0,0,1,0,0,1,1,0,0,0,1,0,0,3,0,0.0608809023148124,424.9385173310391,0.0,112,44,18,38,0.0,0.1744399817960396,0.0,2200.754385964912,146.42254638671875,1.191909551620483,1.110121587568323,-0.4999999999999997,-0.8660254037844388,0,0,1,0,1,0.0,0.1607914227434717,0.0,0.0,0.0,6.054295010339448,0.0,0.0,-1100.3771929824554,-1905.909205735638,2200.754385964912,0.0,424.9385173310391,-212.46925866551945,-368.0075510551739,0.0608809023148124,-0.0304404511574061,0.0,0.0,-0.0,0.0,-0.0,0.0,-0.0,0.0,-0.0,51107.19620826259,0.0,50177.2,9688.598195147692,9868.168987955323,7395.300970970826,0.0,0.0,882.4580645161291,2553.6,0.0,1.4138116637559175,0.0,0.0,0.0,0.0,0.0,0.0,0.0,0.0,0.0,0.0,0.0,0.0,0.0,0.0,0.0,0.0,0.0,0.0,0.0,0.0,0.0,0.0,0.0,0.0,0.0,0.0,0.0,2417.775812761293,466.84267706828615,0.0,0.0668845074282556,123.04457633082828,41.74726696938817,0.0,0.0,1.3094464803911594,0.0,0.0,0.0,0.0,0.0,0.0,0.0,0.0,0.0,0.0,0.0,0.0,0.0,0.0,1.0986122886681098,0.0,0.0,0.0,0.0,0.0,0.0,0.0,0.0,0.0,0.0,25.048360181632905,0.0,25.512612471360395,0.0,0.0,0.0,1.0986122886681098,0.0,0.0,0.0,0.0,0.0,0.0,0.0,0.0,0.0,1.0986122886681098,0.0,0.0,-0.4999999999999997,-0.8660254037844388,1.0,0.0,-0.0,-0.0,0.0,0.0,-0.0,-0.0,0.0,0.0,-0.0,-0.0,0.0,0.0,0.0,0.0,0.0,0.0,0.0,0.0,0.0,0.0,0.0,2200.754385964912,0.0608809023148124,424.9385173310391,0.0,23.22258064516129,1.0,0.0,0.0,0.0,0.0,0.0,0.0,0.1826427069444371,0.0,0.0,0.0,0.0,1.0986122886681098,416.9,152.39999999999998,103.0,0.0,5.475913978494623,16.393763440860216,917494.503508772,226677.70175438595,0.5493061443340549,1.0986122886681098,0.0,0.0,1.0,0.5325901802795495,1.0986122886681098,0.0,1354.0
19.76451612903226,26.19677419354839,13.970967741935484,90.7,15.087096774193547,39.71612903225807,35.12903225806452,0,1.8677419354838711,44.37741935483872,31,1.0,0.0,0.0,0.0,1.6094379124341005,1.6094379124341005,1.3701431492843312,0.0,0.0,0.0,4.0,1.0,0,0,0,0,0,0,0,0,0,0,0,0,0,0,0,0,0,0,0,0,0,0,0,0.0,53,0,0,FED,BLM,3,Other Conservation Area,Fee,National Public Lands,OPEN ACCESS,0,0,1,0,0,1,1,0,0,0,1,0,0,3,0,0.0608809023148124,424.9385173310391,0.0,112,44,18,38,0.0,0.1744399817960396,0.0,2200.754385964912,146.42254638671875,1.191909551620483,1.110121587568323,-0.8660254037844385,-0.5000000000000004,0,0,1,0,1,0.0,0.1607914227434717,0.0,0.0,0.0,6.054295010339448,0.0,0.0,-1905.909205735637,-1100.377192982457,2200.754385964912,0.0,424.9385173310391,-368.0075510551738,-212.46925866551976,0.0608809023148124,-0.0527244080099463,0.0,0.0,-0.0,0.0,-0.0,0.0,-0.0,0.0,-0.0,43496.84555744199,0.0,199608.4228070176,38541.92352192525,8398.704179636377,6411.088534055709,0.0,0.0,751.0516129032259,10158.4,0.0,1.203281575751147,0.0,0.0,0.0,0.0,0.0,0.0,0.0,0.0,0.0,0.0,0.0,0.0,0.0,0.0,0.0,0.0,0.0,0.0,0.0,0.0,0.0,0.0,0.0,0.0,0.0,0.0,0.0,3541.9775447275592,683.9121602461095,0.0,0.097984032328656,180.25704619261927,61.15864067249582,0.0,0.0,1.9183044205703348,0.0,0.0,0.0,0.0,0.0,0.0,0.0,0.0,0.0,0.0,0.0,0.0,0.0,0.0,1.6094379124341005,0.0,0.0,0.0,0.0,0.0,0.0,0.0,0.0,0.0,0.0,145.97601865777293,0.0,31.80976157897979,0.0,0.0,0.0,1.6094379124341005,0.0,0.0,0.0,0.0,0.0,0.0,0.0,0.0,0.0,1.6094379124341005,0.0,0.0,-0.8660254037844385,-0.5000000000000004,1.0,0.0,-0.0,-0.0,0.0,0.0,-0.0,-0.0,0.0,0.0,-0.0,-0.0,0.0,0.0,0.0,0.0,0.0,0.0,0.0,0.0,0.0,0.0,0.0,2200.754385964912,0.0608809023148124,424.9385173310391,0.0,19.76451612903226,1.0,0.0,0.0,0.0,0.0,0.0,0.0,0.1826427069444371,0.0,0.0,0.0,0.0,1.6094379124341005,507.6,172.4,103.0,0.0,7.343655913978495,19.402365591397853,1117102.9263157896,226677.70175438595,0.8047189562170503,1.6094379124341005,0.0,0.0,1.0,0.7802305115039272,1.6094379124341005,0.0,526.0
15.64,22.066666666666663,9.976666666666668,41.8,16.666666666666668,42.27333333333333,31.433333333333334,0,0.2533333333333335,39.45666666666667,29,1.0,0.0,0.0,2.079441541679836,2.302585092994046,2.302585092994046,1.3701431492843312,0.0,0.0,2.079441541679836,16.0,2.0,0,0,0,0,0,0,0,0,0,0,0,0,0,0,0,0,0,0,0,0,0,0,0,0.0,53,0,0,FED,BLM,3,Other Conservation Area,Fee,National Public Lands,OPEN ACCESS,0,0,1,0,0,1,1,0,0,0,1,0,0,3,0,0.0608809023148124,424.9385173310391,0.0,112,44,18,38,0.0,0.1744399817960396,0.0,2200.754385964912,146.42254638671875,1.191909551620483,1.110121587568323,-1.0,-1.8369701987210292e-16,0,0,0,1,0,0.0,0.1607914227434717,0.0,0.0,0.0,6.054295010339448,0.0,0.0,-2200.754385964912,-4.042720221722142e-13,0.0,0.0,0.0,-424.9385173310391,-7.805993926258187e-14,0.0,-0.0608809023148124,0.0,0.0,-0.0,0.0,-0.0,0.0,-0.0,0.0,-0.0,34419.79859649123,0.0,91991.53333333333,17762.430024437435,6646.038411057452,7082.308622183986,0.0,0.0,594.32,4681.599999999999,0.0,0.952177312203666,0.0,0.0,0.0,0.0,0.0,0.0,0.0,0.0,0.0,0.0,0.0,0.0,0.0,0.0,0.0,0.0,0.0,0.0,4576.340093209538,883.6348055979997,0.0,0.126598277368373,232.89745266814165,79.01877858383378,0.0,0.0,2.4785062355646192,5067.424242464072,978.4570954454427,0.0,0.1401834581181137,257.8895304153331,87.49823353377374,0.0,0.0,2.7444731657585413,0.0,0.0,0.0,0.0,0.0,0.0,0.0,0.0,0.0,0.0,2.079441541679836,0.0,0.0,0.0,2.302585092994046,0.0,0.0,0.0,0.0,0.0,0.0,0.0,86.92065644221715,0.0,32.52246571187264,96.24805688715112,0.0,36.01243085442688,0.0,0.0,2.079441541679836,2.302585092994046,0.0,0.0,0.0,0.0,0.0,0.0,2.079441541679836,0.0,0.0,2.302585092994046,0.0,0.0,-1.0,-1.8369701987210292e-16,0.0,0.0,-0.0,-0.0,0.0,0.0,-0.0,-0.0,0.0,0.0,-0.0,-0.0,0.0,0.0,0.0,0.0,0.0,0.0,0.0,0.0,0.0,0.0,0.0,2200.754385964912,0.0608809023148124,424.9385173310391,0.0,15.64,0.0,0.0,0.0,0.0,0.0,0.0,0.0,0.1826427069444371,0.0,0.0,0.0,2.079441541679836,2.302585092994046,549.4,155.3,103.0,0.0,7.596989247311828,19.54236559139785,1209094.4596491228,226677.70175438595,1.268258107142021,4.382026634673882,0.0,0.0,0.0,2.124338476297344,0.0,0.0,628.5
8.596774193548388,15.84516129032258,2.0161290322580645,16.5,13.170967741935485,29.258064516129032,30.387096774193548,7,0.0225806451612903,34.564516129032256,26,1.0,0.0,1.3862943611198906,0.0,4.07753744390572,4.07753744390572,1.3701431492843312,0.0,1.3862943611198906,0.0,61.0,2.0,0,0,0,0,0,0,0,0,0,0,0,0,0,0,0,0,0,0,0,0,0,0,0,0.0,53,0,0,UNK,CNTY,4,Unassigned,Easement,Unknown Easement,CLOSED,0,0,0,0,0,0,0,0,0,0,0,0,1,4,0,1.2078802861483438,62.83851236339465,1.3049581,10,47,9,6,0.0,0.0,4.767054916152302,1816.7576992753625,182.81597900390625,1.51995841603743,0.109136488288641,-0.8660254037844386,0.5000000000000001,0,0,0,1,0,0.0,0.0,1.7521615370696957,0.0,0.0,4.15635665029164,0.0,0.0,-1573.3583200934336,908.3788496376816,0.0,0.0,0.0,-54.41974804272229,31.41925618169733,0.0,-1.0460550125348826,0.0,0.0,-1.1301268654742738,0.0,-0.0,0.0,-0.0,0.0,-0.0,15618.25570506078,12717.303894927538,29976.50203804348,1036.8354539960117,540.2085014466024,827.6440192894851,0.0,0.0,51.58064516129033,165.0,70.0,10.383874072855924,0.0,0.0,0.0,0.0,0.0,0.0,0.0,0.0,0.0,2518.560954026581,87.11267535053653,1.8090560555277264,1.6744776295953288,13.862943611198906,8.317766166719343,0.0,0.0,2.10710978128941,0.0,0.0,0.0,0.0,0.0,0.0,0.0,0.0,0.0,7407.897545299298,256.22638708107417,5.321015515478064,4.925177094525427,40.7753744390572,24.46522466343432,0.0,0.0,6.197687354572249,0.0,0.0,0.0,0.0,0.0,0.0,0.0,0.0,0.0,0.0,0.0,0.0,0.0,0.0,0.0,0.0,0.0,0.0,0.0,22.8738569584782,9.704060527839234,11.917659588337123,0.0,0.0,0.0,67.27936782444438,28.54276210734004,35.05366867099595,0.0,0.0,0.0,0.0,0.0,0.0,0.0,0.0,0.0,1.3862943611198906,0.0,0.0,0.0,0.0,0.0,4.07753744390572,-0.0,0.0,0.0,0.0,-0.0,0.0,0.0,0.0,-0.0,0.0,0.0,0.0,-0.0,0.0,0.0,0.0,0.0,0.0,0.0,0.0,0.0,0.0,0.0,0.0,0.0,0.0,0.0,0.0,0.0,0.0,0.0,0.0,0.0,0.0,0.0,0.0,0.0,4.831521144593375,5.2198324,0.0,0.0,0.0,0.0,524.3,95.7,114.0,7.0,5.095591397849463,14.404802867383513,952526.0617300724,207110.37771739133,1.922217396977047,5.4638318050256105,0.0,0.0,0.0,1.2570983408696101,0.0,0.0,297.7894755
1.45,8.870000000000001,-4.616666666666666,20.8,12.186666666666667,25.22,52.46666666666667,26,0.0,32.05,22,1.0,0.0,2.4849066497880004,0.6931471805599453,4.248495242049359,4.248495242049359,1.3701431492843312,0.0,2.4849066497880004,0.6931471805599453,81.0,3.0,0,0,0,0,0,0,0,0,0,0,0,0,0,0,0,0,0,0,0,0,0,0,0,0.0,53,0,0,UNK,CNTY,4,Unassigned,Easement,Unknown Easement,CLOSED,0,0,0,0,0,0,0,0,0,0,0,0,1,4,0,1.2078802861483438,62.83851236339465,1.3049581,10,47,9,6,0.0,0.0,4.767054916152302,1816.7576992753625,182.81597900390625,1.51995841603743,0.109136488288641,-0.5000000000000004,0.8660254037844384,0,0,0,1,0,0.0,0.0,1.7521615370696957,0.0,0.0,4.15635665029164,0.0,0.0,-908.378849637682,1573.3583200934331,0.0,0.0,0.0,-31.41925618169736,54.41974804272228,0.0,-0.6039401430741724,0.0,0.0,-0.6524790500000005,0.0,-0.0,0.0,-0.0,0.0,-0.0,2634.298663949276,47235.700181159424,37788.56014492754,1307.0410571586087,91.11584292692224,765.7920040019028,0.0,0.0,8.7,208.0,260.0,1.7514264149150984,0.0,0.0,0.0,0.0,0.0,0.0,0.0,0.0,0.0,4514.473287982896,156.14783723458484,3.242699060384714,3.001469755197852,24.849066497880003,14.909439898728005,0.0,0.0,3.7769547754126456,1259.2804770132905,43.55633767526827,0.9045280277638632,0.8372388147976644,6.931471805599453,4.158883083359672,0.0,0.0,1.053554890644705,7718.486441327918,266.96912079334203,5.544108278923772,5.131673648666457,42.48495242049359,25.49097145229616,0.0,0.0,6.457536098647902,0.0,0.0,0.0,0.0,0.0,0.0,0.0,0.0,0.0,0.0,0.0,0.0,0.0,0.0,0.0,0.0,0.0,0.0,0.0,51.68605831559041,64.60757289448802,3.6031146421926006,14.417461355646862,18.021826694558577,1.0050634118119206,88.36870103462668,110.46087629328336,6.160318100971571,0.0,0.0,0.0,0.0,0.0,0.0,0.0,0.0,0.0,2.4849066497880004,0.0,0.0,0.6931471805599453,0.0,0.0,4.248495242049359,-0.0,0.0,0.0,0.0,-0.0,0.0,0.0,0.0,-0.0,0.0,0.0,0.0,-0.0,0.0,0.0,0.0,0.0,0.0,0.0,0.0,0.0,0.0,0.0,0.0,0.0,0.0,0.0,0.0,0.0,0.0,0.0,0.0,0.0,0.0,0.0,0.0,0.0,4.831521144593375,5.2198324,0.0,0.0,0.0,0.0,545.1,68.6,140.0,33.0,5.095591397849463,8.46448028673835,990314.6218750002,254346.07789855075,1.90757421110456,7.4265490723973056,0.0,0.0,0.0,1.7086731163119386,0.0,0.0,1024.136848
-1.035483870967742,4.587096774193548,-6.048387096774194,20.0,12.770967741935484,26.48709677419355,62.0,31,0.0,31.335483870967742,14,1.0,0.0,1.6094379124341005,1.0986122886681098,4.795790545596741,4.795790545596741,1.3701431492843312,0.0,1.6094379124341005,1.0986122886681098,126.0,3.0,0,0,0,0,0,0,0,0,0,0,0,0,0,0,0,0,0,0,0,0,0,0,0,0.0,53,0,0,UNK,CNTY,4,Unassigned,Easement,Unknown Easement,CLOSED,0,0,0,0,0,0,0,0,0,0,0,0,1,4,0,1.2078802861483438,62.83851236339465,1.3049581,10,47,9,6,0.0,0.0,4.767054916152302,1816.7576992753625,182.81597900390625,1.51995841603743,0.109136488288641,-2.4492935982947064e-16,1.0,1,0,0,0,0,0.0,0.0,1.7521615370696957,0.0,0.0,4.15635665029164,0.0,0.0,-4.4497730024877653e-13,1816.7576992753625,0.0,1816.7576992753625,0.0,-1.5390996605802528e-14,62.83851236339465,0.0,-2.9584534523695164e-16,1.2078802861483438,0.0,-3.1962255203728233e-16,0.0,-0.0,0.0,-0.0,0.0,-0.0,-1881.2232950561013,56319.48867753624,36335.15398550725,1256.770247267893,-65.06826602790221,802.5086143441272,-0.0,0.0,-6.2129032258064525,200.0,310.0,-1.2507405543665109,0.0,0.0,0.0,0.0,0.0,0.0,0.0,0.0,0.0,2923.958718920319,101.1346841586063,2.10024904027797,1.9440083262088943,16.094379124341003,9.656627474604605,0.0,0.0,2.4462787000939232,1995.912333956316,69.0351618840483,1.433643004856988,1.3269921256025232,10.986122886681098,6.591673732008658,0.0,0.0,1.6698449941232358,8712.78939782487,301.360343491732,6.258305718379886,5.792740856522913,47.95790545596741,28.774743273580448,0.0,0.0,7.289402201332505,0.0,0.0,0.0,0.0,0.0,0.0,0.0,0.0,0.0,0.0,0.0,0.0,0.0,0.0,0.0,0.0,0.0,0.0,-0.0,32.18875824868201,49.89257528545711,-1.6665469996495044,21.9722457733622,34.056980948711406,-1.1375953053627847,95.91581091193484,148.669506913499,-4.965963758505014,0.0,0.0,0.0,0.0,0.0,0.0,0.0,0.0,0.0,1.6094379124341005,0.0,0.0,1.0986122886681098,0.0,0.0,4.795790545596741,-0.0,0.0,0.0,0.0,-0.0,0.0,0.0,0.0,-0.0,0.0,0.0,0.0,-0.0,0.0,0.0,0.0,0.0,0.0,0.0,0.0,-0.0,0.0,0.0,0.0,-0.0,0.0,0.0,0.0,0.0,-0.0,0.0,0.0,0.0,0.0,0.0,0.0,0.0,4.831521144593375,5.2198324,0.0,0.0,0.0,0.0,565.1,57.3,171.0,64.0,5.095591397849463,3.003763440860214,1026649.7758605074,310665.566576087,2.0591211575227133,7.503840746698952,0.0,0.0,0.0,1.7264561006706929,0.0,7.503840746698952,691.3894779
6.525806451612904,13.32258064516129,0.3516129032258064,29.0,16.893548387096775,37.380645161290325,30.29032258064516,8,0.0,31.606451612903225,26,1.0,0.0,4.477336814478207,0.0,4.574710978503383,4.574710978503383,1.3701431492843312,0.0,4.477336814478207,0.0,183.0,2.0,0,0,0,0,0,0,0,0,0,0,0,0,0,0,0,0,0,0,0,0,0,0,0,0.0,53,0,0,LOC,CITY,4,Unassigned,Fee,Local Other or Unknown,OPEN ACCESS,0,0,0,0,0,0,0,0,0,0,1,0,0,4,0,0.6591698381730952,50.43471136956363,2.4843633,8,36,16,47,0.0,0.0,1.398432130953929,2277.287686996548,197.07952957827348,1.187366470113518,0.050826293039895,-0.8660254037844386,0.5000000000000001,0,0,0,1,0,0.0,0.0,0.874815245105149,0.0,0.0,3.940313263010208,0.0,0.0,-1972.188988664516,1138.6438434982742,0.0,0.0,0.0,-43.67774127857796,25.217355684781825,0.0,-0.5708578252663777,0.0,0.0,-2.1515217300297405,0.0,-0.0,0.0,-0.0,0.0,-0.0,14861.1386799807,18218.301495972384,66041.34292289989,1462.6066297173452,329.127164840733,852.021236910983,0.0,0.0,306.7129032258065,232.0,64.0,4.301614782658618,0.0,0.0,0.0,0.0,0.0,0.0,0.0,0.0,0.0,10196.183998147568,225.81318994252985,11.123331263628566,2.951325383446041,35.818694515825655,210.4348302804757,0.0,0.0,5.316239608916292,0.0,0.0,0.0,0.0,0.0,0.0,0.0,0.0,0.0,10417.932982913684,230.7242277999921,11.365244063100894,3.0155114953887567,36.59768782802706,215.01141598965896,0.0,0.0,5.43185842633512,0.0,0.0,0.0,0.0,0.0,0.0,0.0,0.0,0.0,0.0,0.0,0.0,0.0,0.0,0.0,0.0,0.0,0.0,0.0,129.842767619868,35.818694515825655,29.21823346996585,0.0,0.0,0.0,132.6666183765981,36.59768782802706,29.853678417781754,0.0,0.0,0.0,0.0,0.0,0.0,0.0,4.477336814478207,0.0,0.0,0.0,0.0,0.0,4.574710978503383,0.0,0.0,-0.0,0.0,0.0,0.0,-0.0,0.0,0.0,0.0,-0.0,0.0,0.0,0.0,-0.0,0.0,0.0,0.0,0.0,0.0,0.0,0.0,0.0,0.0,0.0,0.0,0.0,0.0,0.0,0.0,0.0,0.0,0.0,0.0,0.0,0.0,0.0,0.0,0.0,2.6366793526923806,9.9374532,0.0,0.0,0.0,0.0,810.6,161.00000000000006,126.0,8.0,1.7802150537634407,12.254659498207886,1845969.399079402,286938.24856156507,2.613403475388337,9.05204779298159,0.0,0.0,0.0,3.0860795369638327,0.0,0.0,344.8553392
-0.0799999999999999,6.513333333333334,-5.416666666666667,36.0,17.35666666666667,37.91,54.0,28,0.0,28.336666666666662,21,1.0,0.0,4.143134726391533,0.0,4.343805421853684,4.343805421853684,1.3701431492843312,0.0,4.143134726391533,0.0,138.0,2.0,0,0,0,0,0,0,0,0,0,0,0,0,0,0,0,0,0,0,0,0,0,0,0,0.0,53,0,0,LOC,CITY,4,Unassigned,Fee,Local Other or Unknown,OPEN ACCESS,0,0,0,0,0,0,0,0,0,0,1,0,0,4,0,0.6591698381730952,50.43471136956363,2.4843633,8,36,16,47,0.0,0.0,1.398432130953929,2277.287686996548,197.07952957827348,1.187366470113518,0.050826293039895,-0.5000000000000004,0.8660254037844384,0,0,0,1,0,0.0,0.0,0.874815245105149,0.0,0.0,3.940313263010208,0.0,0.0,-1138.643843498275,1972.1889886645151,0.0,0.0,0.0,-25.21735568478184,43.67774127857795,0.0,-0.3295849190865478,0.0,0.0,-1.2421816500000011,0.0,-0.0,0.0,-0.0,0.0,-0.0,-182.18301495972364,63764.05523590335,81982.35673187573,1815.6496093042904,-4.034776909565085,875.3784736710595,-0.0,0.0,-3.7599999999999953,288.0,224.0,-0.0527335870538475,0.0,0.0,0.0,0.0,0.0,0.0,0.0,0.0,0.0,9435.10969797925,208.95780409077287,10.293051861202663,2.731029447124837,33.14507781113226,194.72733214040204,0.0,0.0,4.919419255280251,0.0,0.0,0.0,0.0,0.0,0.0,0.0,0.0,0.0,9892.09460189624,219.07857269673613,10.791590772394311,2.8633055169787065,34.75044337482947,204.15885482712315,0.0,0.0,5.15768891060637,0.0,0.0,0.0,0.0,0.0,0.0,0.0,0.0,0.0,0.0,0.0,0.0,0.0,0.0,0.0,0.0,0.0,0.0,-0.0,149.15285015009516,116.00777233896292,-0.3314507781113222,0.0,0.0,-0.0,156.37699518673264,121.62655181190316,-0.3475044337482943,0.0,0.0,0.0,0.0,0.0,0.0,0.0,4.143134726391533,0.0,0.0,0.0,0.0,0.0,4.343805421853684,0.0,0.0,-0.0,0.0,0.0,0.0,-0.0,0.0,0.0,0.0,-0.0,0.0,0.0,0.0,-0.0,0.0,0.0,0.0,0.0,0.0,0.0,0.0,-0.0,0.0,0.0,0.0,-0.0,0.0,0.0,0.0,0.0,-0.0,0.0,0.0,0.0,0.0,0.0,0.0,0.0,2.6366793526923806,9.9374532,0.0,0.0,0.0,0.0,846.6,112.00000000000004,154.0,36.0,1.7802150537634407,6.6097132616487455,1927951.7558112773,350702.3037974684,2.451337909114311,8.486940148245218,0.0,0.0,0.0,2.893419579958865,0.0,0.0,2318.871024
-3.083870967741935,2.425806451612903,-7.609677419354839,46.9,21.238709677419354,47.403225806451616,64.64516129032258,31,0.0,28.996774193548383,15,1.0,0.0,3.871201010907891,0.0,4.624972813284271,4.624972813284271,1.3701431492843312,0.0,3.871201010907891,0.0,148.0,2.0,0,0,0,0,0,0,0,0,0,0,0,0,0,0,0,0,0,0,0,0,0,0,0,0.0,53,0,0,LOC,CITY,4,Unassigned,Fee,Local Other or Unknown,OPEN ACCESS,0,0,0,0,0,0,0,0,0,0,1,0,0,4,0,0.6591698381730952,50.43471136956363,2.4843633,8,36,16,47,0.0,0.0,1.398432130953929,2277.287686996548,197.07952957827348,1.187366470113518,0.050826293039895,-2.4492935982947064e-16,1.0,1,0,0,0,0,0.0,0.0,0.874815245105149,0.0,0.0,3.940313263010208,0.0,0.0,-5.577746153236004e-13,2277.287686996548,0.0,2277.287686996548,0.0,-1.2352941568931344e-14,50.43471136956363,0.0,-1.6145004648263196e-16,0.6591698381730952,0.0,-6.084935126528314e-16,0.0,-0.0,0.0,-0.0,0.0,-0.0,-7022.861383124838,70595.91829689298,106804.7925201381,2365.3879632325343,-155.53414215904138,1071.168192442603,-0.0,0.0,-144.94193548387096,375.2,248.0,-2.0327947267531576,0.0,0.0,0.0,0.0,0.0,0.0,0.0,0.0,0.0,8815.83839602913,195.24290563870244,9.617469718422464,2.551778943895677,30.96960808726313,181.9464475126709,0.0,0.0,4.5965342794215855,0.0,0.0,0.0,0.0,0.0,0.0,0.0,0.0,0.0,10532.393640386052,233.2591689300709,11.490112720821196,3.048642580887557,36.999782506274165,217.3737222243608,0.0,0.0,5.491537643680331,0.0,0.0,0.0,0.0,0.0,0.0,0.0,0.0,0.0,0.0,0.0,0.0,0.0,0.0,0.0,0.0,0.0,0.0,-0.0,181.55932741158009,120.00723133814462,-11.938284407832075,0.0,0.0,-0.0,216.9112249430323,143.3741572118124,-14.262819385483104,0.0,0.0,0.0,0.0,0.0,0.0,0.0,3.871201010907891,0.0,0.0,0.0,0.0,0.0,4.624972813284271,0.0,0.0,-0.0,0.0,0.0,0.0,-0.0,0.0,0.0,0.0,-0.0,0.0,0.0,0.0,-0.0,0.0,0.0,0.0,0.0,0.0,0.0,0.0,-0.0,0.0,0.0,0.0,-0.0,0.0,0.0,0.0,0.0,-0.0,0.0,1.0,0.0,0.0,0.0,0.0,0.0,2.6366793526923806,9.9374532,0.0,0.0,0.0,0.0,893.5,111.90000000000003,185.0,67.0,1.7802150537634407,1.1206451612903228,2034756.548331416,421298.2220943614,2.471863559998872,8.496173824192162,0.0,0.0,0.0,2.89656758127774,0.0,8.496173824192162,1168.572304
4.733333333333333,11.156666666666666,-1.6833333333333331,77.6,15.6,35.736666666666665,46.1,16,0.0,34.96666666666667,23,0.0,0.0,3.4657359027997265,0.0,0.0,0.0,-0.6298568507156688,-0.0,-3.4657359027997265,-0.0,31.0,1.0,0,0,0,0,0,0,0,0,0,0,0,0,0,0,0,0,0,0,0,0,0,0,0,0.0,53,0,0,LOC,CITY,4,Unassigned,Fee,Local Other or Unknown,OPEN ACCESS,0,0,0,0,0,0,0,0,0,0,1,0,0,4,0,0.6874194125839899,42.21105160777266,1.2807422,3,73,12,11,0.0,0.1553922301918808,3.046243151333482,1702.3848648648648,189.912677783956,1.039984153883354,0.031141537167733,0.8660254037844387,-0.4999999999999998,0,1,0,0,0,0.0,0.1444398795647473,1.397788833660896,0.0,0.0,3.766096286786617,0.0,0.0,1474.3085399911115,-851.192432432432,0.0,0.0,0.0,36.5558430127871,-21.10552580388632,0.0,0.5953226743523115,0.0,0.0,1.1091552808987704,0.0,0.0,0.0,0.0,0.0,0.0,8057.955027027026,27238.15783783784,132105.0655135135,3275.577604763158,199.798977610124,658.4924050812535,0.0,0.0,52.06666666666667,232.8,48.0,3.2537852195642185,0.0,0.0,0.0,0.0,0.0,0.0,0.0,0.0,0.0,5900.016346545022,146.29235705198982,4.438714224770708,2.382414138473832,10.39720770839918,38.123094930797,0.0,0.0,3.604310420456336,0.0,0.0,0.0,0.0,0.0,0.0,0.0,0.0,0.0,0.0,0.0,0.0,0.0,0.0,0.0,0.0,0.0,0.0,0.0,0.0,0.0,0.0,0.0,0.0,0.0,0.0,0.0,0.0,0.0,0.0,0.0,0.0,0.0,0.0,0.0,0.0,0.0,268.9411060572588,55.451774444795625,16.40448327325204,0.0,0.0,0.0,0.0,0.0,0.0,0.0,0.0,0.0,0.0,0.0,0.0,0.0,3.4657359027997265,0.0,0.0,0.0,0.0,0.0,0.0,0.0,0.0,0.0,-0.0,0.0,0.0,0.0,-0.0,0.0,0.0,0.0,-0.0,0.0,0.0,0.0,-0.0,0.0,0.0,0.0,0.0,0.0,0.0,0.0,0.0,0.0,0.0,0.0,0.0,0.0,0.0,0.0,0.0,0.0,0.0,0.0,0.0,0.0,0.0,0.0,2.7496776503359595,5.1229688,0.0,0.0,0.0,0.0,227.2,214.3,100.0,70.0,0.0,0.5581541218637992,386781.8412972973,170238.48648648648,1.7328679513998633,3.4657359027997265,0.0,0.0,0.0,1.1596608220675928,0.0,0.0,1989.460685
11.380645161290325,17.274193548387096,5.319354838709677,136.4,16.570967741935487,37.37096774193548,56.70967741935484,2,0.0129032258064515,44.86451612903225,24,0.0,0.0,3.4339872044851463,0.0,0.0,0.0,-0.6298568507156688,-0.0,-3.4339872044851463,-0.0,30.0,1.0,0,0,0,0,0,0,0,0,0,0,0,0,0,0,0,0,0,0,0,0,0,0,0,0.0,53,0,0,LOC,CITY,4,Unassigned,Fee,Local Other or Unknown,OPEN ACCESS,0,0,0,0,0,0,0,0,0,0,1,0,0,4,0,0.6874194125839899,42.21105160777266,1.2807422,3,73,12,11,0.0,0.1553922301918808,3.046243151333482,1702.3848648648648,189.912677783956,1.039984153883354,0.031141537167733,0.4999999999999999,-0.8660254037844387,0,1,0,0,0,0.0,0.1444398795647473,1.397788833660896,0.0,0.0,3.766096286786617,0.0,0.0,851.1924324324323,-1474.3085399911115,0.0,0.0,0.0,21.105525803886326,-36.5558430127871,0.0,0.3437097062919949,0.0,0.0,0.6403710999999999,0.0,0.0,0.0,0.0,0.0,0.0,19374.23807497821,3404.769729729729,232205.2955675676,5757.587439300191,480.3890002329741,699.4779745455749,0.0,0.0,125.18709677419358,409.2000000000001,6.0,7.823276411601022,0.0,0.0,0.0,0.0,0.0,0.0,0.0,0.0,0.0,5845.96784305512,144.95221110895346,4.398052327044156,2.3605894669281167,10.30196161345544,37.77385924933661,0.0,0.0,3.5712922773027493,0.0,0.0,0.0,0.0,0.0,0.0,0.0,0.0,0.0,0.0,0.0,0.0,0.0,0.0,0.0,0.0,0.0,0.0,0.0,0.0,0.0,0.0,0.0,0.0,0.0,0.0,0.0,0.0,0.0,0.0,0.0,0.0,0.0,0.0,0.0,0.0,0.0,468.395854691774,6.8679744089702925,39.08098986265677,0.0,0.0,0.0,0.0,0.0,0.0,0.0,0.0,0.0,0.0,0.0,0.0,0.0,3.4339872044851463,0.0,0.0,0.0,0.0,0.0,0.0,0.0,0.0,0.0,-0.0,0.0,0.0,0.0,-0.0,0.0,0.0,0.0,-0.0,0.0,0.0,0.0,-0.0,0.0,0.0,0.0,0.0,0.0,0.0,0.0,0.0,0.0,0.0,0.0,0.0,0.0,0.0,0.0,0.0,0.0,0.0,0.0,0.0,0.0,0.0,0.0,2.7496776503359595,5.1229688,0.0,0.0,0.0,0.0,363.6,315.6,102.0,46.0,0.0129032258064515,5.810035842293907,618987.1368648648,173643.2562162162,1.7169936022425734,3.4339872044851463,0.0,0.0,0.0,1.1490374731974957,0.0,0.0,3203.635333
20.51333333333333,27.30666666666667,13.423333333333334,30.3,16.26,37.44666666666667,38.63333333333333,0,3.2066666666666666,44.28,30,0.0,0.0,3.4657359027997265,0.0,0.0,0.0,-0.6298568507156688,-0.0,-3.4657359027997265,-0.0,31.0,1.0,0,0,0,0,0,0,0,0,0,0,0,0,0,0,0,0,0,0,0,0,0,0,0,0.0,53,0,0,LOC,CITY,4,Unassigned,Fee,Local Other or Unknown,OPEN ACCESS,0,0,0,0,0,0,0,0,0,0,1,0,0,4,0,0.6874194125839899,42.21105160777266,1.2807422,3,73,12,11,0.0,0.1553922301918808,3.046243151333482,1702.3848648648648,189.912677783956,1.039984153883354,0.031141537167733,1.2246467991473532e-16,-1.0,0,0,1,0,1,0.0,0.1444398795647473,1.397788833660896,0.0,0.0,3.766096286786617,0.0,0.0,2.0848201756736562e-13,-1702.3848648648648,1702.3848648648648,0.0,42.21105160777266,5.169362924010253e-15,-42.21105160777266,0.6874194125839899,8.41845983292737e-17,0.0,1.2807422,1.568456835762939e-16,0.0,0.0,0.0,0.0,0.0,0.0,34921.58819459459,0.0,51582.26140540541,1278.9948637155117,865.8893719807763,686.3516991423835,0.0,0.0,225.64666666666665,90.9,0.0,14.101263550139576,0.0,0.0,0.0,0.0,0.0,0.0,0.0,0.0,0.0,5900.016346545022,146.29235705198982,4.438714224770708,2.382414138473832,10.39720770839918,38.123094930797,0.0,0.0,3.604310420456336,0.0,0.0,0.0,0.0,0.0,0.0,0.0,0.0,0.0,0.0,0.0,0.0,0.0,0.0,0.0,0.0,0.0,0.0,0.0,0.0,0.0,0.0,0.0,0.0,0.0,0.0,0.0,0.0,0.0,0.0,0.0,0.0,0.0,0.0,0.0,0.0,0.0,105.01179785483173,0.0,71.0937958194317,0.0,0.0,0.0,0.0,0.0,0.0,0.0,0.0,0.0,0.0,0.0,0.0,0.0,3.4657359027997265,0.0,0.0,0.0,0.0,0.0,0.0,0.0,0.0,0.0,-0.0,0.0,0.0,0.0,-0.0,0.0,0.0,0.0,-0.0,0.0,0.0,0.0,-0.0,0.0,0.0,0.0,0.0,0.0,0.0,0.0,0.0,0.0,0.0,0.0,0.0,0.0,0.0,0.0,0.0,1.0,0.0,0.0,0.0,0.0,0.0,0.0,2.7496776503359595,5.1229688,0.0,0.0,0.0,0.0,393.9,244.3,102.0,18.0,3.219569892473118,12.209103942652328,670569.3982702702,173643.2562162162,1.7328679513998633,3.4657359027997265,0.0,0.0,0.0,1.1596608220675928,3.4657359027997265,0.0,2612.581905
23.04516129032258,29.33870967741936,16.70967741935484,22.4,14.935483870967742,36.1741935483871,36.41935483870968,0,5.04516129032258,47.43225806451613,30,0.0,0.0,3.218875824868201,0.0,0.0,0.0,-0.6298568507156688,-0.0,-3.218875824868201,-0.0,24.0,1.0,0,0,0,0,0,0,0,0,0,0,0,0,0,0,0,0,0,0,0,0,0,0,0,0.0,53,0,0,LOC,CITY,4,Unassigned,Fee,Local Other or Unknown,OPEN ACCESS,0,0,0,0,0,0,0,0,0,0,1,0,0,4,0,0.6874194125839899,42.21105160777266,1.2807422,3,73,12,11,0.0,0.1553922301918808,3.046243151333482,1702.3848648648648,189.912677783956,1.039984153883354,0.031141537167733,-0.4999999999999997,-0.8660254037844388,0,0,1,0,1,0.0,0.1444398795647473,1.397788833660896,0.0,0.0,3.766096286786617,0.0,0.0,-851.1924324324319,-1474.3085399911115,1702.3848648648648,0.0,42.21105160777266,-21.10552580388632,-36.5558430127871,0.6874194125839899,-0.3437097062919947,0.0,1.2807422,-0.6403710999999996,0.0,-0.0,0.0,-0.0,0.0,-0.0,39231.73378901482,0.0,38133.42097297297,945.5275560141076,972.7604925352512,630.4424804644756,0.0,0.0,253.4967741935484,67.19999999999999,0.0,15.84169123709685,0.0,0.0,0.0,0.0,0.0,0.0,0.0,0.0,0.0,5479.765486135033,135.87213356252343,4.122550105468514,2.2127177287117044,9.656627474604605,35.40763407355021,0.0,0.0,3.3475798511811394,0.0,0.0,0.0,0.0,0.0,0.0,0.0,0.0,0.0,0.0,0.0,0.0,0.0,0.0,0.0,0.0,0.0,0.0,0.0,0.0,0.0,0.0,0.0,0.0,0.0,0.0,0.0,0.0,0.0,0.0,0.0,0.0,0.0,0.0,0.0,0.0,0.0,72.10281847704769,0.0,74.17951255760782,0.0,0.0,0.0,0.0,0.0,0.0,0.0,0.0,0.0,0.0,0.0,0.0,0.0,3.218875824868201,0.0,0.0,0.0,0.0,0.0,0.0,0.0,0.0,-0.0,-0.0,0.0,0.0,-0.0,-0.0,0.0,0.0,-0.0,-0.0,0.0,0.0,-0.0,-0.0,0.0,0.0,0.0,0.0,0.0,0.0,0.0,0.0,0.0,0.0,0.0,0.0,0.0,0.0,0.0,0.0,1.0,0.0,0.0,0.0,0.0,0.0,0.0,2.7496776503359595,5.1229688,0.0,0.0,0.0,0.0,416.3,189.1,102.0,2.0,8.264731182795698,18.31304659498208,708702.8192432432,173643.2562162162,1.6094379124341005,3.218875824868201,0.0,0.0,0.0,1.0770596173195672,3.218875824868201,0.0,2675.459929
21.712903225806453,28.425806451612903,15.093548387096773,12.1,16.5258064516129,36.86129032258064,29.193548387096776,0,3.712903225806452,44.93870967741936,31,1.0,0.0,2.833213344056216,0.0,3.555348061489413,3.555348061489413,-0.6298568507156688,-0.0,-2.833213344056216,-0.0,50.0,2.0,0,0,0,0,0,0,0,0,0,0,0,0,0,0,0,0,0,0,0,0,0,0,0,0.0,53,0,0,LOC,CITY,4,Unassigned,Fee,Local Other or Unknown,OPEN ACCESS,0,0,0,0,0,0,0,0,0,0,1,0,0,4,0,0.6874194125839899,42.21105160777266,1.2807422,3,73,12,11,0.0,0.1553922301918808,3.046243151333482,1702.3848648648648,189.912677783956,1.039984153883354,0.031141537167733,-0.8660254037844385,-0.5000000000000004,0,0,1,0,1,0.0,0.1444398795647473,1.397788833660896,0.0,0.0,3.766096286786617,0.0,0.0,-1474.3085399911113,-851.1924324324332,1702.3848648648648,0.0,42.21105160777266,-36.555843012787086,-21.105525803886348,0.6874194125839899,-0.5953226743523113,0.0,1.2807422,-1.10915528089877,0.0,-0.0,0.0,-0.0,0.0,-0.0,36963.71782388841,0.0,20598.85686486486,510.7537244540492,916.5244786190896,697.5716689890945,0.0,0.0,238.841935483871,36.3,0.0,14.925871180976891,0.0,0.0,0.0,0.0,0.0,0.0,0.0,0.0,0.0,4823.219515854473,119.5929146817871,3.6286158913359152,1.9476058526962456,8.49964003216865,31.16534678461838,0.0,0.0,2.9464969823893323,0.0,0.0,0.0,0.0,0.0,0.0,0.0,0.0,0.0,6052.570729206213,150.0749805071241,4.553484298037686,2.4440152759606795,10.66604418446824,39.108828676383546,0.0,0.0,3.6975056454888895,0.0,0.0,0.0,0.0,0.0,0.0,0.0,0.0,0.0,0.0,0.0,0.0,0.0,0.0,0.0,0.0,0.0,0.0,0.0,34.28188146308022,0.0,61.517287157556105,0.0,0.0,0.0,43.019711544021895,0.0,77.1969283931782,0.0,0.0,0.0,0.0,0.0,0.0,0.0,2.833213344056216,0.0,0.0,0.0,0.0,0.0,3.555348061489413,0.0,0.0,-0.0,-0.0,0.0,0.0,-0.0,-0.0,0.0,0.0,-0.0,-0.0,0.0,0.0,-0.0,-0.0,0.0,0.0,0.0,0.0,0.0,0.0,0.0,0.0,0.0,0.0,0.0,0.0,0.0,0.0,0.0,0.0,1.0,0.0,0.0,0.0,0.0,0.0,0.0,2.7496776503359595,5.1229688,0.0,0.0,0.0,0.0,428.4,64.8,102.0,0.0,11.97763440860215,21.757132616487453,729301.676108108,173643.2562162162,1.8676338401988712,6.388561405545629,0.0,0.0,0.0,2.1376598157405695,6.388561405545629,0.0,2002.03629
19.290000000000003,26.46,12.263333333333332,13.9,16.856666666666666,38.41666666666666,31.366666666666667,0,2.33,38.440000000000005,28,1.0,0.0,2.9444389791664403,0.0,2.772588722239781,2.772588722239781,-0.6298568507156688,-0.0,-2.9444389791664403,-0.0,33.0,2.0,0,0,0,0,0,0,0,0,0,0,0,0,0,0,0,0,0,0,0,0,0,0,0,0.0,53,0,0,LOC,CITY,4,Unassigned,Fee,Local Other or Unknown,OPEN ACCESS,0,0,0,0,0,0,0,0,0,0,1,0,0,4,0,0.6874194125839899,42.21105160777266,1.2807422,3,73,12,11,0.0,0.1553922301918808,3.046243151333482,1702.3848648648648,189.912677783956,1.039984153883354,0.031141537167733,-1.0,-1.8369701987210292e-16,0,0,0,1,0,0.0,0.1444398795647473,1.397788833660896,0.0,0.0,3.766096286786617,0.0,0.0,-1702.3848648648648,-3.127230263510484e-13,0.0,0.0,0.0,-42.21105160777266,-7.754044386015378e-15,0.0,-0.6874194125839899,0.0,0.0,-1.2807422,0.0,-0.0,0.0,-0.0,0.0,-0.0,32839.00404324324,0.0,23663.149621621626,586.73361734804,814.2511855139347,711.5376266016877,0.0,0.0,212.19000000000003,41.7,0.0,13.260320468745164,0.0,0.0,0.0,0.0,0.0,0.0,0.0,0.0,0.0,5012.568353651101,124.28786570553206,3.7710672559433807,2.024064513447997,8.83331693749932,32.38882877083084,0.0,0.0,3.062169880409577,0.0,0.0,0.0,0.0,0.0,0.0,0.0,0.0,0.0,4720.013077236018,117.03388564159188,3.550971379816566,1.9059313107790647,8.317766166719343,30.4984759446376,0.0,0.0,2.8834483363650687,0.0,0.0,0.0,0.0,0.0,0.0,0.0,0.0,0.0,0.0,0.0,0.0,0.0,0.0,0.0,0.0,0.0,0.0,0.0,40.92770181041352,0.0,56.79822790812064,0.0,0.0,0.0,38.53898323913296,0.0,53.483236452005386,0.0,0.0,0.0,0.0,0.0,0.0,0.0,2.9444389791664403,0.0,0.0,0.0,0.0,0.0,2.772588722239781,0.0,0.0,-0.0,-0.0,0.0,0.0,-0.0,-0.0,0.0,0.0,-0.0,-0.0,0.0,0.0,-0.0,-0.0,0.0,0.0,0.0,0.0,0.0,0.0,0.0,0.0,0.0,0.0,0.0,0.0,0.0,0.0,0.0,0.0,0.0,0.0,0.0,0.0,0.0,0.0,0.0,2.7496776503359595,5.1229688,0.0,0.0,0.0,0.0,442.3,48.400000000000006,102.0,0.0,14.30763440860215,21.34935483870968,752964.8257297297,173643.2562162162,1.6518542803028364,5.717027701406222,0.0,0.0,0.0,1.912959680118781,0.0,0.0,2852.147178
11.04516129032258,18.10322580645161,5.106451612903226,13.5,16.845161290322583,37.170967741935485,45.2258064516129,2,0.0,34.20645161290323,26,1.0,0.0,2.8903717578961645,0.0,2.079441541679836,2.079441541679836,-0.6298568507156688,-0.0,-2.8903717578961645,-0.0,24.0,2.0,0,0,0,0,0,0,0,0,0,0,0,0,0,0,0,0,0,0,0,0,0,0,0,0.0,53,0,0,LOC,CITY,4,Unassigned,Fee,Local Other or Unknown,OPEN ACCESS,0,0,0,0,0,0,0,0,0,0,1,0,0,4,0,0.6874194125839899,42.21105160777266,1.2807422,3,73,12,11,0.0,0.1553922301918808,3.046243151333482,1702.3848648648648,189.912677783956,1.039984153883354,0.031141537167733,-0.8660254037844386,0.5000000000000001,0,0,0,1,0,0.0,0.1444398795647473,1.397788833660896,0.0,0.0,3.766096286786617,0.0,0.0,-1474.3085399911115,851.1924324324326,0.0,0.0,0.0,-36.55584301278709,21.105525803886334,0.0,-0.5953226743523115,0.0,0.0,-1.10915528089877,0.0,-0.0,0.0,-0.0,0.0,-0.0,18803.11541063644,3404.769729729729,22982.19567567568,569.8491967049309,466.2278732419793,711.0519725670608,0.0,0.0,121.4967741935484,40.5,6.0,7.592658286088972,0.0,0.0,0.0,0.0,0.0,0.0,0.0,0.0,0.0,4920.525134475283,122.00563143820358,3.701821084025801,1.986897655962336,8.671115273688493,31.79408933685781,0.0,0.0,3.0059408270439856,0.0,0.0,0.0,0.0,0.0,0.0,0.0,0.0,0.0,3540.009807927014,87.7754142311939,2.663228534862425,1.4294484830842993,6.238324625039509,22.8738569584782,0.0,0.0,2.162586252273802,0.0,0.0,0.0,0.0,0.0,0.0,0.0,0.0,0.0,0.0,0.0,0.0,0.0,0.0,0.0,0.0,0.0,0.0,0.0,39.02001873159822,5.780743515792329,31.924622254956347,0.0,0.0,0.0,28.07246081267779,4.158883083359672,22.967767221650835,0.0,0.0,0.0,0.0,0.0,0.0,0.0,2.8903717578961645,0.0,0.0,0.0,0.0,0.0,2.079441541679836,0.0,0.0,-0.0,0.0,0.0,0.0,-0.0,0.0,0.0,0.0,-0.0,0.0,0.0,0.0,-0.0,0.0,0.0,0.0,0.0,0.0,0.0,0.0,0.0,0.0,0.0,0.0,0.0,0.0,0.0,0.0,0.0,0.0,0.0,0.0,0.0,0.0,0.0,0.0,0.0,2.7496776503359595,5.1229688,0.0,0.0,0.0,0.0,455.8,39.5,104.0,2.0,14.30763440860215,17.349354838709676,775947.0214054054,177048.02594594593,1.4723637419635762,4.969813299576001,0.0,0.0,0.0,1.6629362242671155,0.0,0.0,2845.230595
7.79,14.316666666666666,1.596666666666667,2.4,20.216666666666665,42.78333333333333,57.13333333333333,11,0.0,29.10666666666667,23,1.0,0.0,3.218875824868201,0.0,3.1354942159291497,3.1354942159291497,-0.6298568507156688,-0.0,-3.218875824868201,-0.0,46.0,2.0,0,0,0,0,0,0,0,0,0,0,0,0,0,0,0,0,0,0,0,0,0,0,0,0.0,53,0,0,LOC,CITY,4,Unassigned,Fee,Local Other or Unknown,OPEN ACCESS,0,0,0,0,0,0,0,0,0,0,1,0,0,4,0,0.6874194125839899,42.21105160777266,1.2807422,3,73,12,11,0.0,0.1553922301918808,3.046243151333482,1702.3848648648648,189.912677783956,1.039984153883354,0.031141537167733,-0.5000000000000004,0.8660254037844384,0,0,0,1,0,0.0,0.1444398795647473,1.397788833660896,0.0,0.0,3.766096286786617,0.0,0.0,-851.1924324324332,1474.308539991111,0.0,0.0,0.0,-21.105525803886348,36.555843012787086,0.0,-0.3437097062919952,0.0,0.0,-0.6403711000000005,0.0,-0.0,0.0,-0.0,0.0,-0.0,13261.578097297295,18726.23351351351,4085.723675675675,101.3065238586544,328.82409202454903,853.3667600038038,0.0,0.0,85.69,7.199999999999999,33.0,5.354997224029281,0.0,0.0,0.0,0.0,0.0,0.0,0.0,0.0,0.0,5479.765486135033,135.87213356252343,4.122550105468514,2.2127177287117044,9.656627474604605,35.40763407355021,0.0,0.0,3.3475798511811394,0.0,0.0,0.0,0.0,0.0,0.0,0.0,0.0,0.0,5337.817897069111,132.35250816445802,4.015759760196374,2.155399592074514,9.406482647787447,34.490436375220646,0.0,0.0,3.260864299159228,0.0,0.0,0.0,0.0,0.0,0.0,0.0,0.0,0.0,0.0,0.0,0.0,0.0,0.0,0.0,0.0,0.0,0.0,0.0,7.725301979683682,35.40763407355021,25.075042675723285,0.0,0.0,0.0,7.525186118229959,34.490436375220646,24.42549994208808,0.0,0.0,0.0,0.0,0.0,0.0,0.0,3.218875824868201,0.0,0.0,0.0,0.0,0.0,3.1354942159291497,0.0,0.0,-0.0,0.0,0.0,0.0,-0.0,0.0,0.0,0.0,-0.0,0.0,0.0,0.0,-0.0,0.0,0.0,0.0,0.0,0.0,0.0,0.0,0.0,0.0,0.0,0.0,0.0,0.0,0.0,0.0,0.0,0.0,0.0,0.0,0.0,0.0,0.0,0.0,0.0,2.7496776503359595,5.1229688,0.0,0.0,0.0,0.0,458.2,29.8,115.0,13.0,14.30763440860215,12.708387096774194,780032.745081081,195774.25945945943,1.8346644470856568,6.354370040797351,0.0,0.0,0.0,2.12621913264652,0.0,0.0,2285.616179
3.55483870967742,9.712903225806452,-2.1322580645161286,26.8,22.451612903225808,46.89354838709678,61.96774193548387,20,0.0,23.570967741935487,19,1.0,0.0,2.9444389791664403,0.0,3.951243718581428,3.951243718581428,-0.6298568507156688,-0.0,-2.9444389791664403,-0.0,69.0,2.0,0,0,0,0,0,0,0,0,0,0,0,0,0,0,0,0,0,0,0,0,0,0,0,0.0,53,0,0,LOC,CITY,4,Unassigned,Fee,Local Other or Unknown,OPEN ACCESS,0,0,0,0,0,0,0,0,0,0,1,0,0,4,0,0.6874194125839899,42.21105160777266,1.2807422,3,73,12,11,0.0,0.1553922301918808,3.046243151333482,1702.3848648648648,189.912677783956,1.039984153883354,0.031141537167733,-2.4492935982947064e-16,1.0,1,0,0,0,0,0.0,0.1444398795647473,1.397788833660896,0.0,0.0,3.766096286786617,0.0,0.0,-4.1696403513473124e-13,1702.3848648648648,0.0,1702.3848648648648,0.0,-1.0338725848020506e-14,42.21105160777266,0.0,-1.683691966585474e-16,0.6874194125839899,0.0,-3.136913671525878e-16,0.0,-0.0,0.0,-0.0,0.0,-0.0,6051.703616390585,34047.697297297294,45623.91437837838,1131.2561830883074,150.05348023150154,947.7061909357992,0.0,0.0,39.10322580645162,80.4,60.0,2.4436651376372804,0.0,0.0,0.0,0.0,0.0,0.0,0.0,0.0,0.0,5012.568353651101,124.28786570553206,3.7710672559433807,2.024064513447997,8.83331693749932,32.38882877083084,0.0,0.0,3.062169880409577,0.0,0.0,0.0,0.0,0.0,0.0,0.0,0.0,0.0,6726.53750390539,166.7861525199282,5.060524572872159,2.716161636003425,11.853731155744285,43.46368090439571,0.0,0.0,4.109230855455824,0.0,0.0,0.0,0.0,0.0,0.0,0.0,0.0,0.0,0.0,0.0,0.0,0.0,0.0,0.0,0.0,0.0,0.0,0.0,78.9109646416606,58.888779583328805,10.46700566142393,0.0,0.0,0.0,105.89333165798227,79.02487437162856,14.046034122183016,0.0,0.0,0.0,0.0,0.0,0.0,0.0,2.9444389791664403,0.0,0.0,0.0,0.0,0.0,3.951243718581428,0.0,0.0,-0.0,0.0,0.0,0.0,-0.0,0.0,0.0,0.0,-0.0,0.0,0.0,0.0,-0.0,0.0,0.0,0.0,0.0,0.0,0.0,0.0,0.0,0.0,0.0,0.0,0.0,0.0,0.0,0.0,0.0,0.0,0.0,1.0,0.0,0.0,0.0,0.0,0.0,2.7496776503359595,5.1229688,0.0,0.0,0.0,0.0,485.0,42.7,135.0,33.0,14.30763440860215,7.463333333333332,825656.6594594594,229821.9567567568,2.032604065286619,6.895682697747868,0.0,0.0,0.0,2.307346344401958,0.0,6.895682697747868,2305.737147
-2.129032258064516,3.667741935483871,-8.412903225806453,42.4,18.206451612903223,38.061290322580646,56.64516129032258,30,0.0,28.580645161290324,17,1.0,0.0,3.1354942159291497,0.0,3.4339872044851463,3.4339872044851463,0.3701431492843312,0.0,0.0,0.0,52.0,2.0,0,0,0,0,0,0,0,0,0,0,0,0,0,0,0,0,0,0,0,0,0,0,0,0.0,53,0,0,LOC,CITY,4,Unassigned,Fee,Local Other or Unknown,OPEN ACCESS,0,0,0,0,0,0,0,0,0,0,1,0,0,4,0,0.6874194125839899,42.21105160777266,1.2807422,3,73,12,11,0.0,0.1553922301918808,3.046243151333482,1702.3848648648648,189.912677783956,1.039984153883354,0.031141537167733,0.4999999999999999,0.8660254037844387,1,0,0,0,0,0.0,0.1444398795647473,1.397788833660896,0.0,0.0,3.766096286786617,0.0,0.0,851.1924324324323,1474.3085399911115,0.0,1702.3848648648648,0.0,21.105525803886326,36.5558430127871,0.0,0.3437097062919949,0.6874194125839899,0.0,0.6403710999999999,0.0,0.0,0.0,0.0,0.0,0.0,-3624.432292938099,51071.545945945945,72181.11827027026,1789.748588169561,-89.86869051977405,768.5134686266737,-0.0,0.0,-23.41935483870968,127.2,90.0,-1.463538104211075,0.0,0.0,0.0,0.0,0.0,0.0,0.0,0.0,0.0,5337.817897069111,132.35250816445802,4.015759760196374,2.155399592074514,9.406482647787447,34.490436375220646,0.0,0.0,3.260864299159228,0.0,0.0,0.0,0.0,0.0,0.0,0.0,0.0,0.0,5845.96784305512,144.95221110895346,4.398052327044156,2.3605894669281167,10.30196161345544,37.77385924933661,0.0,0.0,3.5712922773027493,0.0,0.0,0.0,0.0,0.0,0.0,0.0,0.0,0.0,0.0,0.0,0.0,0.0,0.0,0.0,0.0,0.0,0.0,-0.0,132.94495475539594,94.06482647787448,-6.675568330687867,0.0,0.0,-0.0,145.6010574701702,103.01961613455438,-7.3110695321296655,0.0,0.0,0.0,0.0,0.0,0.0,0.0,3.1354942159291497,0.0,0.0,0.0,0.0,0.0,3.4339872044851463,0.0,0.0,0.0,0.0,0.0,0.0,0.0,0.0,0.0,0.0,0.0,0.0,0.0,0.0,0.0,0.0,0.0,0.0,0.0,0.0,0.0,0.0,-0.0,0.0,0.0,0.0,-0.0,0.0,0.0,0.0,0.0,-0.0,0.0,1.0,0.0,0.0,0.0,0.0,0.0,2.7496776503359595,5.1229688,0.0,0.0,0.0,0.0,42.4,71.6,30.0,61.0,0.0,3.0719354838709667,72181.11827027026,51071.545945945945,1.9003570335948896,6.569481420414296,0.0,0.0,0.0,2.1981969885244483,0.0,6.569481420414296,2660.369204
-4.503571428571428,1.0142857142857142,-9.992857142857144,36.1,18.560714285714287,39.71785714285714,53.392857142857146,28,0.0,26.24642857142857,22,1.0,0.0,3.295836866004329,0.0,3.970291913552122,3.970291913552122,0.3701431492843312,0.0,0.0,0.0,78.0,2.0,0,0,0,0,0,0,0,0,0,0,0,0,0,0,0,0,0,0,0,0,0,0,0,0.0,53,0,0,LOC,CITY,4,Unassigned,Fee,Local Other or Unknown,OPEN ACCESS,0,0,0,0,0,0,0,0,0,0,1,0,0,4,0,0.6874194125839899,42.21105160777266,1.2807422,3,73,12,11,0.0,0.1553922301918808,3.046243151333482,1702.3848648648648,189.912677783956,1.039984153883354,0.031141537167733,0.8660254037844386,0.5000000000000001,1,0,0,0,0,0.0,0.1444398795647473,1.397788833660896,0.0,0.0,3.766096286786617,0.0,0.0,1474.3085399911115,851.1924324324326,0.0,1702.3848648648648,0.0,36.55584301278709,21.105525803886334,0.0,0.5953226743523115,0.6874194125839899,0.0,1.10915528089877,0.0,0.0,0.0,0.0,0.0,0.0,-7666.811837837837,47666.77621621621,61456.09362162162,1523.8189630405932,-190.100485990719,783.467268591409,-0.0,0.0,-49.53928571428571,108.3,84.0,-3.095842425958612,0.0,0.0,0.0,0.0,0.0,0.0,0.0,0.0,0.0,5610.782797749419,139.12074004170844,4.22111735860749,2.265622242401354,9.887510598012987,36.25420552604762,0.0,0.0,3.4276181144290776,0.0,0.0,0.0,0.0,0.0,0.0,0.0,0.0,0.0,6758.964862726494,167.5901968608711,5.084920400004954,2.7292557350009647,11.910875740656364,43.67321104907335,0.0,0.0,4.129040676385427,0.0,0.0,0.0,0.0,0.0,0.0,0.0,0.0,0.0,0.0,0.0,0.0,0.0,0.0,0.0,0.0,0.0,0.0,-0.0,118.97971086275628,92.28343224812122,-14.843036742969495,0.0,0.0,-0.0,143.3275380792316,111.16817357945942,-17.88049322496152,0.0,0.0,0.0,0.0,0.0,0.0,0.0,3.295836866004329,0.0,0.0,0.0,0.0,0.0,3.970291913552122,0.0,0.0,0.0,0.0,0.0,0.0,0.0,0.0,0.0,0.0,0.0,0.0,0.0,0.0,0.0,0.0,0.0,0.0,0.0,0.0,0.0,0.0,-0.0,0.0,0.0,0.0,-0.0,0.0,0.0,0.0,0.0,-0.0,0.0,1.0,0.0,0.0,0.0,0.0,0.0,2.7496776503359595,5.1229688,0.0,0.0,0.0,0.0,78.5,105.29999999999998,58.0,78.0,0.0,-1.025921658986176,133637.21189189187,98738.32216216216,2.1155457661366395,7.2661287795564515,0.0,0.0,0.0,2.43130033853487,0.0,7.2661287795564515,2482.424395
1.7741935483870968,7.993548387096775,-4.254838709677419,44.8,17.94193548387097,37.89677419354839,66.80645161290323,20,0.0,31.61290322580645,23,1.0,0.0,3.4011973816621555,0.0,4.330733340286331,4.330733340286331,0.3701431492843312,0.0,0.0,0.0,104.0,2.0,0,0,0,0,0,0,0,0,0,0,0,0,0,0,0,0,0,0,0,0,0,0,0,0.0,53,0,0,LOC,CITY,4,Unassigned,Fee,Local Other or Unknown,OPEN ACCESS,0,0,0,0,0,0,0,0,0,0,1,0,0,4,0,0.6874194125839899,42.21105160777266,1.2807422,3,73,12,11,0.0,0.1553922301918808,3.046243151333482,1702.3848648648648,189.912677783956,1.039984153883354,0.031141537167733,1.0,6.123233995736766e-17,0,1,0,0,0,0.0,0.1444398795647473,1.397788833660896,0.0,0.0,3.766096286786617,0.0,0.0,1702.3848648648648,1.0424100878368281e-13,0.0,0.0,0.0,42.21105160777266,2.5846814620051264e-15,0.0,0.6874194125839899,0.0,0.0,1.2807422,0.0,0.0,0.0,0.0,0.0,0.0,3020.3602441150824,34047.697297297294,76266.84194594594,1891.055112028215,74.89057543314505,757.3479646530051,0.0,0.0,19.516129032258064,134.39999999999998,60.0,1.2196150868425626,0.0,0.0,0.0,0.0,0.0,0.0,0.0,0.0,0.0,5790.146944959661,143.56811820556248,4.356057017224228,2.338049106184404,10.203592144986466,37.41317119828371,0.0,0.0,3.537191381158196,0.0,0.0,0.0,0.0,0.0,0.0,0.0,0.0,0.0,7372.57489226911,182.804808526328,5.546552945851664,2.97703016883753,12.992200020858991,47.63806674314964,0.0,0.0,4.503894048592112,0.0,0.0,0.0,0.0,0.0,0.0,0.0,0.0,0.0,0.0,0.0,0.0,0.0,0.0,0.0,0.0,0.0,0.0,0.0,152.37364269846455,68.02394763324311,6.034382451336082,0.0,0.0,0.0,194.0168536448276,86.61466680572661,7.683559152120909,0.0,0.0,0.0,0.0,0.0,0.0,0.0,3.4011973816621555,0.0,0.0,0.0,0.0,0.0,4.330733340286331,0.0,0.0,0.0,0.0,0.0,0.0,0.0,0.0,0.0,0.0,0.0,0.0,0.0,0.0,0.0,0.0,0.0,0.0,0.0,0.0,0.0,0.0,0.0,0.0,0.0,0.0,0.0,0.0,0.0,0.0,0.0,0.0,0.0,0.0,0.0,0.0,0.0,0.0,0.0,2.7496776503359595,5.1229688,0.0,0.0,0.0,0.0,123.3,123.29999999999998,78.0,78.0,0.0,-1.6194700460829503,209904.05383783783,132786.01945945946,2.264045547351053,7.731930721948487,0.0,0.0,0.0,2.587161107671567,0.0,0.0,3067.19002
8.386666666666667,15.923333333333334,0.95,11.2,22.473333333333336,49.61,60.4,12,0.0,28.00333333333333,30,1.0,0.0,3.5263605246161616,0.0,4.543294782270004,4.543294782270004,0.3701431492843312,0.0,0.0,0.0,126.0,2.0,0,0,0,0,0,0,0,0,0,0,0,0,0,0,0,0,0,0,0,0,0,0,0,0.0,53,0,0,LOC,CITY,4,Unassigned,Fee,Local Other or Unknown,OPEN ACCESS,0,0,0,0,0,0,0,0,0,0,1,0,0,4,0,0.6874194125839899,42.21105160777266,1.2807422,3,73,12,11,0.0,0.1553922301918808,3.046243151333482,1702.3848648648648,189.912677783956,1.039984153883354,0.031141537167733,0.8660254037844387,-0.4999999999999998,0,1,0,0,0,0.0,0.1444398795647473,1.397788833660896,0.0,0.0,3.766096286786617,0.0,0.0,1474.3085399911115,-851.192432432432,0.0,0.0,0.0,36.5558430127871,-21.10552580388632,0.0,0.5953226743523115,0.0,0.0,1.1091552808987704,0.0,0.0,0.0,0.0,0.0,0.0,14277.3344,20428.61837837837,19066.710486486485,472.76377800705376,354.0100194838534,948.6230331320112,0.0,0.0,92.25333333333332,33.599999999999994,36.0,5.765157473537728,0.0,0.0,0.0,0.0,0.0,0.0,0.0,0.0,0.0,6003.222785163478,148.85138609218507,4.516358736290057,2.424088680391012,10.579081573848484,38.789965770777776,0.0,0.0,3.6673590664806,0.0,0.0,0.0,0.0,0.0,0.0,0.0,0.0,0.0,7734.436273955966,191.77725052372332,5.818789354693005,3.123149030423952,13.629884346810012,49.97624260497004,0.0,0.0,4.724954579981727,0.0,0.0,0.0,0.0,0.0,0.0,0.0,0.0,0.0,0.0,0.0,0.0,0.0,0.0,0.0,0.0,0.0,0.0,0.0,39.49523787570101,42.316326295393935,29.574410266447543,0.0,0.0,0.0,50.88490156142404,54.51953738724005,38.10309890730444,0.0,0.0,0.0,0.0,0.0,0.0,0.0,3.5263605246161616,0.0,0.0,0.0,0.0,0.0,4.543294782270004,0.0,0.0,0.0,-0.0,0.0,0.0,0.0,-0.0,0.0,0.0,0.0,-0.0,0.0,0.0,0.0,-0.0,0.0,0.0,0.0,0.0,0.0,0.0,0.0,0.0,0.0,0.0,0.0,0.0,0.0,0.0,0.0,0.0,0.0,0.0,0.0,0.0,0.0,0.0,0.0,2.7496776503359595,5.1229688,0.0,0.0,0.0,0.0,134.5,92.1,90.0,60.0,0.0,1.885762928827444,228970.76432432432,153214.63783783783,2.3662144052743823,8.069655306886165,0.0,0.0,0.0,2.7001662473548533,0.0,0.0,2476.765373
12.583870967741936,19.574193548387097,5.661290322580645,103.3,19.11290322580645,41.95806451612904,65.6774193548387,4,0.2387096774193549,38.37419354838709,28,1.0,1.0986122886681098,3.258096538021482,0.0,4.219507705176107,4.219507705176107,0.3701431492843312,0.0,0.0,0.0,94.0,3.0,0,0,0,0,0,0,0,0,0,0,0,0,0,0,0,0,0,0,0,0,0,0,0,0.0,53,0,0,LOC,CITY,4,Unassigned,Fee,Local Other or Unknown,OPEN ACCESS,0,0,0,0,0,0,0,0,0,0,1,0,0,4,0,0.6874194125839899,42.21105160777266,1.2807422,3,73,12,11,0.0,0.1553922301918808,3.046243151333482,1702.3848648648648,189.912677783956,1.039984153883354,0.031141537167733,0.4999999999999999,-0.8660254037844387,0,1,0,0,0,0.0,0.1444398795647473,1.397788833660896,0.0,0.0,3.766096286786617,0.0,0.0,851.1924324324323,-1474.3085399911115,0.0,0.0,0.0,21.105525803886326,-36.5558430127871,0.0,0.3437097062919949,0.0,0.0,0.6403710999999999,0.0,0.0,0.0,0.0,0.0,0.0,21422.59147689625,6809.539459459459,175856.35654054052,4360.401631082916,531.1784268449069,806.7757444388806,0.0,0.0,138.4225806451613,309.9,12.0,8.650397188677886,1870.26093258314,46.37358001390282,1.4070391195358298,0.7552074141337848,3.295836866004329,12.084735175349207,0.0,0.0,1.1425393714763592,5546.5342345963845,137.52768110953022,4.172781727918016,2.2396788083086583,9.774289614064449,35.839061918236304,0.0,0.0,3.388368771364556,0.0,0.0,0.0,0.0,0.0,0.0,0.0,0.0,0.0,7183.226054472482,178.10985750258305,5.404101581244198,2.9005715080857786,12.658523115528322,46.41458475693717,0.0,0.0,4.388221150571867,0.0,0.0,0.0,0.0,0.0,0.0,0.0,0.0,0.0,0.0,0.0,0.0,0.0,0.0,0.0,0.0,113.48664941941574,4.394449154672439,13.82479528417515,336.5613723776191,13.032386152085929,40.99946643490904,0.0,0.0,0.0,435.87514594469184,16.878030820704428,53.09774050932901,0.0,0.0,0.0,0.0,1.0986122886681098,0.0,0.0,3.258096538021482,0.0,0.0,0.0,0.0,0.0,4.219507705176107,0.0,0.0,0.0,-0.0,0.0,0.0,0.0,-0.0,0.0,0.0,0.0,-0.0,0.0,0.0,0.0,-0.0,0.0,0.0,0.0,0.0,0.0,0.0,0.0,0.0,0.0,0.0,0.0,0.0,0.0,0.0,0.0,0.0,0.0,0.0,0.0,0.0,0.0,0.0,0.0,2.7496776503359595,5.1229688,0.0,0.0,0.0,0.0,237.8,159.29999999999998,94.0,36.0,0.2387096774193549,7.581577060931899,404827.1208648649,160024.17729729728,1.9355029308131653,8.576216531865699,0.0,0.0,0.0,2.8696653733883117,0.0,0.0,2247.889365
20.25333333333333,27.426666666666662,13.133333333333333,27.8,18.723333333333336,40.98333333333333,49.6,0,3.0733333333333333,42.07,28,1.0,0.0,3.218875824868201,0.0,4.30406509320417,4.30406509320417,0.3701431492843312,0.0,0.0,0.0,97.0,2.0,0,0,0,0,0,0,0,0,0,0,0,0,0,0,0,0,0,0,0,0,0,0,0,0.0,53,0,0,LOC,CITY,4,Unassigned,Fee,Local Other or Unknown,OPEN ACCESS,0,0,0,0,0,0,0,0,0,0,1,0,0,4,0,0.6874194125839899,42.21105160777266,1.2807422,3,73,12,11,0.0,0.1553922301918808,3.046243151333482,1702.3848648648648,189.912677783956,1.039984153883354,0.031141537167733,1.2246467991473532e-16,-1.0,0,0,1,0,1,0.0,0.1444398795647473,1.397788833660896,0.0,0.0,3.766096286786617,0.0,0.0,2.0848201756736562e-13,-1702.3848648648648,1702.3848648648648,0.0,42.21105160777266,5.169362924010253e-15,-42.21105160777266,0.6874194125839899,8.41845983292737e-17,0.0,1.2807422,1.568456835762939e-16,0.0,0.0,0.0,0.0,0.0,0.0,34478.96812972972,0.0,47326.29924324325,1173.46723469608,854.9144985627555,790.3315896028636,0.0,0.0,222.78666666666663,83.4,0.0,13.92253450286774,0.0,0.0,0.0,0.0,0.0,0.0,0.0,0.0,0.0,5479.765486135033,135.87213356252343,4.122550105468514,2.2127177287117044,9.656627474604605,35.40763407355021,0.0,0.0,3.3475798511811394,0.0,0.0,0.0,0.0,0.0,0.0,0.0,0.0,0.0,7327.175272063962,181.6791137724541,5.512397796413514,2.9586978980936665,12.912195279612511,47.34471602524587,0.0,0.0,4.476159494214818,0.0,0.0,0.0,0.0,0.0,0.0,0.0,0.0,0.0,0.0,0.0,0.0,0.0,0.0,0.0,0.0,0.0,0.0,0.0,89.48474793133599,0.0,65.19296503966396,0.0,0.0,0.0,119.65300959107591,0.0,87.17166502102845,0.0,0.0,0.0,0.0,0.0,0.0,0.0,3.218875824868201,0.0,0.0,0.0,0.0,0.0,4.30406509320417,0.0,0.0,0.0,-0.0,0.0,0.0,0.0,-0.0,0.0,0.0,0.0,-0.0,0.0,0.0,0.0,-0.0,0.0,0.0,0.0,0.0,0.0,0.0,0.0,0.0,0.0,0.0,0.0,0.0,0.0,0.0,0.0,0.0,1.0,0.0,0.0,0.0,0.0,0.0,0.0,2.7496776503359595,5.1229688,0.0,0.0,0.0,0.0,265.6,142.3,94.0,16.0,3.312043010752688,13.741290322580644,452153.42010810814,160024.17729729728,2.2164143632045032,7.522940918072371,0.0,0.0,0.0,2.517231576234697,7.522940918072371,0.0,2307.623488
23.56451612903226,30.532258064516128,16.822580645161292,42.9,19.4,43.57419354838709,47.25806451612903,0,5.564516129032258,46.83870967741935,30,1.0,0.0,2.772588722239781,0.0,4.219507705176107,4.219507705176107,0.3701431492843312,0.0,0.0,0.0,82.0,2.0,0,0,0,0,0,0,0,0,0,0,0,0,0,0,0,0,0,0,0,0,0,0,0,0.0,53,0,0,LOC,CITY,4,Unassigned,Fee,Local Other or Unknown,OPEN ACCESS,0,0,0,0,0,0,0,0,0,0,1,0,0,4,0,0.6874194125839899,42.21105160777266,1.2807422,3,73,12,11,0.0,0.1553922301918808,3.046243151333482,1702.3848648648648,189.912677783956,1.039984153883354,0.031141537167733,-0.4999999999999997,-0.8660254037844388,0,0,1,0,1,0.0,0.1444398795647473,1.397788833660896,0.0,0.0,3.766096286786617,0.0,0.0,-851.1924324324319,-1474.3085399911115,1702.3848648648648,0.0,42.21105160777266,-21.10552580388632,-36.5558430127871,0.6874194125839899,-0.3437097062919947,0.0,1.2807422,-0.6403710999999996,0.0,-0.0,0.0,-0.0,0.0,-0.0,40115.87560592851,0.0,73032.3107027027,1810.854113973447,994.683006434772,818.8944011907895,0.0,0.0,259.2096774193549,128.7,0.0,16.19870583524531,0.0,0.0,0.0,0.0,0.0,0.0,0.0,0.0,0.0,4720.013077236018,117.03388564159188,3.550971379816566,1.9059313107790647,8.317766166719343,30.4984759446376,0.0,0.0,2.8834483363650687,0.0,0.0,0.0,0.0,0.0,0.0,0.0,0.0,0.0,7183.226054472482,178.10985750258305,5.404101581244198,2.9005715080857786,12.658523115528322,46.41458475693717,0.0,0.0,4.388221150571867,0.0,0.0,0.0,0.0,0.0,0.0,0.0,0.0,0.0,0.0,0.0,0.0,0.0,0.0,0.0,0.0,0.0,0.0,0.0,118.9440561840866,0.0,65.33471166439227,0.0,0.0,0.0,181.01688055205497,0.0,99.43065737519828,0.0,0.0,0.0,0.0,0.0,0.0,0.0,2.772588722239781,0.0,0.0,0.0,0.0,0.0,4.219507705176107,0.0,0.0,-0.0,-0.0,0.0,0.0,-0.0,-0.0,0.0,0.0,-0.0,-0.0,0.0,0.0,-0.0,-0.0,0.0,0.0,0.0,0.0,0.0,0.0,0.0,0.0,0.0,0.0,0.0,0.0,0.0,0.0,0.0,0.0,1.0,0.0,0.0,0.0,0.0,0.0,0.0,2.7496776503359595,5.1229688,0.0,0.0,0.0,0.0,308.5,174.0,94.0,4.0,8.876559139784947,18.800573476702507,525185.7308108108,160024.17729729728,2.103104085565053,6.992096427415888,0.0,0.0,0.0,2.3396070902121324,6.992096427415888,0.0,1550.572077
22.270967741935483,28.829032258064515,16.274193548387096,56.2,16.493548387096773,36.4,41.67741935483871,0,4.27741935483871,47.061290322580646,30,1.0,0.6931471805599453,3.1780538303479458,0.0,4.189654742026425,4.189654742026425,0.3701431492843312,0.0,0.0,0.0,89.0,3.0,0,0,0,0,0,0,0,0,0,0,0,0,0,0,0,0,0,0,0,0,0,0,0,0.0,53,0,0,LOC,CITY,4,Unassigned,Fee,Local Other or Unknown,OPEN ACCESS,0,0,0,0,0,0,0,0,0,0,1,0,0,4,0,0.6874194125839899,42.21105160777266,1.2807422,3,73,12,11,0.0,0.1553922301918808,3.046243151333482,1702.3848648648648,189.912677783956,1.039984153883354,0.031141537167733,-0.8660254037844385,-0.5000000000000004,0,0,1,0,1,0.0,0.1444398795647473,1.397788833660896,0.0,0.0,3.766096286786617,0.0,0.0,-1474.3085399911113,-851.1924324324332,1702.3848648648648,0.0,42.21105160777266,-36.555843012787086,-21.105525803886348,0.6874194125839899,-0.5953226743523113,0.0,1.2807422,-1.10915528089877,0.0,-0.0,0.0,-0.0,0.0,-0.0,37913.7584097646,0.0,95674.0294054054,2372.261100356824,940.0809687098788,696.2100221630374,0.0,0.0,244.9806451612903,168.60000000000002,0.0,15.309495562838276,1180.0032693090045,29.258471410397966,0.8877428449541415,0.4764828276947663,2.079441541679836,7.6246189861593985,0.0,0.0,0.7208620840912672,5410.270740510154,134.1489942450967,4.070267654398255,2.184655897218084,9.534161491043838,34.9585921338274,0.0,0.0,3.3051256237501607,0.0,0.0,0.0,0.0,0.0,0.0,0.0,0.0,0.0,7132.404821835095,176.8497325344269,5.365867631543356,2.8800500016935326,12.568964226079276,46.08620216229068,0.0,0.0,4.357174541949734,0.0,0.0,0.0,0.0,0.0,0.0,0.0,0.0,0.0,0.0,0.0,0.0,0.0,0.0,0.0,0.0,38.954871547468926,0.0,15.43705849866407,178.60662526555456,0.0,70.7783343378136,0.0,0.0,0.0,235.4585965018851,0.0,93.30766560951754,0.0,0.0,0.0,0.0,0.6931471805599453,0.0,0.0,3.1780538303479458,0.0,0.0,0.0,0.0,0.0,4.189654742026425,0.0,0.0,-0.0,-0.0,0.0,0.0,-0.0,-0.0,0.0,0.0,-0.0,-0.0,0.0,0.0,-0.0,-0.0,0.0,0.0,0.0,0.0,0.0,0.0,0.0,0.0,0.0,0.0,0.0,0.0,0.0,0.0,0.0,0.0,1.0,0.0,0.0,0.0,0.0,0.0,0.0,2.7496776503359595,5.1229688,0.0,0.0,0.0,0.0,364.7,126.9,94.0,0.0,13.153978494623656,22.029605734767028,620859.7602162162,160024.17729729728,1.9907567365609489,8.060855752934316,0.0,0.0,0.0,2.697221851631744,8.060855752934316,0.0,2113.959173
18.65333333333333,26.24333333333333,11.78,24.2,14.746666666666666,33.21,32.4,0,2.08,41.78666666666666,27,1.0,0.0,3.091042453358316,0.0,4.553876891600541,4.553876891600541,0.3701431492843312,0.0,0.0,0.0,115.0,2.0,0,0,0,0,0,0,0,0,0,0,0,0,0,0,0,0,0,0,0,0,0,0,0,0.0,53,0,0,LOC,CITY,4,Unassigned,Fee,Local Other or Unknown,OPEN ACCESS,0,0,0,0,0,0,0,0,0,0,1,0,0,4,0,0.6874194125839899,42.21105160777266,1.2807422,3,73,12,11,0.0,0.1553922301918808,3.046243151333482,1702.3848648648648,189.912677783956,1.039984153883354,0.031141537167733,-1.0,-1.8369701987210292e-16,0,0,0,1,0,0.0,0.1444398795647473,1.397788833660896,0.0,0.0,3.766096286786617,0.0,0.0,-1702.3848648648648,-3.127230263510484e-13,0.0,0.0,0.0,-42.21105160777266,-7.754044386015378e-15,0.0,-0.6874194125839899,0.0,0.0,-1.2807422,0.0,-0.0,0.0,-0.0,0.0,-0.0,31755.15234594593,0.0,41197.71372972972,1021.5074489080984,787.3768159903192,622.4723077092875,0.0,0.0,205.1866666666666,72.6,0.0,12.822663442733354,0.0,0.0,0.0,0.0,0.0,0.0,0.0,0.0,0.0,5262.143889251957,130.4761525205241,3.958828512007527,2.1248425875597485,9.273127360074948,34.00146698694148,0.0,0.0,3.214635170473376,0.0,0.0,0.0,0.0,0.0,0.0,0.0,0.0,0.0,7752.451096718617,192.22393248679376,5.832342308677638,3.130423377803849,13.66163067480162,50.09264580760595,0.0,0.0,4.735959806000147,0.0,0.0,0.0,0.0,0.0,0.0,0.0,0.0,0.0,0.0,0.0,0.0,0.0,0.0,0.0,0.0,0.0,0.0,0.0,74.80322737127125,0.0,57.65824522997711,0.0,0.0,0.0,110.20382077673308,0.0,84.94498361798874,0.0,0.0,0.0,0.0,0.0,0.0,0.0,3.091042453358316,0.0,0.0,0.0,0.0,0.0,4.553876891600541,0.0,0.0,-0.0,-0.0,0.0,0.0,-0.0,-0.0,0.0,0.0,-0.0,-0.0,0.0,0.0,-0.0,-0.0,0.0,0.0,0.0,0.0,0.0,0.0,0.0,0.0,0.0,0.0,0.0,0.0,0.0,0.0,0.0,0.0,0.0,0.0,0.0,0.0,0.0,0.0,0.0,2.7496776503359595,5.1229688,0.0,0.0,0.0,0.0,388.9,123.3,94.0,0.0,15.233978494623656,21.49627240143369,662057.4739459459,160024.17729729728,2.2862735506048018,7.644919344958857,0.0,0.0,0.0,2.558046458489119,0.0,0.0,2797.443296
10.64516129032258,17.438709677419357,4.809677419354839,27.4,15.85483870967742,35.25806451612903,34.483870967741936,3,0.0,35.145161290322584,27,1.0,0.0,3.4011973816621555,0.0,2.833213344056216,2.833213344056216,0.3701431492843312,0.0,0.0,0.0,45.0,2.0,0,0,0,0,0,0,0,0,0,0,0,0,0,0,0,0,0,0,0,0,0,0,0,0.0,53,0,0,LOC,CITY,4,Unassigned,Fee,Local Other or Unknown,OPEN ACCESS,0,0,0,0,0,0,0,0,0,0,1,0,0,4,0,0.6874194125839899,42.21105160777266,1.2807422,3,73,12,11,0.0,0.1553922301918808,3.046243151333482,1702.3848648648648,189.912677783956,1.039984153883354,0.031141537167733,-0.8660254037844386,0.5000000000000001,0,0,0,1,0,0.0,0.1444398795647473,1.397788833660896,0.0,0.0,3.766096286786617,0.0,0.0,-1474.3085399911115,851.1924324324326,0.0,0.0,0.0,-36.55584301278709,21.105525803886334,0.0,-0.5953226743523115,0.0,0.0,-1.10915528089877,0.0,-0.0,0.0,-0.0,0.0,-0.0,18122.161464690496,5107.1545945945945,46645.345297297295,1156.582814052971,449.3434525988702,669.2494150071053,0.0,0.0,117.09677419354838,82.19999999999999,9.0,7.317690521055375,0.0,0.0,0.0,0.0,0.0,0.0,0.0,0.0,0.0,5790.146944959661,143.56811820556248,4.356057017224228,2.338049106184404,10.203592144986466,37.41317119828371,0.0,0.0,3.537191381158196,0.0,0.0,0.0,0.0,0.0,0.0,0.0,0.0,0.0,4823.219515854473,119.5929146817871,3.6286158913359152,1.9476058526962456,8.49964003216865,31.16534678461838,0.0,0.0,2.9464969823893323,0.0,0.0,0.0,0.0,0.0,0.0,0.0,0.0,0.0,0.0,0.0,0.0,0.0,0.0,0.0,0.0,0.0,0.0,0.0,93.19280825754304,10.203592144986466,36.20629470801649,0.0,0.0,0.0,77.63004562714032,8.49964003216865,30.160013017372624,0.0,0.0,0.0,0.0,0.0,0.0,0.0,3.4011973816621555,0.0,0.0,0.0,0.0,0.0,2.833213344056216,0.0,0.0,-0.0,0.0,0.0,0.0,-0.0,0.0,0.0,0.0,-0.0,0.0,0.0,0.0,-0.0,0.0,0.0,0.0,0.0,0.0,0.0,0.0,0.0,0.0,0.0,0.0,0.0,0.0,0.0,0.0,0.0,0.0,0.0,0.0,0.0,0.0,0.0,0.0,0.0,2.7496776503359595,5.1229688,0.0,0.0,0.0,0.0,416.3,107.8,97.0,3.0,15.233978494623656,17.189820788530465,708702.8192432432,165131.3318918919,1.814595658149554,6.234410725718371,0.0,0.0,0.0,2.086079860110844,0.0,0.0,2590.574597
0.3133333333333333,6.41,-5.276666666666667,29.5,15.05,32.11333333333333,52.56666666666667,25,0.0,26.88,23,1.0,0.0,2.772588722239781,0.0,3.1780538303479458,3.1780538303479458,0.3701431492843312,0.0,0.0,0.0,38.0,2.0,0,0,0,0,0,0,0,0,0,0,0,0,0,0,0,0,0,0,0,0,0,0,0,0.0,53,0,0,LOC,CITY,4,Unassigned,Fee,Local Other or Unknown,OPEN ACCESS,0,0,0,0,0,0,0,0,0,0,1,0,0,4,0,0.6874194125839899,42.21105160777266,1.2807422,3,73,12,11,0.0,0.1553922301918808,3.046243151333482,1702.3848648648648,189.912677783956,1.039984153883354,0.031141537167733,-0.5000000000000004,0.8660254037844384,0,0,0,1,0,0.0,0.1444398795647473,1.397788833660896,0.0,0.0,3.766096286786617,0.0,0.0,-851.1924324324332,1474.308539991111,0.0,0.0,0.0,-21.105525803886348,36.555843012787086,0.0,-0.3437097062919952,0.0,0.0,-0.6403711000000005,0.0,-0.0,0.0,-0.0,0.0,-0.0,533.4139243243243,42559.62162162162,50220.35351351351,1245.2260224292934,13.226129503768766,635.2763266969786,0.0,0.0,3.4466666666666663,88.5,75.0,0.2153914159429834,0.0,0.0,0.0,0.0,0.0,0.0,0.0,0.0,0.0,4720.013077236018,117.03388564159188,3.550971379816566,1.9059313107790647,8.317766166719343,30.4984759446376,0.0,0.0,2.8834483363650687,0.0,0.0,0.0,0.0,0.0,0.0,0.0,0.0,0.0,5410.270740510154,134.1489942450967,4.070267654398255,2.184655897218084,9.534161491043838,34.9585921338274,0.0,0.0,3.3051256237501607,0.0,0.0,0.0,0.0,0.0,0.0,0.0,0.0,0.0,0.0,0.0,0.0,0.0,0.0,0.0,0.0,0.0,0.0,0.0,81.79136730607354,69.31471805599453,0.868744466301798,0.0,0.0,0.0,93.7525879952644,79.45134575869865,0.9957902001756896,0.0,0.0,0.0,0.0,0.0,0.0,0.0,2.772588722239781,0.0,0.0,0.0,0.0,0.0,3.1780538303479458,0.0,0.0,-0.0,0.0,0.0,0.0,-0.0,0.0,0.0,0.0,-0.0,0.0,0.0,0.0,-0.0,0.0,0.0,0.0,0.0,0.0,0.0,0.0,0.0,0.0,0.0,0.0,0.0,0.0,0.0,0.0,0.0,0.0,0.0,0.0,0.0,0.0,0.0,0.0,0.0,2.7496776503359595,5.1229688,0.0,0.0,0.0,0.0,445.8,81.1,122.0,28.0,15.233978494623656,9.870609318996411,758923.1727567568,207690.9535135135,1.7257595114531965,5.950642552587727,0.0,0.0,0.0,1.9911289342011504,0.0,0.0,2024.672379
-0.8225806451612904,4.974193548387096,-6.470967741935484,42.3,19.81935483870968,42.71612903225807,70.38709677419355,29,0.0,23.967741935483872,15,1.0,0.0,2.5649493574615367,0.6931471805599453,3.4657359027997265,3.4657359027997265,0.3701431492843312,0.0,0.0,0.0,44.0,3.0,0,0,0,0,0,0,0,0,0,0,0,0,0,0,0,0,0,0,0,0,0,0,0,0.0,53,0,0,LOC,CITY,4,Unassigned,Fee,Local Other or Unknown,OPEN ACCESS,0,0,0,0,0,0,0,0,0,0,1,0,0,4,0,0.6874194125839899,42.21105160777266,1.2807422,3,73,12,11,0.0,0.1553922301918808,3.046243151333482,1702.3848648648648,189.912677783956,1.039984153883354,0.031141537167733,-2.4492935982947064e-16,1.0,1,0,0,0,0,0.0,0.1444398795647473,1.397788833660896,0.0,0.0,3.766096286786617,0.0,0.0,-4.1696403513473124e-13,1702.3848648648648,0.0,1702.3848648648648,0.0,-1.0338725848020506e-14,42.21105160777266,0.0,-1.683691966585474e-16,0.6874194125839899,0.0,-3.136913671525878e-16,0.0,-0.0,0.0,-0.0,0.0,-0.0,-1400.3488404533566,49369.16108108108,72010.87978378378,1785.5274830087833,-34.72199406445816,836.5958099295331,-0.0,0.0,-9.048387096774194,126.9,87.0,-0.5654579038997336,0.0,0.0,0.0,0.0,0.0,0.0,0.0,0.0,0.0,4366.53096528738,108.26920969913223,3.285038882963875,1.763195980613892,7.694848072384611,28.214442932076903,0.0,0.0,2.667506687273289,1180.0032693090045,29.258471410397966,0.8877428449541415,0.4764828276947663,2.079441541679836,7.6246189861593985,0.0,0.0,0.7208620840912672,5900.016346545022,146.29235705198982,4.438714224770708,2.382414138473832,10.39720770839918,38.123094930797,0.0,0.0,3.604310420456336,0.0,0.0,0.0,0.0,0.0,0.0,0.0,0.0,0.0,0.0,0.0,0.0,0.0,0.0,0.0,0.0,0.0,0.0,-0.0,108.497357820623,74.38353136638456,-2.109877697266748,29.32012573768568,20.10126823623841,-0.5701694549767292,146.60062868842843,100.50634118119208,-2.850847274883646,0.0,0.0,0.0,0.0,0.0,0.0,0.0,2.5649493574615367,0.0,0.0,0.6931471805599453,0.0,0.0,3.4657359027997265,0.0,0.0,-0.0,0.0,0.0,0.0,-0.0,0.0,0.0,0.0,-0.0,0.0,0.0,0.0,-0.0,0.0,0.0,0.0,0.0,0.0,0.0,0.0,-0.0,0.0,0.0,0.0,-0.0,0.0,0.0,0.0,0.0,-0.0,0.0,1.0,0.0,0.0,0.0,0.0,0.0,2.7496776503359595,5.1229688,0.0,0.0,0.0,0.0,488.1,99.2,151.0,57.0,15.233978494623656,3.378637992831541,830934.0525405406,257060.11459459452,1.609167786482158,6.723832440821209,0.0,0.0,0.0,2.249843979591325,0.0,6.723832440821209,2052.991694
-3.8225806451612905,0.5516129032258063,-8.55483870967742,30.2,16.39677419354839,34.8,78.64516129032258,31,0.0,30.225806451612904,13,1.0,0.0,3.218875824868201,0.0,3.4657359027997265,3.4657359027997265,1.3701431492843312,0.0,3.218875824868201,0.0,55.0,2.0,0,0,0,0,0,0,0,0,0,0,0,0,0,0,0,0,0,0,0,0,0,0,0,0.0,53,0,0,LOC,CITY,4,Unassigned,Fee,Local Other or Unknown,OPEN ACCESS,0,0,0,0,0,0,0,0,0,0,1,0,0,4,0,0.6874194125839899,42.21105160777266,1.2807422,3,73,12,11,0.0,0.1553922301918808,3.046243151333482,1702.3848648648648,189.912677783956,1.039984153883354,0.031141537167733,0.4999999999999999,0.8660254037844387,1,0,0,0,0,0.0,0.1444398795647473,1.397788833660896,0.0,0.0,3.766096286786617,0.0,0.0,851.1924324324323,1474.3085399911115,0.0,1702.3848648648648,0.0,21.105525803886326,36.5558430127871,0.0,0.3437097062919949,0.6874194125839899,0.0,0.6403710999999999,0.0,0.0,0.0,0.0,0.0,0.0,-6507.503435047951,52773.93081081081,51412.02291891891,1274.7737585547345,-161.35514888777615,692.125081684866,-0.0,0.0,-42.04838709677419,90.6,93.0,-2.627716141651703,0.0,0.0,0.0,0.0,0.0,0.0,0.0,0.0,0.0,5479.765486135033,135.87213356252343,4.122550105468514,2.2127177287117044,9.656627474604605,35.40763407355021,0.0,0.0,3.3475798511811394,0.0,0.0,0.0,0.0,0.0,0.0,0.0,0.0,0.0,5900.016346545022,146.29235705198982,4.438714224770708,2.382414138473832,10.39720770839918,38.123094930797,0.0,0.0,3.604310420456336,0.0,0.0,0.0,0.0,0.0,0.0,0.0,0.0,0.0,0.0,0.0,0.0,0.0,0.0,0.0,0.0,0.0,0.0,-0.0,97.21004991101968,99.78515057091424,-12.304412427318768,0.0,0.0,-0.0,104.66522426455174,107.43781298679151,-13.248054983282826,0.0,0.0,0.0,0.0,0.0,0.0,0.0,3.218875824868201,0.0,0.0,0.0,0.0,0.0,3.4657359027997265,0.0,0.0,0.0,0.0,0.0,0.0,0.0,0.0,0.0,0.0,0.0,0.0,0.0,0.0,0.0,0.0,0.0,0.0,0.0,0.0,0.0,0.0,-0.0,0.0,0.0,0.0,-0.0,0.0,0.0,0.0,0.0,-0.0,0.0,1.0,0.0,0.0,0.0,0.0,0.0,2.7496776503359595,5.1229688,0.0,0.0,0.0,0.0,30.2,102.0,31.0,85.0,0.0,-1.4439426523297492,51412.02291891891,52773.93081081081,1.9323110892104545,6.684611727667928,0.0,0.0,0.0,2.23672043938716,0.0,6.684611727667928,1990.138502
-1.575,5.010714285714286,-7.935714285714285,22.3,18.942857142857143,39.60714285714285,57.57142857142857,28,0.0,25.442857142857143,24,1.0,0.0,3.80666248977032,0.0,3.218875824868201,3.218875824868201,1.3701431492843312,0.0,3.80666248977032,0.0,68.0,2.0,0,0,0,0,0,0,0,0,0,0,0,0,0,0,0,0,0,0,0,0,0,0,0,0.0,53,0,0,LOC,CITY,4,Unassigned,Fee,Local Other or Unknown,OPEN ACCESS,0,0,0,0,0,0,0,0,0,0,1,0,0,4,0,0.6874194125839899,42.21105160777266,1.2807422,3,73,12,11,0.0,0.1553922301918808,3.046243151333482,1702.3848648648648,189.912677783956,1.039984153883354,0.031141537167733,0.8660254037844386,0.5000000000000001,1,0,0,0,0,0.0,0.1444398795647473,1.397788833660896,0.0,0.0,3.766096286786617,0.0,0.0,1474.3085399911115,851.1924324324326,0.0,1702.3848648648648,0.0,36.55584301278709,21.105525803886334,0.0,0.5953226743523115,0.6874194125839899,0.0,1.10915528089877,0.0,0.0,0.0,0.0,0.0,0.0,-2681.256162162162,47666.77621621621,37963.18248648648,941.3064508533304,-66.48240628224194,799.5979204558079,-0.0,0.0,-17.325,66.9,84.0,-1.082685574819784,0.0,0.0,0.0,0.0,0.0,0.0,0.0,0.0,0.0,6480.404608233796,160.68322680906735,4.875353291805917,2.616773692623422,11.41998746931096,41.87328738747352,0.0,0.0,3.958868668543288,0.0,0.0,0.0,0.0,0.0,0.0,0.0,0.0,0.0,5479.765486135033,135.87213356252343,4.122550105468514,2.2127177287117044,9.656627474604605,35.40763407355021,0.0,0.0,3.3475798511811394,0.0,0.0,0.0,0.0,0.0,0.0,0.0,0.0,0.0,0.0,0.0,0.0,0.0,0.0,0.0,0.0,0.0,0.0,-0.0,84.88857352187814,106.58654971356896,-5.995493421388254,0.0,0.0,-0.0,71.78093089456088,90.12852309630964,-5.0697294241674165,0.0,0.0,0.0,0.0,0.0,0.0,0.0,3.80666248977032,0.0,0.0,0.0,0.0,0.0,3.218875824868201,0.0,0.0,0.0,0.0,0.0,0.0,0.0,0.0,0.0,0.0,0.0,0.0,0.0,0.0,0.0,0.0,0.0,0.0,0.0,0.0,0.0,0.0,-0.0,0.0,0.0,0.0,-0.0,0.0,0.0,0.0,0.0,-0.0,0.0,1.0,0.0,0.0,0.0,0.0,0.0,2.7496776503359595,5.1229688,0.0,0.0,0.0,0.0,52.5,94.8,59.0,88.0,0.0,-2.073387096774194,89375.2054054054,100440.70702702702,2.042244984841588,7.025538314638521,0.0,0.0,0.0,2.350796992592392,0.0,7.025538314638521,2830.419203
0.1129032258064516,6.741935483870968,-6.187096774193548,30.9,17.438709677419357,37.403225806451616,63.67741935483871,29,0.0,28.06451612903226,26,1.0,0.0,3.8501476017100575,1.3862943611198906,3.044522437723423,3.044522437723423,1.3701431492843312,0.0,3.8501476017100575,1.3862943611198906,69.0,3.0,0,0,0,0,0,0,0,0,0,0,0,0,0,0,0,0,0,0,0,0,0,0,0,0.0,53,0,0,LOC,CITY,4,Unassigned,Fee,Local Other or Unknown,OPEN ACCESS,0,0,0,0,0,0,0,0,0,0,1,0,0,4,0,0.6874194125839899,42.21105160777266,1.2807422,3,73,12,11,0.0,0.1553922301918808,3.046243151333482,1702.3848648648648,189.912677783956,1.039984153883354,0.031141537167733,1.0,6.123233995736766e-17,0,1,0,0,0,0.0,0.1444398795647473,1.397788833660896,0.0,0.0,3.766096286786617,0.0,0.0,1702.3848648648648,1.0424100878368281e-13,0.0,0.0,0.0,42.21105160777266,2.5846814620051264e-15,0.0,0.6874194125839899,0.0,0.0,1.2807422,0.0,0.0,0.0,0.0,0.0,0.0,192.2047428073234,49369.16108108108,52603.69232432432,1304.3214946801752,4.765763891200138,736.106274166513,0.0,0.0,1.2419354838709675,92.7,87.0,0.0776118691627085,0.0,0.0,0.0,0.0,0.0,0.0,0.0,0.0,0.0,6554.43300464696,162.51877911332537,4.931046509738863,2.646666202729185,11.550442805130173,42.35162361881064,0.0,0.0,4.004092495890459,2360.006538618009,58.51694282079593,1.775485689908283,0.9529656553895328,4.158883083359672,15.249237972318795,0.0,0.0,1.4417241681825343,5182.948918721838,128.51249373976523,3.89924836483926,2.0928638257386125,9.13356731317027,33.489746814957655,0.0,0.0,3.1662550913746808,0.0,0.0,0.0,0.0,0.0,0.0,0.0,0.0,0.0,0.0,0.0,0.0,0.0,0.0,0.0,0.0,0.0,0.0,0.0,118.96956089284078,111.65428044959168,0.4346940840640387,42.83649575860462,40.20253647247683,0.1565171052877295,94.07574332565376,88.29115069397926,0.3437364042590961,0.0,0.0,0.0,0.0,0.0,0.0,0.0,3.8501476017100575,0.0,0.0,1.3862943611198906,0.0,0.0,3.044522437723423,0.0,0.0,0.0,0.0,0.0,0.0,0.0,0.0,0.0,0.0,0.0,0.0,0.0,0.0,0.0,0.0,0.0,0.0,0.0,0.0,0.0,0.0,0.0,0.0,0.0,0.0,0.0,0.0,0.0,0.0,0.0,0.0,0.0,0.0,0.0,0.0,0.0,0.0,0.0,2.7496776503359595,5.1229688,0.0,0.0,0.0,0.0,83.4,83.4,88.0,88.0,0.0,-1.7615591397849464,141978.89772972974,149809.8681081081,1.7195903226853992,8.280964400553371,0.0,0.0,0.0,2.770871830280117,0.0,0.0,3939.166163
6.693333333333333,14.483333333333333,-0.4566666666666666,60.5,17.876666666666665,38.49333333333333,51.43333333333333,14,0.0,31.343333333333337,27,1.0,0.0,3.610917912644224,0.0,4.499809670330265,4.499809670330265,1.3701431492843312,0.0,3.610917912644224,0.0,125.0,2.0,0,0,0,0,0,0,0,0,0,0,0,0,0,0,0,0,0,0,0,0,0,0,0,0.0,53,0,0,LOC,CITY,4,Unassigned,Fee,Local Other or Unknown,OPEN ACCESS,0,0,0,0,0,0,0,0,0,0,1,0,0,4,0,0.6874194125839899,42.21105160777266,1.2807422,3,73,12,11,0.0,0.1553922301918808,3.046243151333482,1702.3848648648648,189.912677783956,1.039984153883354,0.031141537167733,0.8660254037844387,-0.4999999999999998,0,1,0,0,0,0.0,0.1444398795647473,1.397788833660896,0.0,0.0,3.766096286786617,0.0,0.0,1474.3085399911115,-851.192432432432,0.0,0.0,0.0,36.5558430127871,-21.10552580388632,0.0,0.5953226743523115,0.0,0.0,1.1091552808987704,0.0,0.0,0.0,0.0,0.0,0.0,11394.62936216216,23833.388108108105,102994.28432432433,2553.768622270246,282.5326387613583,754.5928992416159,0.0,0.0,73.62666666666667,181.5,42.0,4.601127268228839,0.0,0.0,0.0,0.0,0.0,0.0,0.0,0.0,0.0,6147.172002754956,152.42064236205607,4.624654951459371,2.482215070398899,10.832753737932672,39.72009703908646,0.0,0.0,3.7552974101235503,0.0,0.0,0.0,0.0,0.0,0.0,0.0,0.0,0.0,7660.4078775428,189.9416982194653,5.763096136760058,3.093256520318188,13.499429010990797,49.49790637363292,0.0,0.0,4.679730752634555,0.0,0.0,0.0,0.0,0.0,0.0,0.0,0.0,0.0,0.0,0.0,0.0,0.0,0.0,0.0,0.0,0.0,0.0,0.0,218.46053371497555,50.55285077701913,24.169077228632005,0.0,0.0,0.0,272.238485054981,62.99733538462371,30.11872606007724,0.0,0.0,0.0,0.0,0.0,0.0,0.0,3.610917912644224,0.0,0.0,0.0,0.0,0.0,4.499809670330265,0.0,0.0,0.0,-0.0,0.0,0.0,0.0,-0.0,0.0,0.0,0.0,-0.0,0.0,0.0,0.0,-0.0,0.0,0.0,0.0,0.0,0.0,0.0,0.0,0.0,0.0,0.0,0.0,0.0,0.0,0.0,0.0,0.0,0.0,0.0,0.0,0.0,0.0,0.0,0.0,2.7496776503359595,5.1229688,0.0,0.0,0.0,0.0,143.9,113.7,102.0,71.0,0.0,1.7437455197132616,244973.18205405405,173643.2562162162,2.3693205608181493,8.110727582974489,0.0,0.0,0.0,2.7139093341879543,0.0,0.0,3327.486661
13.580645161290322,19.92258064516129,7.622580645161291,162.20000000000002,15.770967741935484,35.461290322580645,58.096774193548384,0,0.0,44.64516129032258,24,1.0,0.0,3.5263605246161616,0.0,4.61512051684126,4.61512051684126,1.3701431492843312,0.0,3.5263605246161616,0.0,133.0,2.0,0,0,0,0,0,0,0,0,0,0,0,0,0,0,0,0,0,0,0,0,0,0,0,0.0,53,0,0,LOC,CITY,4,Unassigned,Fee,Local Other or Unknown,OPEN ACCESS,0,0,0,0,0,0,0,0,0,0,1,0,0,4,0,0.6874194125839899,42.21105160777266,1.2807422,3,73,12,11,0.0,0.1553922301918808,3.046243151333482,1702.3848648648648,189.912677783956,1.039984153883354,0.031141537167733,0.4999999999999999,-0.8660254037844387,0,1,0,0,0,0.0,0.1444398795647473,1.397788833660896,0.0,0.0,3.766096286786617,0.0,0.0,851.1924324324323,-1474.3085399911115,0.0,0.0,0.0,21.105525803886326,-36.5558430127871,0.0,0.3437097062919949,0.0,0.0,0.6403710999999999,0.0,0.0,0.0,0.0,0.0,0.0,23119.484777680904,0.0,276126.8250810811,6846.632570780726,573.2533137700739,665.7091332593566,0.0,0.0,149.38709677419354,486.6,0.0,9.335599119285796,0.0,0.0,0.0,0.0,0.0,0.0,0.0,0.0,0.0,6003.222785163478,148.85138609218507,4.516358736290057,2.424088680391012,10.579081573848484,38.789965770777776,0.0,0.0,3.6673590664806,0.0,0.0,0.0,0.0,0.0,0.0,0.0,0.0,0.0,7856.711317397872,194.80909031247683,5.910779604004412,3.1725234346913385,13.84536155052378,50.766325685253854,0.0,0.0,4.799652205776865,0.0,0.0,0.0,0.0,0.0,0.0,0.0,0.0,0.0,0.0,0.0,0.0,0.0,0.0,0.0,0.0,0.0,0.0,0.0,571.9756770927414,0.0,47.89025099559368,0.0,0.0,0.0,748.5725478316524,0.0,62.67631411581194,0.0,0.0,0.0,0.0,0.0,0.0,0.0,3.5263605246161616,0.0,0.0,0.0,0.0,0.0,4.61512051684126,0.0,0.0,0.0,-0.0,0.0,0.0,0.0,-0.0,0.0,0.0,0.0,-0.0,0.0,0.0,0.0,-0.0,0.0,0.0,0.0,0.0,0.0,0.0,0.0,0.0,0.0,0.0,0.0,0.0,0.0,0.0,0.0,0.0,0.0,0.0,0.0,0.0,0.0,0.0,0.0,2.7496776503359595,5.1229688,0.0,0.0,0.0,0.0,306.1,253.6,102.0,43.0,0.0,6.795627240143369,521100.0071351351,173643.2562162162,2.391904927558622,8.141481041457421,0.0,0.0,0.0,2.7241996684621066,0.0,0.0,3602.804725
16.346666666666668,22.08333333333333,10.69,133.0,14.66,33.06666666666667,58.0,0,0.5466666666666666,49.14666666666667,25,1.0,0.0,3.4657359027997265,0.0,4.31748811353631,4.31748811353631,1.3701431492843312,0.0,3.4657359027997265,0.0,105.0,2.0,0,0,0,0,0,0,0,0,0,0,0,0,0,0,0,0,0,0,0,0,0,0,0,0.0,53,0,0,LOC,CITY,4,Unassigned,Fee,Local Other or Unknown,OPEN ACCESS,0,0,0,0,0,0,0,0,0,0,1,0,0,4,0,0.6874194125839899,42.21105160777266,1.2807422,3,73,12,11,0.0,0.1553922301918808,3.046243151333482,1702.3848648648648,189.912677783956,1.039984153883354,0.031141537167733,1.2246467991473532e-16,-1.0,0,0,1,0,1,0.0,0.1444398795647473,1.397788833660896,0.0,0.0,3.766096286786617,0.0,0.0,2.0848201756736562e-13,-1702.3848648648648,1702.3848648648648,0.0,42.21105160777266,5.169362924010253e-15,-42.21105160777266,0.6874194125839899,8.41845983292737e-17,0.0,1.2807422,1.568456835762939e-16,0.0,0.0,0.0,0.0,0.0,0.0,27828.317924324325,0.0,226417.18702702704,5614.069863833764,690.0099902817238,618.8140165699472,0.0,0.0,179.81333333333333,399.0,0.0,11.237015997706289,0.0,0.0,0.0,0.0,0.0,0.0,0.0,0.0,0.0,5900.016346545022,146.29235705198982,4.438714224770708,2.382414138473832,10.39720770839918,38.123094930797,0.0,0.0,3.604310420456336,0.0,0.0,0.0,0.0,0.0,0.0,0.0,0.0,0.0,7350.026418718171,182.24571357642623,5.529589225004344,2.967925142845489,12.95246434060893,47.49236924889941,0.0,0.0,4.490119222657498,0.0,0.0,0.0,0.0,0.0,0.0,0.0,0.0,0.0,0.0,0.0,0.0,0.0,0.0,0.0,0.0,0.0,0.0,0.0,460.9428750723636,0.0,56.6532295577662,0.0,0.0,0.0,574.2259191003293,0.0,70.57653902927355,0.0,0.0,0.0,0.0,0.0,0.0,0.0,3.4657359027997265,0.0,0.0,0.0,0.0,0.0,4.31748811353631,0.0,0.0,0.0,-0.0,0.0,0.0,0.0,-0.0,0.0,0.0,0.0,-0.0,0.0,0.0,0.0,-0.0,0.0,0.0,0.0,0.0,0.0,0.0,0.0,0.0,0.0,0.0,0.0,0.0,0.0,0.0,0.0,0.0,1.0,0.0,0.0,0.0,0.0,0.0,0.0,2.7496776503359595,5.1229688,0.0,0.0,0.0,0.0,439.1,355.7,102.0,14.0,0.5466666666666666,12.20688172043011,747517.1941621621,173643.2562162162,2.273571708154729,7.783224016336037,0.0,0.0,0.0,2.604324222693681,7.783224016336037,0.0,4598.185423
21.925806451612903,29.0,14.838709677419354,64.5,16.806451612903224,36.07096774193548,42.38709677419355,0,4.090322580645161,48.08709677419355,31,1.0,0.0,3.091042453358316,0.0,4.532599493153256,4.532599493153256,1.3701431492843312,0.0,3.091042453358316,0.0,113.0,2.0,0,0,0,0,0,0,0,0,0,0,0,0,0,0,0,0,0,0,0,0,0,0,0,0.0,53,0,0,LOC,CITY,4,Unassigned,Fee,Local Other or Unknown,OPEN ACCESS,0,0,0,0,0,0,0,0,0,0,1,0,0,4,0,0.6874194125839899,42.21105160777266,1.2807422,3,73,12,11,0.0,0.1553922301918808,3.046243151333482,1702.3848648648648,189.912677783956,1.039984153883354,0.031141537167733,-0.4999999999999997,-0.8660254037844388,0,0,1,0,1,0.0,0.1444398795647473,1.397788833660896,0.0,0.0,3.766096286786617,0.0,0.0,-851.1924324324319,-1474.3085399911115,1702.3848648648648,0.0,42.21105160777266,-21.10552580388632,-36.5558430127871,0.6874194125839899,-0.3437097062919947,0.0,1.2807422,-0.6403710999999996,0.0,-0.0,0.0,-0.0,0.0,-0.0,37326.161053182215,0.0,109803.82378378378,2722.6128287013366,925.511347671067,709.4179963757921,0.0,0.0,241.183870967742,193.5,0.0,15.072224991397997,0.0,0.0,0.0,0.0,0.0,0.0,0.0,0.0,0.0,5262.143889251957,130.4761525205241,3.958828512007527,2.1248425875597485,9.273127360074948,34.00146698694148,0.0,0.0,3.214635170473376,0.0,0.0,0.0,0.0,0.0,0.0,0.0,0.0,0.0,7716.228775638261,191.32579112285632,5.805091446579986,3.1157968810619017,13.597798479459769,49.85859442468582,0.0,0.0,4.7138316487791085,0.0,0.0,0.0,0.0,0.0,0.0,0.0,0.0,0.0,0.0,0.0,0.0,0.0,0.0,0.0,0.0,0.0,0.0,0.0,199.3722382416114,0.0,67.77359856605314,0.0,0.0,0.0,292.35266730838504,0.0,99.38089920955704,0.0,0.0,0.0,0.0,0.0,0.0,0.0,3.091042453358316,0.0,0.0,0.0,0.0,0.0,4.532599493153256,0.0,0.0,-0.0,-0.0,0.0,0.0,-0.0,-0.0,0.0,0.0,-0.0,-0.0,0.0,0.0,-0.0,-0.0,0.0,0.0,0.0,0.0,0.0,0.0,0.0,0.0,0.0,0.0,0.0,0.0,0.0,0.0,0.0,0.0,1.0,0.0,0.0,0.0,0.0,0.0,0.0,2.7496776503359595,5.1229688,0.0,0.0,0.0,0.0,503.6,359.7,102.0,0.0,4.636989247311828,17.28437275985663,857321.017945946,173643.2562162162,2.2780856350339325,7.623641946511572,0.0,0.0,0.0,2.5509268838686454,7.623641946511572,0.0,2451.078249
21.07741935483871,28.006451612903227,14.641935483870968,58.8,15.73225806451613,34.00967741935484,37.2258064516129,0,3.1967741935483875,47.91612903225807,29,1.0,0.0,2.995732273553991,0.0,4.442651256490317,4.442651256490317,1.3701431492843312,0.0,2.995732273553991,0.0,103.0,2.0,0,0,0,0,0,0,0,0,0,0,0,0,0,0,0,0,0,0,0,0,0,0,0,0.0,53,0,0,LOC,CITY,4,Unassigned,Fee,Local Other or Unknown,OPEN ACCESS,0,0,0,0,0,0,0,0,0,0,1,0,0,4,0,0.6874194125839899,42.21105160777266,1.2807422,3,73,12,11,0.0,0.1553922301918808,3.046243151333482,1702.3848648648648,189.912677783956,1.039984153883354,0.031141537167733,-0.8660254037844385,-0.5000000000000004,0,0,1,0,1,0.0,0.1444398795647473,1.397788833660896,0.0,0.0,3.766096286786617,0.0,0.0,-1474.3085399911113,-851.1924324324332,1702.3848648648648,0.0,42.21105160777266,-36.555843012787086,-21.105525803886348,0.6874194125839899,-0.5953226743523113,0.0,1.2807422,-1.10915528089877,0.0,-0.0,0.0,-0.0,0.0,-0.0,35881.879700087185,0.0,100100.23005405405,2482.0098345370325,889.7000361457631,664.075157068088,0.0,0.0,231.85161290322583,176.39999999999998,0.0,14.489027231689644,0.0,0.0,0.0,0.0,0.0,0.0,0.0,0.0,0.0,5099.889281685525,126.45300960205763,3.83676074264254,2.0593245197453847,8.987196820661973,32.9530550090939,0.0,0.0,3.115514093773104,0.0,0.0,0.0,0.0,0.0,0.0,0.0,0.0,0.0,7563.102258921989,187.5289814630488,5.689890944070172,3.053964717052098,13.32795376947095,48.869163821393485,0.0,0.0,4.620286907979902,0.0,0.0,0.0,0.0,0.0,0.0,0.0,0.0,0.0,0.0,0.0,0.0,0.0,0.0,0.0,0.0,0.0,0.0,0.0,176.14905768497465,0.0,63.14230540452186,0.0,0.0,0.0,261.2278938816306,0.0,93.63962358034752,0.0,0.0,0.0,0.0,0.0,0.0,0.0,2.995732273553991,0.0,0.0,0.0,0.0,0.0,4.442651256490317,0.0,0.0,-0.0,-0.0,0.0,0.0,-0.0,-0.0,0.0,0.0,-0.0,-0.0,0.0,0.0,-0.0,-0.0,0.0,0.0,0.0,0.0,0.0,0.0,0.0,0.0,0.0,0.0,0.0,0.0,0.0,0.0,0.0,0.0,1.0,0.0,0.0,0.0,0.0,0.0,0.0,2.7496776503359595,5.1229688,0.0,0.0,0.0,0.0,562.4,256.29999999999995,102.0,0.0,7.833763440860215,19.783297491039427,957421.248,173643.2562162162,2.227043979254365,7.438383530044307,0.0,0.0,0.0,2.4889380498776257,7.438383530044307,0.0,4256.217962
17.793333333333333,25.51333333333333,10.93,27.6,15.41,32.86,29.3,0,1.103333333333333,40.04333333333333,29,1.0,0.0,2.5649493574615367,0.6931471805599453,4.219507705176107,4.219507705176107,1.3701431492843312,0.0,2.5649493574615367,0.6931471805599453,80.0,3.0,0,0,0,0,0,0,0,0,0,0,0,0,0,0,0,0,0,0,0,0,0,0,0,0.0,53,0,0,LOC,CITY,4,Unassigned,Fee,Local Other or Unknown,OPEN ACCESS,0,0,0,0,0,0,0,0,0,0,1,0,0,4,0,0.6874194125839899,42.21105160777266,1.2807422,3,73,12,11,0.0,0.1553922301918808,3.046243151333482,1702.3848648648648,189.912677783956,1.039984153883354,0.031141537167733,-1.0,-1.8369701987210292e-16,0,0,0,1,0,0.0,0.1444398795647473,1.397788833660896,0.0,0.0,3.766096286786617,0.0,0.0,-1702.3848648648648,-3.127230263510484e-13,0.0,0.0,0.0,-42.21105160777266,-7.754044386015378e-15,0.0,-0.6874194125839899,0.0,0.0,-1.2807422,0.0,-0.0,0.0,-0.0,0.0,-0.0,30291.10136216216,0.0,46985.82227027027,1165.0250243745254,751.0753116076348,650.4723052757766,0.0,0.0,195.72666666666663,82.80000000000001,0.0,12.231482747911128,0.0,0.0,0.0,0.0,0.0,0.0,0.0,0.0,0.0,4366.53096528738,108.26920969913223,3.285038882963875,1.763195980613892,7.694848072384611,28.214442932076903,0.0,0.0,2.667506687273289,1180.0032693090045,29.258471410397966,0.8877428449541415,0.4764828276947663,2.079441541679836,7.6246189861593985,0.0,0.0,0.7208620840912672,7183.226054472482,178.10985750258305,5.404101581244198,2.9005715080857786,12.658523115528322,46.41458475693717,0.0,0.0,4.388221150571867,0.0,0.0,0.0,0.0,0.0,0.0,0.0,0.0,0.0,0.0,0.0,0.0,0.0,0.0,0.0,0.0,0.0,0.0,0.0,70.79260226593841,0.0,45.63899890043228,19.13086218345449,0.0,12.333398832763294,116.45841266286055,0.0,75.07910710076686,0.0,0.0,0.0,0.0,0.0,0.0,0.0,2.5649493574615367,0.0,0.0,0.6931471805599453,0.0,0.0,4.219507705176107,0.0,0.0,-0.0,-0.0,0.0,0.0,-0.0,-0.0,0.0,0.0,-0.0,-0.0,0.0,0.0,-0.0,-0.0,0.0,0.0,0.0,0.0,0.0,0.0,0.0,0.0,0.0,0.0,0.0,0.0,0.0,0.0,0.0,0.0,0.0,0.0,0.0,0.0,0.0,0.0,0.0,2.7496776503359595,5.1229688,0.0,0.0,0.0,0.0,590.0,150.89999999999998,102.0,0.0,8.937096774193549,20.26551971326165,1004407.0702702702,173643.2562162162,1.9048203930930463,7.4776042431975895,0.0,0.0,0.0,2.5020615900817913,0.0,0.0,3085.181848
10.258064516129032,17.248387096774195,4.048387096774194,27.3,15.045161290322582,31.3,30.93548387096774,6,0.1064516129032258,34.67741935483871,26,1.0,0.0,2.9444389791664403,0.0,4.110873864173311,4.110873864173311,1.3701431492843312,0.0,2.9444389791664403,0.0,78.0,2.0,0,0,0,0,0,0,0,0,0,0,0,0,0,0,0,0,0,0,0,0,0,0,0,0.0,53,0,0,LOC,CITY,4,Unassigned,Fee,Local Other or Unknown,OPEN ACCESS,0,0,0,0,0,0,0,0,0,0,1,0,0,4,0,0.6874194125839899,42.21105160777266,1.2807422,3,73,12,11,0.0,0.1553922301918808,3.046243151333482,1702.3848648648648,189.912677783956,1.039984153883354,0.031141537167733,-0.8660254037844386,0.5000000000000001,0,0,0,1,0,0.0,0.1444398795647473,1.397788833660896,0.0,0.0,3.766096286786617,0.0,0.0,-1474.3085399911115,851.1924324324326,0.0,0.0,0.0,-36.55584301278709,21.105525803886334,0.0,-0.5953226743523115,0.0,0.0,-1.10915528089877,0.0,-0.0,0.0,-0.0,0.0,-0.0,17463.17377506539,10214.309189189187,46475.10681081081,1152.3617088921935,433.003690686184,635.07207967307,0.0,0.0,112.83870967741936,81.9,18.0,7.051592683926089,0.0,0.0,0.0,0.0,0.0,0.0,0.0,0.0,0.0,5012.568353651101,124.28786570553206,3.7710672559433807,2.024064513447997,8.83331693749932,32.38882877083084,0.0,0.0,3.062169880409577,0.0,0.0,0.0,0.0,0.0,0.0,0.0,0.0,0.0,6998.289447737187,173.52430883366347,5.264969636723828,2.825894496916894,12.332621592519937,45.219612505906426,0.0,0.0,4.275243677353475,0.0,0.0,0.0,0.0,0.0,0.0,0.0,0.0,0.0,0.0,0.0,0.0,0.0,0.0,0.0,0.0,0.0,0.0,0.0,80.38318413124382,17.66663387499864,30.20424501209445,0.0,0.0,0.0,112.2268564919314,24.66524318503987,42.16960931635848,0.0,0.0,0.0,0.0,0.0,0.0,0.0,2.9444389791664403,0.0,0.0,0.0,0.0,0.0,4.110873864173311,0.0,0.0,-0.0,0.0,0.0,0.0,-0.0,0.0,0.0,0.0,-0.0,0.0,0.0,0.0,-0.0,0.0,0.0,0.0,0.0,0.0,0.0,0.0,0.0,0.0,0.0,0.0,0.0,0.0,0.0,0.0,0.0,0.0,0.0,0.0,0.0,0.0,0.0,0.0,0.0,2.7496776503359595,5.1229688,0.0,0.0,0.0,0.0,617.3000000000001,113.69999999999996,108.0,6.0,9.043548387096774,16.376272401433692,1050882.177081081,183857.5654054054,2.091621779053215,7.055312843339752,0.0,0.0,0.0,2.3607597697337352,0.0,0.0,2891.462575
3.88,11.136666666666663,-1.66,24.2,13.576666666666666,26.73333333333333,50.66666666666666,16,0.0,29.51333333333333,23,1.0,0.0,2.5649493574615367,0.0,4.007333185232471,4.007333185232471,1.3701431492843312,0.0,2.5649493574615367,0.0,66.0,2.0,0,0,0,0,0,0,0,0,0,0,0,0,0,0,0,0,0,0,0,0,0,0,0,0.0,53,0,0,LOC,CITY,4,Unassigned,Fee,Local Other or Unknown,OPEN ACCESS,0,0,0,0,0,0,0,0,0,0,1,0,0,4,0,0.6874194125839899,42.21105160777266,1.2807422,3,73,12,11,0.0,0.1553922301918808,3.046243151333482,1702.3848648648648,189.912677783956,1.039984153883354,0.031141537167733,-0.5000000000000004,0.8660254037844384,0,0,0,1,0,0.0,0.1444398795647473,1.397788833660896,0.0,0.0,3.766096286786617,0.0,0.0,-851.1924324324332,1474.308539991111,0.0,0.0,0.0,-21.105525803886348,36.555843012787086,0.0,-0.3437097062919952,0.0,0.0,-0.6403711000000005,0.0,-0.0,0.0,-0.0,0.0,-0.0,6605.253275675676,27238.15783783784,41197.71372972972,1021.5074489080984,163.7788802381579,573.0853773281934,0.0,0.0,42.68,72.6,48.0,2.6671873208258807,0.0,0.0,0.0,0.0,0.0,0.0,0.0,0.0,0.0,4366.53096528738,108.26920969913223,3.285038882963875,1.763195980613892,7.694848072384611,28.214442932076903,0.0,0.0,2.667506687273289,0.0,0.0,0.0,0.0,0.0,0.0,0.0,0.0,0.0,6822.0233630104685,169.15374789138784,5.132360719787642,2.7547186242208346,12.021999555697413,44.08066503755718,0.0,0.0,4.167563011972677,0.0,0.0,0.0,0.0,0.0,0.0,0.0,0.0,0.0,0.0,0.0,0.0,0.0,0.0,0.0,0.0,0.0,0.0,0.0,62.07177445056919,41.03918971938459,9.952003506950762,0.0,0.0,0.0,96.9774630826258,64.11733096371954,15.548452758701988,0.0,0.0,0.0,0.0,0.0,0.0,0.0,2.5649493574615367,0.0,0.0,0.0,0.0,0.0,4.007333185232471,0.0,0.0,-0.0,0.0,0.0,0.0,-0.0,0.0,0.0,0.0,-0.0,0.0,0.0,0.0,-0.0,0.0,0.0,0.0,0.0,0.0,0.0,0.0,0.0,0.0,0.0,0.0,0.0,0.0,0.0,0.0,0.0,0.0,0.0,0.0,0.0,0.0,0.0,0.0,0.0,2.7496776503359595,5.1229688,0.0,0.0,0.0,0.0,641.5,79.09999999999997,124.0,22.0,9.043548387096774,10.643799283154122,1092079.8908108107,211095.72324324324,1.986534671948254,6.572282542694008,0.0,0.0,0.0,2.199134264721108,0.0,0.0,3467.637259
0.529032258064516,6.316129032258065,-3.938709677419354,25.0,14.893548387096772,29.69677419354839,62.12903225806452,27,0.0,31.30322580645161,16,1.0,0.0,3.1780538303479458,0.0,4.23410650459726,4.23410650459726,1.3701431492843312,0.0,3.1780538303479458,0.0,91.0,2.0,0,0,0,0,0,0,0,0,0,0,0,0,0,0,0,0,0,0,0,0,0,0,0,0.0,53,0,0,LOC,CITY,4,Unassigned,Fee,Local Other or Unknown,OPEN ACCESS,0,0,0,0,0,0,0,0,0,0,1,0,0,4,0,0.6874194125839899,42.21105160777266,1.2807422,3,73,12,11,0.0,0.1553922301918808,3.046243151333482,1702.3848648648648,189.912677783956,1.039984153883354,0.031141537167733,-2.4492935982947064e-16,1.0,1,0,0,0,0,0.0,0.1444398795647473,1.397788833660896,0.0,0.0,3.766096286786617,0.0,0.0,-4.1696403513473124e-13,1702.3848648648648,0.0,1702.3848648648648,0.0,-1.0338725848020506e-14,42.21105160777266,0.0,-1.683691966585474e-16,0.6874194125839899,0.0,-3.136913671525878e-16,0.0,-0.0,0.0,-0.0,0.0,-0.0,900.6165091543154,45964.39135135135,42559.62162162162,1055.2762901943163,22.331007947337792,628.672339590601,0.0,0.0,5.8193548387096765,75.0,81.0,0.3636670440766913,0.0,0.0,0.0,0.0,0.0,0.0,0.0,0.0,0.0,5410.270740510154,134.1489942450967,4.070267654398255,2.184655897218084,9.534161491043838,34.9585921338274,0.0,0.0,3.3051256237501607,0.0,0.0,0.0,0.0,0.0,0.0,0.0,0.0,0.0,7208.07882965225,178.72608817836084,5.422798879732205,2.910607006208299,12.702319513791778,46.575171550569856,0.0,0.0,4.403403670635587,0.0,0.0,0.0,0.0,0.0,0.0,0.0,0.0,0.0,0.0,0.0,0.0,0.0,0.0,0.0,0.0,0.0,0.0,0.0,79.45134575869865,85.80745341939453,1.681292994119558,0.0,0.0,0.0,105.85266261493148,114.32087562412602,2.2399789250127435,0.0,0.0,0.0,0.0,0.0,0.0,0.0,3.1780538303479458,0.0,0.0,0.0,0.0,0.0,4.23410650459726,0.0,0.0,-0.0,0.0,0.0,0.0,-0.0,0.0,0.0,0.0,-0.0,0.0,0.0,0.0,-0.0,0.0,0.0,0.0,0.0,0.0,0.0,0.0,0.0,0.0,0.0,0.0,0.0,0.0,0.0,0.0,0.0,0.0,0.0,1.0,0.0,0.0,0.0,0.0,0.0,2.7496776503359595,5.1229688,0.0,0.0,0.0,0.0,666.5,76.49999999999997,151.0,49.0,9.043548387096774,4.889032258064516,1134639.5124324325,257060.11459459452,2.182708854697782,7.412160334945206,0.0,0.0,0.0,2.48016357518055,0.0,7.412160334945206,2442.357768
0.1677419354838709,5.82258064516129,-4.893548387096774,16.6,19.36774193548387,44.59354838709677,47.67741935483871,26,0.0,25.11935483870968,22,0.0,0.0,2.70805020110221,0.0,0.0,0.0,-1.6298568507156688,-0.0,-5.41610040220442,-0.0,14.0,1.0,0,0,0,0,0,0,0,0,0,0,0,0,0,0,0,0,0,0,0,0,0,0,0,0.0,53,0,0,LOC,CITY,4,Unassigned,Fee,Local Other or Unknown,OPEN ACCESS,0,0,0,0,0,0,0,0,0,0,1,0,0,4,0,0.3874727680324232,40.518181906216505,3.4698403,5,30,10,37,0.0,0.0,2.188565397607247,1705.8555304740407,187.42708091288097,5.211337051472152,0.020653573576245,-2.4492935982947064e-16,1.0,1,0,0,0,0,0.0,0.0,1.1595710970245892,0.0,0.0,3.7261314495129714,0.0,0.0,-4.178141030405688e-13,1705.8555304740407,0.0,1705.8555304740407,0.0,-9.924092355743648e-15,40.518181906216505,0.0,-9.49034570255344e-17,0.3874727680324232,0.0,-8.498657633894986e-16,0.0,-0.0,0.0,-0.0,0.0,-0.0,286.1435083375809,44352.24379232506,28317.20180586908,672.6018196431941,6.796598255236314,784.7456908545931,0.0,0.0,6.206451612903223,83.0,130.0,0.0649954320570516,0.0,0.0,0.0,0.0,0.0,0.0,0.0,0.0,0.0,4619.542412351543,109.72527065942552,9.396501722207551,1.0492957073918336,13.54025100551105,100.19785744078176,0.0,0.0,14.11256235025056,0.0,0.0,0.0,0.0,0.0,0.0,0.0,0.0,0.0,0.0,0.0,0.0,0.0,0.0,0.0,0.0,0.0,0.0,0.0,0.0,0.0,0.0,0.0,0.0,0.0,0.0,0.0,0.0,0.0,0.0,0.0,0.0,0.0,0.0,0.0,0.0,0.0,44.95363333829669,70.40930522865746,0.4542535821203705,0.0,0.0,0.0,0.0,0.0,0.0,0.0,0.0,0.0,0.0,0.0,0.0,0.0,2.70805020110221,0.0,0.0,0.0,0.0,0.0,0.0,0.0,0.0,-0.0,0.0,0.0,0.0,-0.0,0.0,0.0,0.0,-0.0,0.0,0.0,0.0,-0.0,0.0,0.0,0.0,0.0,0.0,0.0,0.0,0.0,0.0,0.0,0.0,0.0,0.0,0.0,0.0,0.0,0.0,0.0,1.0,0.0,0.0,0.0,0.0,0.0,1.5498910721296928,13.8793612,0.0,0.0,0.0,0.0,16.6,16.6,26.0,26.0,0.0,0.1677419354838709,28317.20180586908,44352.24379232506,1.354025100551105,2.70805020110221,0.0,0.0,0.0,1.0949346400912243,0.0,2.70805020110221,2047.90222
0.0612903225806451,5.606451612903226,-4.629032258064516,12.9,16.383870967741935,36.68387096774194,47.54838709677419,30,0.0,26.04516129032258,24,0.0,0.0,3.332204510175204,0.0,0.0,0.0,-0.6298568507156688,-0.0,-3.332204510175204,-0.0,27.0,1.0,0,0,0,0,0,0,0,0,0,0,0,0,0,0,0,0,0,0,0,0,0,0,0,0.0,53,0,0,LOC,CITY,4,Unassigned,Fee,Local Other or Unknown,OPEN ACCESS,0,0,0,0,0,0,0,0,0,0,1,0,0,4,0,0.3874727680324232,40.518181906216505,3.4698403,5,30,10,37,0.0,0.0,2.188565397607247,1705.8555304740407,187.42708091288097,5.211337051472152,0.020653573576245,0.4999999999999999,0.8660254037844387,1,0,0,0,0,0.0,0.0,1.1595710970245892,0.0,0.0,3.7261314495129714,0.0,0.0,852.9277652370203,1477.314224576699,0.0,1705.8555304740407,0.0,20.25909095310825,35.089774845942486,0.0,0.1937363840162115,0.3874727680324232,0.0,1.7349201499999998,0.0,0.0,0.0,0.0,0.0,0.0,104.55243573873145,51175.66591422122,22005.536343115127,522.6845465901929,2.4833724394132672,663.8446641989472,0.0,0.0,2.2677419354838686,64.5,150.0,0.0237483309439226,0.0,0.0,0.0,0.0,0.0,0.0,0.0,0.0,0.0,5684.259492352913,135.01486849199398,11.562217497247682,1.2911385052077111,16.66102255087602,123.29156687648252,0.0,0.0,17.365240826958654,0.0,0.0,0.0,0.0,0.0,0.0,0.0,0.0,0.0,0.0,0.0,0.0,0.0,0.0,0.0,0.0,0.0,0.0,0.0,0.0,0.0,0.0,0.0,0.0,0.0,0.0,0.0,0.0,0.0,0.0,0.0,0.0,0.0,0.0,0.0,0.0,0.0,42.98543818126013,99.96613530525612,0.2042318893333187,0.0,0.0,0.0,0.0,0.0,0.0,0.0,0.0,0.0,0.0,0.0,0.0,0.0,3.332204510175204,0.0,0.0,0.0,0.0,0.0,0.0,0.0,0.0,0.0,0.0,0.0,0.0,0.0,0.0,0.0,0.0,0.0,0.0,0.0,0.0,0.0,0.0,0.0,0.0,0.0,0.0,0.0,0.0,0.0,0.0,0.0,0.0,0.0,0.0,0.0,0.0,0.0,0.0,0.0,1.0,0.0,0.0,0.0,0.0,0.0,1.5498910721296928,13.8793612,0.0,0.0,0.0,0.0,12.9,29.5,30.0,56.0,0.0,0.114516129032258,22005.536343115127,51175.66591422122,1.666102255087602,3.332204510175204,0.0,0.0,0.0,1.3472963479680096,0.0,3.332204510175204,7814.95047
-4.4071428571428575,1.257142857142857,-10.471428571428572,35.1,17.364285714285714,39.45,52.5,26,0.0,24.592857142857145,22,0.0,0.0,2.4849066497880004,0.0,0.0,0.0,-0.6298568507156688,-0.0,-2.4849066497880004,-0.0,11.0,1.0,0,0,0,0,0,0,0,0,0,0,0,0,0,0,0,0,0,0,0,0,0,0,0,0.0,53,0,0,LOC,CITY,4,Unassigned,Fee,Local Other or Unknown,OPEN ACCESS,0,0,0,0,0,0,0,0,0,0,1,0,0,4,0,0.3874727680324232,40.518181906216505,3.4698403,5,30,10,37,0.0,0.0,2.188565397607247,1705.8555304740407,187.42708091288097,5.211337051472152,0.020653573576245,0.8660254037844386,0.5000000000000001,1,0,0,0,0,0.0,0.0,1.1595710970245892,0.0,0.0,3.7261314495129714,0.0,0.0,1477.3142245766987,852.9277652370206,0.0,1705.8555304740407,0.0,35.08977484594248,20.259090953108256,0.0,0.3355612603907534,0.3874727680324232,0.0,3.0049698468750177,0.0,0.0,0.0,0.0,0.0,0.0,-7517.949016446309,44352.24379232506,59875.52911963884,1422.1881849081994,-178.56941597239702,703.5692872429452,-0.0,0.0,-163.06428571428572,175.5,130.0,-1.7076478419714651,0.0,0.0,0.0,0.0,0.0,0.0,0.0,0.0,0.0,4238.89175125258,100.68389965607724,8.62222923517239,0.9628336578955318,12.42453324894,91.94154604215602,0.0,0.0,12.949686093489742,0.0,0.0,0.0,0.0,0.0,0.0,0.0,0.0,0.0,0.0,0.0,0.0,0.0,0.0,0.0,0.0,0.0,0.0,0.0,0.0,0.0,0.0,0.0,0.0,0.0,0.0,0.0,0.0,0.0,0.0,0.0,0.0,0.0,0.0,0.0,0.0,-0.0,87.22022340755882,64.60757289448802,-10.951338592279974,0.0,0.0,-0.0,0.0,0.0,-0.0,0.0,0.0,0.0,0.0,0.0,0.0,0.0,2.4849066497880004,0.0,0.0,0.0,0.0,0.0,0.0,0.0,0.0,0.0,0.0,0.0,0.0,0.0,0.0,0.0,0.0,0.0,0.0,0.0,0.0,0.0,0.0,0.0,0.0,0.0,0.0,0.0,0.0,-0.0,0.0,0.0,0.0,-0.0,0.0,0.0,0.0,0.0,-0.0,0.0,1.0,0.0,0.0,0.0,0.0,0.0,1.5498910721296928,13.8793612,0.0,0.0,0.0,0.0,48.0,64.6,56.0,82.0,0.0,-1.392703533026114,81881.06546275396,95527.90970654628,1.2424533248940002,2.4849066497880004,0.0,0.0,0.0,1.0047119389214094,0.0,2.4849066497880004,3074.936806
1.2870967741935484,6.745161290322581,-3.983870967741936,101.6,16.080645161290324,36.2,50.193548387096776,28,0.0,33.83548387096774,23,0.0,0.0,1.0986122886681098,0.0,0.0,0.0,-0.6298568507156688,-0.0,-1.0986122886681098,-0.0,2.0,1.0,0,0,0,0,0,0,0,0,0,0,0,0,0,0,0,0,0,0,0,0,0,0,0,0.0,53,0,0,LOC,CITY,4,Unassigned,Fee,Local Other or Unknown,OPEN ACCESS,0,0,0,0,0,0,0,0,0,0,1,0,0,4,0,0.3874727680324232,40.518181906216505,3.4698403,5,30,10,37,0.0,0.0,2.188565397607247,1705.8555304740407,187.42708091288097,5.211337051472152,0.020653573576245,1.0,6.123233995736766e-17,0,1,0,0,0,0.0,0.0,1.1595710970245892,0.0,0.0,3.7261314495129714,0.0,0.0,1705.8555304740407,1.044535257601422e-13,0.0,0.0,0.0,40.518181906216505,2.4810230889359123e-15,0.0,0.3874727680324232,0.0,0.0,3.4698403,0.0,0.0,0.0,0.0,0.0,0.0,2195.601150513362,47763.95485327314,173314.92189616253,4116.647281671597,52.15082122767866,651.5585058144816,0.0,0.0,47.62258064516129,508.0,140.0,0.4987149498223769,0.0,0.0,0.0,0.0,0.0,0.0,0.0,0.0,0.0,1874.0738484712383,44.51377255665931,3.81200919329584,0.4256823444846681,5.493061443340549,40.648654680720064,0.0,0.0,5.72523892513874,0.0,0.0,0.0,0.0,0.0,0.0,0.0,0.0,0.0,0.0,0.0,0.0,0.0,0.0,0.0,0.0,0.0,0.0,0.0,0.0,0.0,0.0,0.0,0.0,0.0,0.0,0.0,0.0,0.0,0.0,0.0,0.0,0.0,0.0,0.0,0.0,0.0,111.61900852867994,30.76114408270708,1.4140203328341154,0.0,0.0,0.0,0.0,0.0,0.0,0.0,0.0,0.0,0.0,0.0,0.0,0.0,1.0986122886681098,0.0,0.0,0.0,0.0,0.0,0.0,0.0,0.0,0.0,0.0,0.0,0.0,0.0,0.0,0.0,0.0,0.0,0.0,0.0,0.0,0.0,0.0,0.0,0.0,0.0,0.0,0.0,0.0,0.0,0.0,0.0,0.0,0.0,0.0,0.0,0.0,0.0,0.0,0.0,0.0,0.0,0.0,0.0,0.0,0.0,1.5498910721296928,13.8793612,0.0,0.0,0.0,0.0,149.6,149.6,84.0,84.0,0.0,-1.0195852534562215,255195.9873589165,143291.86455981943,0.5493061443340549,1.0986122886681098,0.0,0.0,0.0,0.44419732337421747,0.0,0.0,2231.961998
4.7,11.156666666666666,-1.6833333333333331,77.6,15.6,35.736666666666665,46.1,16,0.0,34.93333333333333,23,0.0,0.0,3.4657359027997265,0.0,0.0,0.0,-0.6298568507156688,-0.0,-3.4657359027997265,-0.0,31.0,1.0,0,0,0,0,0,0,0,0,0,0,0,0,0,0,0,0,0,0,0,0,0,0,0,0.0,53,0,0,LOC,CITY,4,Unassigned,Fee,Local Other or Unknown,OPEN ACCESS,0,0,0,0,0,0,0,0,0,0,1,0,0,4,0,0.3874727680324232,40.518181906216505,3.4698403,5,30,10,37,0.0,0.0,2.188565397607247,1705.8555304740407,187.42708091288097,5.211337051472152,0.020653573576245,0.8660254037844387,-0.4999999999999998,0,1,0,0,0,0.0,0.0,1.1595710970245892,0.0,0.0,3.7261314495129714,0.0,0.0,1477.314224576699,-852.92776523702,0.0,0.0,0.0,35.089774845942486,-20.25909095310824,0.0,0.3355612603907534,0.0,0.0,3.004969846875018,0.0,0.0,0.0,0.0,0.0,0.0,8017.520993227991,27293.68848758465,132374.38916478556,3144.2109159224005,190.4354549592176,632.0836377369775,0.0,0.0,173.9,388.0,80.0,1.821122009752389,0.0,0.0,0.0,0.0,0.0,0.0,0.0,0.0,0.0,5912.044756953356,140.4253177485448,12.025550104691376,1.342878283527159,17.328679513998633,128.2322284035899,0.0,0.0,18.061117920877503,0.0,0.0,0.0,0.0,0.0,0.0,0.0,0.0,0.0,0.0,0.0,0.0,0.0,0.0,0.0,0.0,0.0,0.0,0.0,0.0,0.0,0.0,0.0,0.0,0.0,0.0,0.0,0.0,0.0,0.0,0.0,0.0,0.0,0.0,0.0,0.0,0.0,268.9411060572588,55.451774444795625,16.288958743158716,0.0,0.0,0.0,0.0,0.0,0.0,0.0,0.0,0.0,0.0,0.0,0.0,0.0,3.4657359027997265,0.0,0.0,0.0,0.0,0.0,0.0,0.0,0.0,0.0,-0.0,0.0,0.0,0.0,-0.0,0.0,0.0,0.0,-0.0,0.0,0.0,0.0,-0.0,0.0,0.0,0.0,0.0,0.0,0.0,0.0,0.0,0.0,0.0,0.0,0.0,0.0,0.0,0.0,0.0,0.0,0.0,0.0,0.0,0.0,0.0,0.0,1.5498910721296928,13.8793612,0.0,0.0,0.0,0.0,227.2,214.3,100.0,70.0,0.0,0.5266513056835636,387570.37652370206,170585.55304740407,1.7328679513998633,3.4657359027997265,0.0,0.0,0.0,1.40128653886798,0.0,0.0,8164.569172
11.358064516129032,17.274193548387096,5.319354838709677,136.4,16.570967741935487,37.37096774193548,56.70967741935484,2,0.0129032258064515,44.8258064516129,24,0.0,0.0,2.772588722239781,0.0,0.0,0.0,-0.6298568507156688,-0.0,-2.772588722239781,-0.0,15.0,1.0,0,0,0,0,0,0,0,0,0,0,0,0,0,0,0,0,0,0,0,0,0,0,0,0.0,53,0,0,LOC,CITY,4,Unassigned,Fee,Local Other or Unknown,OPEN ACCESS,0,0,0,0,0,0,0,0,0,0,1,0,0,4,0,0.3874727680324232,40.518181906216505,3.4698403,5,30,10,37,0.0,0.0,2.188565397607247,1705.8555304740407,187.42708091288097,5.211337051472152,0.020653573576245,0.4999999999999999,-0.8660254037844387,0,1,0,0,0,0.0,0.0,1.1595710970245892,0.0,0.0,3.7261314495129714,0.0,0.0,852.9277652370203,-1477.314224576699,0.0,0.0,0.0,20.25909095310825,-35.089774845942486,0.0,0.1937363840162115,0.0,0.0,1.7349201499999998,0.0,0.0,0.0,0.0,0.0,0.0,19375.21717031967,3411.711060948081,232678.6943566592,5526.680012007932,460.2081241670591,671.4254853297878,0.0,0.0,420.2483870967742,682.0,10.0,4.400940697555361,0.0,0.0,0.0,0.0,0.0,0.0,0.0,0.0,0.0,4729.635805562684,112.34025419883584,9.6204400837531,1.0743026268217273,13.862943611198906,102.5857827228719,0.0,0.0,14.448894336702002,0.0,0.0,0.0,0.0,0.0,0.0,0.0,0.0,0.0,0.0,0.0,0.0,0.0,0.0,0.0,0.0,0.0,0.0,0.0,0.0,0.0,0.0,0.0,0.0,0.0,0.0,0.0,0.0,0.0,0.0,0.0,0.0,0.0,0.0,0.0,0.0,0.0,378.18110171350617,5.545177444479562,31.49124158389119,0.0,0.0,0.0,0.0,0.0,0.0,0.0,0.0,0.0,0.0,0.0,0.0,0.0,2.772588722239781,0.0,0.0,0.0,0.0,0.0,0.0,0.0,0.0,0.0,-0.0,0.0,0.0,0.0,-0.0,0.0,0.0,0.0,-0.0,0.0,0.0,0.0,-0.0,0.0,0.0,0.0,0.0,0.0,0.0,0.0,0.0,0.0,0.0,0.0,0.0,0.0,0.0,0.0,0.0,0.0,0.0,0.0,0.0,0.0,0.0,0.0,1.5498910721296928,13.8793612,0.0,0.0,0.0,0.0,363.6,315.6,102.0,46.0,0.0129032258064515,5.781720430107527,620249.0708803613,173997.26410835216,1.3862943611198906,2.772588722239781,0.0,0.0,0.0,1.121029231094384,0.0,0.0,5771.792058
20.46,27.30666666666667,13.423333333333334,30.3,16.26,37.44666666666667,38.63333333333333,0,3.17,44.21,30,0.0,0.0,3.4657359027997265,0.6931471805599453,0.0,0.0,-0.6298568507156688,-0.0,-3.4657359027997265,-0.6931471805599453,32.0,2.0,0,0,0,0,0,0,0,0,0,0,0,0,0,0,0,0,0,0,0,0,0,0,0,0.0,53,0,0,LOC,CITY,4,Unassigned,Fee,Local Other or Unknown,OPEN ACCESS,0,0,0,0,0,0,0,0,0,0,1,0,0,4,0,0.3874727680324232,40.518181906216505,3.4698403,5,30,10,37,0.0,0.0,2.188565397607247,1705.8555304740407,187.42708091288097,5.211337051472152,0.020653573576245,1.2246467991473532e-16,-1.0,0,0,1,0,1,0.0,0.0,1.1595710970245892,0.0,0.0,3.7261314495129714,0.0,0.0,2.089070515202844e-13,-1705.8555304740407,1705.8555304740407,0.0,40.518181906216505,4.9620461778718246e-15,-40.518181906216505,0.3874727680324232,4.74517285127672e-17,0.0,3.4698403,4.2493288169474924e-16,0.0,0.0,0.0,0.0,0.0,0.0,34901.80415349887,0.0,51687.42257336344,1227.7009117583602,829.0020018011897,658.8256377950804,0.0,0.0,757.02,151.5,0.0,7.927692833943379,0.0,0.0,0.0,0.0,0.0,0.0,0.0,0.0,0.0,5912.044756953356,140.4253177485448,12.025550104691376,1.342878283527159,17.328679513998633,128.2322284035899,0.0,0.0,18.061117920877503,1182.408951390671,28.08506354970896,2.4051100209382748,0.2685756567054318,3.4657359027997265,25.64644568071797,0.0,0.0,3.6122235841755006,0.0,0.0,0.0,0.0,0.0,0.0,0.0,0.0,0.0,0.0,0.0,0.0,0.0,0.0,0.0,0.0,0.0,0.0,0.0,0.0,0.0,0.0,0.0,0.0,0.0,0.0,0.0,0.0,105.01179785483173,0.0,70.9089565712824,21.00235957096634,0.0,14.18179131425648,0.0,0.0,0.0,0.0,0.0,0.0,0.0,0.0,0.0,0.0,3.4657359027997265,0.0,0.0,0.6931471805599453,0.0,0.0,0.0,0.0,0.0,0.0,-0.0,0.0,0.0,0.0,-0.0,0.0,0.0,0.0,-0.0,0.0,0.0,0.0,-0.0,0.0,0.0,0.0,0.0,0.0,0.0,0.0,0.0,0.0,0.0,0.0,0.0,0.0,0.0,0.0,0.0,1.0,0.0,0.0,0.0,0.0,0.0,0.0,1.5498910721296928,13.8793612,0.0,0.0,0.0,0.0,393.9,244.3,102.0,18.0,3.182903225806452,12.17268817204301,671936.4934537247,173997.26410835216,1.650020326805039,4.1588830833596715,0.0,0.0,0.0,1.6815438466415757,4.1588830833596715,0.0,10357.15756
23.00967741935484,29.33870967741936,16.70967741935484,22.4,14.935483870967742,36.1741935483871,36.41935483870968,0,5.009677419354838,47.39677419354839,30,0.0,0.0,3.218875824868201,0.0,0.0,0.0,-0.6298568507156688,-0.0,-3.218875824868201,-0.0,24.0,1.0,0,0,0,0,0,0,0,0,0,0,0,0,0,0,0,0,0,0,0,0,0,0,0,0.0,53,0,0,LOC,CITY,4,Unassigned,Fee,Local Other or Unknown,OPEN ACCESS,0,0,0,0,0,0,0,0,0,0,1,0,0,4,0,0.3874727680324232,40.518181906216505,3.4698403,5,30,10,37,0.0,0.0,2.188565397607247,1705.8555304740407,187.42708091288097,5.211337051472152,0.020653573576245,-0.4999999999999997,-0.8660254037844388,0,0,1,0,1,0.0,0.0,1.1595710970245892,0.0,0.0,3.7261314495129714,0.0,0.0,-852.9277652370199,-1477.3142245766992,1705.8555304740407,0.0,40.518181906216505,-20.25909095310824,-35.08977484594249,0.3874727680324232,-0.1937363840162115,0.0,3.4698403,-1.734920149999999,0.0,-0.0,0.0,-0.0,0.0,-0.0,39251.18548023011,0.0,38211.16388261851,907.6072746992496,932.3102952807818,605.1586523412336,0.0,0.0,851.358064516129,112.0,0.0,8.915623401210564,0.0,0.0,0.0,0.0,0.0,0.0,0.0,0.0,0.0,5490.937127760611,130.42299620553246,11.168985057823424,1.2472267258143312,16.094379124341003,119.09840552012344,0.0,0.0,16.774646850223643,0.0,0.0,0.0,0.0,0.0,0.0,0.0,0.0,0.0,0.0,0.0,0.0,0.0,0.0,0.0,0.0,0.0,0.0,0.0,0.0,0.0,0.0,0.0,0.0,0.0,0.0,0.0,0.0,0.0,0.0,0.0,0.0,0.0,0.0,0.0,0.0,0.0,72.10281847704769,0.0,74.06529438317703,0.0,0.0,0.0,0.0,0.0,0.0,0.0,0.0,0.0,0.0,0.0,0.0,0.0,3.218875824868201,0.0,0.0,0.0,0.0,0.0,0.0,0.0,0.0,-0.0,-0.0,0.0,0.0,-0.0,-0.0,0.0,0.0,-0.0,-0.0,0.0,0.0,-0.0,-0.0,0.0,0.0,0.0,0.0,0.0,0.0,0.0,0.0,0.0,0.0,0.0,0.0,0.0,0.0,0.0,0.0,1.0,0.0,0.0,0.0,0.0,0.0,0.0,1.5498910721296928,13.8793612,0.0,0.0,0.0,0.0,416.3,189.1,102.0,2.0,8.19258064516129,18.275913978494625,710147.6573363432,173997.26410835216,1.6094379124341005,3.218875824868201,0.0,0.0,0.0,1.301474633434014,3.218875824868201,0.0,10533.15286
21.68387096774193,28.425806451612903,15.093548387096773,12.1,16.5258064516129,36.86129032258064,29.193548387096776,0,3.683870967741936,44.90967741935484,31,1.0,0.0,3.218875824868201,0.0,6.115892125483034,6.115892125483034,-0.6298568507156688,-0.0,-3.218875824868201,-0.0,476.0,2.0,0,0,0,0,0,0,0,0,0,0,0,0,0,0,0,0,0,0,0,0,0,0,0,0.0,53,0,0,LOC,CITY,4,Unassigned,Fee,Local Other or Unknown,OPEN ACCESS,0,0,0,0,0,0,0,0,0,0,1,0,0,4,0,0.3874727680324232,40.518181906216505,3.4698403,5,30,10,37,0.0,0.0,2.188565397607247,1705.8555304740407,187.42708091288097,5.211337051472152,0.020653573576245,-0.8660254037844385,-0.5000000000000004,0,0,1,0,1,0.0,0.0,1.1595710970245892,0.0,0.0,3.7261314495129714,0.0,0.0,-1477.3142245766987,-852.9277652370212,1705.8555304740407,0.0,40.518181906216505,-35.08977484594248,-20.25909095310827,0.3874727680324232,-0.3355612603907533,0.0,3.4698403,-3.004969846875017,0.0,-0.0,0.0,-0.0,0.0,-0.0,36989.55121240806,0.0,20640.85191873589,490.2700010652197,878.5910283018945,669.5956319533778,0.0,0.0,802.3032258064515,60.5,0.0,8.401909505528865,0.0,0.0,0.0,0.0,0.0,0.0,0.0,0.0,0.0,5490.937127760611,130.42299620553246,11.168985057823424,1.2472267258143312,16.094379124341003,119.09840552012344,0.0,0.0,16.774646850223643,0.0,0.0,0.0,0.0,0.0,0.0,0.0,0.0,0.0,10432.82840603787,247.80482965911867,21.22116896745369,2.369741650848612,30.579460627415173,226.28800864287223,0.0,0.0,31.87197523633651,0.0,0.0,0.0,0.0,0.0,0.0,0.0,0.0,0.0,0.0,0.0,0.0,0.0,0.0,0.0,0.0,0.0,0.0,0.0,38.94839748090523,0.0,69.79768804762594,0.0,0.0,0.0,74.00229471834471,0.0,132.61621570160307,0.0,0.0,0.0,0.0,0.0,0.0,0.0,3.218875824868201,0.0,0.0,0.0,0.0,0.0,6.115892125483034,0.0,0.0,-0.0,-0.0,0.0,0.0,-0.0,-0.0,0.0,0.0,-0.0,-0.0,0.0,0.0,-0.0,-0.0,0.0,0.0,0.0,0.0,0.0,0.0,0.0,0.0,0.0,0.0,0.0,0.0,0.0,0.0,0.0,0.0,1.0,0.0,0.0,0.0,0.0,0.0,0.0,1.5498910721296928,13.8793612,0.0,0.0,0.0,0.0,428.4,64.8,102.0,0.0,11.876451612903224,21.717849462365592,730788.509255079,173997.26410835216,2.94283451198218,9.334767950351235,0.0,0.0,0.0,3.774287781627116,9.334767950351235,0.0,8289.331341
19.266666666666666,26.46,12.263333333333332,13.9,16.856666666666666,38.41666666666666,31.366666666666667,0,2.313333333333333,38.41666666666666,28,1.0,0.0,3.688879454113936,0.0,5.153291594497779,5.153291594497779,-0.6298568507156688,-0.0,-3.688879454113936,-0.0,211.0,2.0,0,0,0,0,0,0,0,0,0,0,0,0,0,0,0,0,0,0,0,0,0,0,0,0.0,53,0,0,LOC,CITY,4,Unassigned,Fee,Local Other or Unknown,OPEN ACCESS,0,0,0,0,0,0,0,0,0,0,1,0,0,4,0,0.3874727680324232,40.518181906216505,3.4698403,5,30,10,37,0.0,0.0,2.188565397607247,1705.8555304740407,187.42708091288097,5.211337051472152,0.020653573576245,-1.0,-1.8369701987210292e-16,0,0,0,1,0,0.0,0.0,1.1595710970245892,0.0,0.0,3.7261314495129714,0.0,0.0,-1705.8555304740407,-3.133605772804266e-13,0.0,0.0,0.0,-40.518181906216505,-7.443069266807736e-15,0.0,-0.3874727680324232,0.0,0.0,-3.4698403,0.0,-0.0,0.0,-0.0,0.0,-0.0,32866.149887133186,0.0,23711.391873589168,563.2027284964095,780.650304726438,683.0014863324561,0.0,0.0,712.8666666666667,69.5,0.0,7.465308664091353,0.0,0.0,0.0,0.0,0.0,0.0,0.0,0.0,0.0,6292.695418052318,149.4666887518931,12.799822591726535,1.4293403330234609,18.44439727056968,136.48853980221563,0.0,0.0,19.22399417763832,0.0,0.0,0.0,0.0,0.0,0.0,0.0,0.0,0.0,8790.770966619424,208.8020062416375,17.881098852239653,1.9967601585982744,25.766457972488897,190.67178899641783,0.0,0.0,26.855539423446285,0.0,0.0,0.0,0.0,0.0,0.0,0.0,0.0,0.0,0.0,0.0,0.0,0.0,0.0,0.0,0.0,0.0,0.0,0.0,51.27542441218371,0.0,71.07241081592849,0.0,0.0,0.0,71.63075316351913,0.0,99.28675138732387,0.0,0.0,0.0,0.0,0.0,0.0,0.0,3.688879454113936,0.0,0.0,0.0,0.0,0.0,5.153291594497779,0.0,0.0,-0.0,-0.0,0.0,0.0,-0.0,-0.0,0.0,0.0,-0.0,-0.0,0.0,0.0,-0.0,-0.0,0.0,0.0,0.0,0.0,0.0,0.0,0.0,0.0,0.0,0.0,0.0,0.0,0.0,0.0,0.0,0.0,0.0,0.0,0.0,0.0,0.0,0.0,0.0,1.5498910721296928,13.8793612,0.0,0.0,0.0,0.0,442.3,48.400000000000006,102.0,0.0,14.18978494623656,21.320071684587813,754499.9011286682,173997.26410835216,2.6215929427022413,8.842171048611714,0.0,0.0,0.0,3.5751181314128444,0.0,0.0,10805.44748
11.0,18.10322580645161,5.106451612903226,13.5,16.845161290322583,37.170967741935485,45.2258064516129,2,0.0,34.16129032258065,26,1.0,0.0,3.555348061489413,0.0,4.23410650459726,4.23410650459726,-0.6298568507156688,-0.0,-3.555348061489413,-0.0,102.0,2.0,0,0,0,0,0,0,0,0,0,0,0,0,0,0,0,0,0,0,0,0,0,0,0,0.0,53,0,0,LOC,CITY,4,Unassigned,Fee,Local Other or Unknown,OPEN ACCESS,0,0,0,0,0,0,0,0,0,0,1,0,0,4,0,0.3874727680324232,40.518181906216505,3.4698403,5,30,10,37,0.0,0.0,2.188565397607247,1705.8555304740407,187.42708091288097,5.211337051472152,0.020653573576245,-0.8660254037844386,0.5000000000000001,0,0,0,1,0,0.0,0.0,1.1595710970245892,0.0,0.0,3.7261314495129714,0.0,0.0,-1477.3142245766987,852.9277652370206,0.0,0.0,0.0,-35.08977484594248,20.259090953108256,0.0,-0.3355612603907534,0.0,0.0,-3.0049698468750177,0.0,-0.0,0.0,-0.0,0.0,-0.0,18764.410835214447,3411.711060948081,23029.04966139955,546.9954557339228,445.7000009683816,682.5353094008472,0.0,0.0,407.0,67.5,10.0,4.262200448356655,0.0,0.0,0.0,0.0,0.0,0.0,0.0,0.0,0.0,6064.910153451875,144.05623949534225,12.336489984282844,1.3776005547040129,17.776740307447064,131.54787827510827,0.0,0.0,18.52811708371947,0.0,0.0,0.0,0.0,0.0,0.0,0.0,0.0,0.0,7222.773997483345,171.5582975635663,14.691673384143709,1.6406009674803883,21.1705325229863,156.6619406700986,0.0,0.0,22.065356107286945,0.0,0.0,0.0,0.0,0.0,0.0,0.0,0.0,0.0,0.0,0.0,0.0,0.0,0.0,0.0,0.0,0.0,0.0,0.0,47.997198830107074,7.110696122978826,39.108828676383546,0.0,0.0,0.0,57.16043781206301,8.46821300919452,46.575171550569856,0.0,0.0,0.0,0.0,0.0,0.0,0.0,3.555348061489413,0.0,0.0,0.0,0.0,0.0,4.23410650459726,0.0,0.0,-0.0,0.0,0.0,0.0,-0.0,0.0,0.0,0.0,-0.0,0.0,0.0,0.0,-0.0,0.0,0.0,0.0,0.0,0.0,0.0,0.0,0.0,0.0,0.0,0.0,0.0,0.0,0.0,0.0,0.0,0.0,0.0,0.0,0.0,0.0,0.0,0.0,0.0,1.5498910721296928,13.8793612,0.0,0.0,0.0,0.0,455.8,39.5,104.0,2.0,14.18978494623656,17.3168458781362,777528.9507900678,177408.97516930025,2.265631414663267,7.789454566086673,0.0,0.0,0.0,3.149477667863642,0.0,0.0,8186.390692
7.763333333333334,14.316666666666666,1.596666666666667,2.4,20.216666666666665,42.78333333333333,57.13333333333333,11,0.0,29.08,23,1.0,0.0,3.1780538303479458,0.0,3.610917912644224,3.610917912644224,-0.6298568507156688,-0.0,-3.1780538303479458,-0.0,59.0,2.0,0,0,0,0,0,0,0,0,0,0,0,0,0,0,0,0,0,0,0,0,0,0,0,0.0,53,0,0,LOC,CITY,4,Unassigned,Fee,Local Other or Unknown,OPEN ACCESS,0,0,0,0,0,0,0,0,0,0,1,0,0,4,0,0.3874727680324232,40.518181906216505,3.4698403,5,30,10,37,0.0,0.0,2.188565397607247,1705.8555304740407,187.42708091288097,5.211337051472152,0.020653573576245,-0.5000000000000004,0.8660254037844384,0,0,0,1,0,0.0,0.0,1.1595710970245892,0.0,0.0,3.7261314495129714,0.0,0.0,-852.9277652370212,1477.3142245766985,0.0,0.0,0.0,-20.25909095310827,35.08977484594247,0.0,-0.1937363840162117,0.0,0.0,-1.7349201500000015,0.0,-0.0,0.0,-0.0,0.0,-0.0,13243.125101580135,18764.410835214447,4094.0532731376975,97.2436365749196,314.55615219859413,819.1425775373436,0.0,0.0,287.24333333333334,12.0,55.0,3.0080802558250457,0.0,0.0,0.0,0.0,0.0,0.0,0.0,0.0,0.0,5421.300702643252,128.7689632057862,11.027339256110665,1.2314093146009637,15.890269151739728,117.587991722874,0.0,0.0,16.561909677665245,0.0,0.0,0.0,0.0,0.0,0.0,0.0,0.0,0.0,6159.704291371929,146.30782883293426,12.529308493284807,1.3991323587501172,18.05458956322112,133.6039627678363,0.0,0.0,18.81771030798733,0.0,0.0,0.0,0.0,0.0,0.0,0.0,0.0,0.0,0.0,0.0,0.0,0.0,0.0,0.0,0.0,0.0,0.0,0.0,7.627329192835069,34.9585921338274,24.672291236267885,0.0,0.0,0.0,8.666202990346138,39.72009703908646,28.032759395161325,0.0,0.0,0.0,0.0,0.0,0.0,0.0,3.1780538303479458,0.0,0.0,0.0,0.0,0.0,3.610917912644224,0.0,0.0,-0.0,0.0,0.0,0.0,-0.0,0.0,0.0,0.0,-0.0,0.0,0.0,0.0,-0.0,0.0,0.0,0.0,0.0,0.0,0.0,0.0,0.0,0.0,0.0,0.0,0.0,0.0,0.0,0.0,0.0,0.0,0.0,0.0,0.0,0.0,0.0,0.0,0.0,1.5498910721296928,13.8793612,0.0,0.0,0.0,0.0,458.2,29.8,115.0,13.0,14.18978494623656,12.676666666666668,781623.0040632054,196173.38600451467,1.9677584530507155,6.788971742992169,0.0,0.0,0.0,2.744956621918273,0.0,0.0,7762.294193
3.525806451612904,9.712903225806452,-2.1322580645161286,26.8,22.451612903225808,46.89354838709678,61.96774193548387,20,0.0,23.541935483870965,19,1.0,0.0,3.218875824868201,1.3862943611198906,4.0943445622221,4.0943445622221,-0.6298568507156688,-0.0,-3.218875824868201,-1.3862943611198906,86.0,3.0,0,0,0,0,0,0,0,0,0,0,0,0,0,0,0,0,0,0,0,0,0,0,0,0.0,53,0,0,LOC,CITY,4,Unassigned,Fee,Local Other or Unknown,OPEN ACCESS,0,0,0,0,0,0,0,0,0,0,1,0,0,4,0,0.3874727680324232,40.518181906216505,3.4698403,5,30,10,37,0.0,0.0,2.188565397607247,1705.8555304740407,187.42708091288097,5.211337051472152,0.020653573576245,-2.4492935982947064e-16,1.0,1,0,0,0,0,0.0,0.0,1.1595710970245892,0.0,0.0,3.7261314495129714,0.0,0.0,-4.178141030405688e-13,1705.8555304740407,0.0,1705.8555304740407,0.0,-9.924092355743648e-15,40.518181906216505,0.0,-9.49034570255344e-17,0.3874727680324232,0.0,-8.498657633894986e-16,0.0,-0.0,0.0,-0.0,0.0,-0.0,6014.516434864926,34117.11060948081,45716.92821670429,1085.8872750866024,142.8592671725634,909.6985357008608,0.0,0.0,130.45483870967746,134.0,100.0,1.366153985353028,0.0,0.0,0.0,0.0,0.0,0.0,0.0,0.0,0.0,5490.937127760611,130.42299620553246,11.168985057823424,1.2472267258143312,16.094379124341003,119.09840552012344,0.0,0.0,16.774646850223643,2364.817902781342,56.17012709941792,4.8102200418765495,0.5371513134108636,6.931471805599453,51.29289136143595,0.0,0.0,7.224447168351001,6984.360315132885,165.89539775884344,14.2067217640841,1.5864470208026973,20.471722811110503,151.49074880221772,0.0,0.0,21.33700951860156,0.0,0.0,0.0,0.0,0.0,0.0,0.0,0.0,0.0,0.0,0.0,0.0,0.0,0.0,0.0,0.0,0.0,0.0,0.0,86.2658721064678,64.37751649736401,11.349133150261112,37.152688878013066,27.72588722239781,4.887805602271099,109.72843426755227,81.88689124444201,14.435866472608891,0.0,0.0,0.0,0.0,0.0,0.0,0.0,3.218875824868201,0.0,0.0,1.3862943611198906,0.0,0.0,4.0943445622221,0.0,0.0,-0.0,0.0,0.0,0.0,-0.0,0.0,0.0,0.0,-0.0,0.0,0.0,0.0,-0.0,0.0,0.0,0.0,0.0,0.0,0.0,0.0,0.0,0.0,0.0,0.0,0.0,0.0,0.0,0.0,0.0,0.0,0.0,1.0,0.0,0.0,0.0,0.0,0.0,1.5498910721296928,13.8793612,0.0,0.0,0.0,0.0,485.0,42.7,135.0,33.0,14.18978494623656,7.429713261648746,827339.9322799097,230290.4966139955,1.837229963124719,8.699514748210191,0.0,0.0,0.0,3.517438504619622,0.0,8.699514748210191,6403.667378
-2.1580645161290324,3.667741935483871,-8.412903225806453,42.4,18.206451612903223,38.061290322580646,56.64516129032258,30,0.0,28.53548387096774,17,1.0,0.0,0.0,0.0,3.8918202981106265,3.8918202981106265,0.3701431492843312,0.0,0.0,0.0,48.0,1.0,0,0,0,0,0,0,0,0,0,0,0,0,0,0,0,0,0,0,0,0,0,0,0,0.0,53,0,0,LOC,CITY,4,Unassigned,Fee,Local Other or Unknown,OPEN ACCESS,0,0,0,0,0,0,0,0,0,0,1,0,0,4,0,0.3874727680324232,40.518181906216505,3.4698403,5,30,10,37,0.0,0.0,2.188565397607247,1705.8555304740407,187.42708091288097,5.211337051472152,0.020653573576245,0.4999999999999999,0.8660254037844387,1,0,0,0,0,0.0,0.0,1.1595710970245892,0.0,0.0,3.7261314495129714,0.0,0.0,852.9277652370203,1477.314224576699,0.0,1705.8555304740407,0.0,20.25909095310825,35.089774845942486,0.0,0.1937363840162115,0.3874727680324232,0.0,1.7349201499999998,0.0,0.0,0.0,0.0,0.0,0.0,-3681.346289958495,51175.66591422122,72328.27449209933,1717.9709128235795,-87.44085062986724,737.6923183183417,-0.0,0.0,-79.8483870967742,212.0,150.0,-0.8361912316570682,0.0,0.0,0.0,0.0,0.0,0.0,0.0,0.0,0.0,0.0,0.0,0.0,0.0,0.0,0.0,0.0,0.0,0.0,0.0,0.0,0.0,0.0,0.0,0.0,0.0,0.0,0.0,6638.883179143142,157.6894827851521,13.503994910742266,1.507974383593695,19.45910149055313,143.99735103009317,0.0,0.0,20.281587317215305,0.0,0.0,0.0,0.0,0.0,0.0,0.0,0.0,0.0,0.0,0.0,0.0,0.0,0.0,0.0,0.0,0.0,0.0,-0.0,0.0,0.0,-0.0,0.0,0.0,-0.0,165.01318063989055,116.7546089433188,-8.398799288503255,0.0,0.0,0.0,0.0,0.0,0.0,0.0,0.0,0.0,0.0,0.0,0.0,0.0,3.8918202981106265,0.0,0.0,0.0,0.0,0.0,0.0,0.0,0.0,0.0,0.0,0.0,0.0,0.0,0.0,0.0,0.0,0.0,0.0,0.0,0.0,0.0,0.0,-0.0,0.0,0.0,0.0,-0.0,0.0,0.0,0.0,0.0,-0.0,0.0,1.0,0.0,0.0,0.0,0.0,0.0,1.5498910721296928,13.8793612,0.0,0.0,0.0,0.0,42.4,71.6,30.0,61.0,0.0,3.043691756272402,72328.27449209933,51175.66591422122,1.9459101490553128,3.8918202981106265,0.0,0.0,0.0,1.573563464841635,0.0,3.8918202981106265,27.51409052
-4.546428571428572,1.0142857142857142,-9.992857142857144,36.1,18.560714285714287,39.71785714285714,53.392857142857146,28,0.0,26.20357142857143,22,1.0,0.0,1.0986122886681098,0.0,2.302585092994046,2.302585092994046,0.3701431492843312,0.0,0.0,0.0,11.0,2.0,0,0,0,0,0,0,0,0,0,0,0,0,0,0,0,0,0,0,0,0,0,0,0,0.0,53,0,0,LOC,CITY,4,Unassigned,Fee,Local Other or Unknown,OPEN ACCESS,0,0,0,0,0,0,0,0,0,0,1,0,0,4,0,0.3874727680324232,40.518181906216505,3.4698403,5,30,10,37,0.0,0.0,2.188565397607247,1705.8555304740407,187.42708091288097,5.211337051472152,0.020653573576245,0.8660254037844386,0.5000000000000001,1,0,0,0,0,0.0,0.0,1.1595710970245892,0.0,0.0,3.7261314495129714,0.0,0.0,1477.3142245766987,852.9277652370206,0.0,1705.8555304740407,0.0,35.08977484594248,20.259090953108256,0.0,0.3355612603907534,0.3874727680324232,0.0,3.0049698468750177,0.0,0.0,0.0,0.0,0.0,0.0,-7755.550322476622,47763.95485327314,61581.38465011287,1462.7063668144158,-184.2130198807629,752.0463977378828,-0.0,0.0,-168.21785714285716,180.5,140.0,-1.7616172632331242,0.0,0.0,0.0,0.0,0.0,0.0,0.0,0.0,0.0,1874.0738484712383,44.51377255665931,3.81200919329584,0.4256823444846681,5.493061443340549,40.648654680720064,0.0,0.0,5.72523892513874,0.0,0.0,0.0,0.0,0.0,0.0,0.0,0.0,0.0,3927.877515270977,93.2965616524752,7.989602549849988,0.8921890196125976,11.51292546497023,85.19564844077969,0.0,0.0,11.999547009287324,0.0,0.0,0.0,0.0,0.0,0.0,0.0,0.0,0.0,0.0,0.0,0.0,0.0,0.0,0.0,0.0,0.0,0.0,-0.0,39.65990362091876,30.76114408270708,-4.994762298123228,0.0,0.0,-0.0,83.12332185708506,64.47238260383328,-10.468538654933646,0.0,0.0,0.0,0.0,0.0,0.0,0.0,1.0986122886681098,0.0,0.0,0.0,0.0,0.0,2.302585092994046,0.0,0.0,0.0,0.0,0.0,0.0,0.0,0.0,0.0,0.0,0.0,0.0,0.0,0.0,0.0,0.0,0.0,0.0,0.0,0.0,0.0,0.0,-0.0,0.0,0.0,0.0,-0.0,0.0,0.0,0.0,0.0,-0.0,0.0,1.0,0.0,0.0,0.0,0.0,0.0,1.5498910721296928,13.8793612,0.0,0.0,0.0,0.0,78.5,105.29999999999998,58.0,78.0,0.0,-1.0595622119815669,133909.6591422122,98939.62076749436,1.0979998731078562,3.401197381662156,0.0,0.0,0.0,1.3751919478648205,0.0,3.401197381662156,77.32408198
1.7419354838709675,7.993548387096775,-4.254838709677419,44.8,17.94193548387097,37.89677419354839,66.80645161290323,20,0.0,31.580645161290324,23,1.0,0.0,0.0,0.0,2.302585092994046,2.302585092994046,0.3701431492843312,0.0,0.0,0.0,9.0,1.0,0,0,0,0,0,0,0,0,0,0,0,0,0,0,0,0,0,0,0,0,0,0,0,0.0,53,0,0,LOC,CITY,4,Unassigned,Fee,Local Other or Unknown,OPEN ACCESS,0,0,0,0,0,0,0,0,0,0,1,0,0,4,0,0.3874727680324232,40.518181906216505,3.4698403,5,30,10,37,0.0,0.0,2.188565397607247,1705.8555304740407,187.42708091288097,5.211337051472152,0.020653573576245,1.0,6.123233995736766e-17,0,1,0,0,0,0.0,0.0,1.1595710970245892,0.0,0.0,3.7261314495129714,0.0,0.0,1705.8555304740407,1.044535257601422e-13,0.0,0.0,0.0,40.518181906216505,2.4810230889359123e-15,0.0,0.3874727680324232,0.0,0.0,3.4698403,0.0,0.0,0.0,0.0,0.0,0.0,2971.490278890264,34117.11060948081,76422.32776523702,1815.2145493984992,70.58005880437713,726.9746056850846,0.0,0.0,64.4516129032258,224.0,100.0,0.6749525636693823,0.0,0.0,0.0,0.0,0.0,0.0,0.0,0.0,0.0,0.0,0.0,0.0,0.0,0.0,0.0,0.0,0.0,0.0,0.0,0.0,0.0,0.0,0.0,0.0,0.0,0.0,0.0,3927.877515270977,93.2965616524752,7.989602549849988,0.8921890196125976,11.51292546497023,85.19564844077969,0.0,0.0,11.999547009287324,0.0,0.0,0.0,0.0,0.0,0.0,0.0,0.0,0.0,0.0,0.0,0.0,0.0,0.0,0.0,0.0,0.0,0.0,0.0,0.0,0.0,0.0,0.0,0.0,0.0,103.15581216613325,46.05170185988092,4.01095467811866,0.0,0.0,0.0,0.0,0.0,0.0,0.0,0.0,0.0,0.0,0.0,0.0,0.0,2.302585092994046,0.0,0.0,0.0,0.0,0.0,0.0,0.0,0.0,0.0,0.0,0.0,0.0,0.0,0.0,0.0,0.0,0.0,0.0,0.0,0.0,0.0,0.0,0.0,0.0,0.0,0.0,0.0,0.0,0.0,0.0,0.0,0.0,0.0,0.0,0.0,0.0,0.0,0.0,0.0,1.5498910721296928,13.8793612,0.0,0.0,0.0,0.0,123.3,123.29999999999998,78.0,78.0,0.0,-1.6541858678955457,210331.98690744923,133056.73137697516,1.151292546497023,2.302585092994046,0.0,0.0,0.0,0.930994624490603,0.0,0.0,203.5093937
8.353333333333333,15.923333333333334,0.95,11.2,22.473333333333336,49.61,60.4,12,0.0,27.97,30,1.0,0.0,2.302585092994046,0.0,2.302585092994046,2.302585092994046,0.3701431492843312,0.0,0.0,0.0,18.0,2.0,0,0,0,0,0,0,0,0,0,0,0,0,0,0,0,0,0,0,0,0,0,0,0,0.0,53,0,0,LOC,CITY,4,Unassigned,Fee,Local Other or Unknown,OPEN ACCESS,0,0,0,0,0,0,0,0,0,0,1,0,0,4,0,0.3874727680324232,40.518181906216505,3.4698403,5,30,10,37,0.0,0.0,2.188565397607247,1705.8555304740407,187.42708091288097,5.211337051472152,0.020653573576245,0.8660254037844387,-0.4999999999999998,0,1,0,0,0,0.0,0.0,1.1595710970245892,0.0,0.0,3.7261314495129714,0.0,0.0,1477.314224576699,-852.92776523702,0.0,0.0,0.0,35.089774845942486,-20.25909095310824,0.0,0.3355612603907534,0.0,0.0,3.004969846875018,0.0,0.0,0.0,0.0,0.0,0.0,14249.57986455982,20470.26636568849,19105.58194130925,453.8036373496248,338.46187952326187,910.5786080390392,0.0,0.0,309.0733333333333,56.0,60.0,3.236689188964175,0.0,0.0,0.0,0.0,0.0,0.0,0.0,0.0,0.0,3927.877515270977,93.2965616524752,7.989602549849988,0.8921890196125976,11.51292546497023,85.19564844077969,0.0,0.0,11.999547009287324,0.0,0.0,0.0,0.0,0.0,0.0,0.0,0.0,0.0,3927.877515270977,93.2965616524752,7.989602549849988,0.8921890196125976,11.51292546497023,85.19564844077969,0.0,0.0,11.999547009287324,0.0,0.0,0.0,0.0,0.0,0.0,0.0,0.0,0.0,0.0,0.0,0.0,0.0,0.0,0.0,0.0,0.0,0.0,0.0,25.78895304153331,27.63102111592855,19.2342608101436,0.0,0.0,0.0,25.78895304153331,27.63102111592855,19.2342608101436,0.0,0.0,0.0,0.0,0.0,0.0,0.0,2.302585092994046,0.0,0.0,0.0,0.0,0.0,2.302585092994046,0.0,0.0,0.0,-0.0,0.0,0.0,0.0,-0.0,0.0,0.0,0.0,-0.0,0.0,0.0,0.0,-0.0,0.0,0.0,0.0,0.0,0.0,0.0,0.0,0.0,0.0,0.0,0.0,0.0,0.0,0.0,0.0,0.0,0.0,0.0,0.0,0.0,0.0,0.0,0.0,1.5498910721296928,13.8793612,0.0,0.0,0.0,0.0,134.5,92.1,90.0,60.0,0.0,1.8496134152585764,229437.56884875847,153526.99774266366,1.329398123272132,4.605170185988092,0.0,0.0,0.0,1.861989248981206,0.0,0.0,1148.95047
12.558064516129033,19.574193548387097,5.661290322580645,103.3,19.11290322580645,41.95806451612904,65.6774193548387,4,0.2387096774193549,38.34838709677419,28,1.0,0.0,3.4339872044851463,0.0,2.70805020110221,2.70805020110221,0.3701431492843312,0.0,0.0,0.0,44.0,2.0,0,0,0,0,0,0,0,0,0,0,0,0,0,0,0,0,0,0,0,0,0,0,0,0.0,53,0,0,LOC,CITY,4,Unassigned,Fee,Local Other or Unknown,OPEN ACCESS,0,0,0,0,0,0,0,0,0,0,1,0,0,4,0,0.3874727680324232,40.518181906216505,3.4698403,5,30,10,37,0.0,0.0,2.188565397607247,1705.8555304740407,187.42708091288097,5.211337051472152,0.020653573576245,0.4999999999999999,-0.8660254037844387,0,1,0,0,0,0.0,0.0,1.1595710970245892,0.0,0.0,3.7261314495129714,0.0,0.0,852.9277652370203,-1477.314224576699,0.0,0.0,0.0,20.25909095310825,-35.089774845942486,0.0,0.1937363840162115,0.0,0.0,1.7349201499999998,0.0,0.0,0.0,0.0,0.0,0.0,21422.24380688852,6823.422121896163,176214.8762979684,4185.528190912165,508.8299424545189,774.420089659138,0.0,0.0,464.64838709677423,516.5,20.0,4.865908019194269,0.0,0.0,0.0,0.0,0.0,0.0,0.0,0.0,0.0,5857.8860643480775,139.13891821494906,11.915387191806902,1.3305765275097825,17.16993602242573,127.0575265659504,0.0,0.0,17.89566475301472,0.0,0.0,0.0,0.0,0.0,0.0,0.0,0.0,0.0,4619.542412351543,109.72527065942552,9.396501722207551,1.0492957073918336,13.54025100551105,100.19785744078176,0.0,0.0,14.11256235025056,0.0,0.0,0.0,0.0,0.0,0.0,0.0,0.0,0.0,0.0,0.0,0.0,0.0,0.0,0.0,0.0,0.0,0.0,0.0,354.7308782233156,13.735948817940583,43.12423286148605,0.0,0.0,0.0,279.7415857738583,10.83220080440884,34.007869138357755,0.0,0.0,0.0,0.0,0.0,0.0,0.0,3.4339872044851463,0.0,0.0,0.0,0.0,0.0,2.70805020110221,0.0,0.0,0.0,-0.0,0.0,0.0,0.0,-0.0,0.0,0.0,0.0,-0.0,0.0,0.0,0.0,-0.0,0.0,0.0,0.0,0.0,0.0,0.0,0.0,0.0,0.0,0.0,0.0,0.0,0.0,0.0,0.0,0.0,0.0,0.0,0.0,0.0,0.0,0.0,0.0,1.5498910721296928,13.8793612,0.0,0.0,0.0,0.0,237.8,159.29999999999998,94.0,36.0,0.2387096774193549,7.551111111111111,405652.4451467269,160350.41986455984,1.7976510728678563,6.142037405587356,0.0,0.0,0.0,2.483384360222132,0.0,0.0,7435.445773
20.226666666666667,27.426666666666662,13.133333333333333,27.8,18.723333333333336,40.98333333333333,49.6,0,3.046666666666667,42.02666666666666,28,1.0,0.0,3.5263605246161616,0.0,2.70805020110221,2.70805020110221,0.3701431492843312,0.0,0.0,0.0,47.0,2.0,0,0,0,0,0,0,0,0,0,0,0,0,0,0,0,0,0,0,0,0,0,0,0,0.0,53,0,0,LOC,CITY,4,Unassigned,Fee,Local Other or Unknown,OPEN ACCESS,0,0,0,0,0,0,0,0,0,0,1,0,0,4,0,0.3874727680324232,40.518181906216505,3.4698403,5,30,10,37,0.0,0.0,2.188565397607247,1705.8555304740407,187.42708091288097,5.211337051472152,0.020653573576245,1.2246467991473532e-16,-1.0,0,0,1,0,1,0.0,0.0,1.1595710970245892,0.0,0.0,3.7261314495129714,0.0,0.0,2.089070515202844e-13,-1705.8555304740407,1705.8555304740407,0.0,40.518181906216505,4.9620461778718246e-15,-40.518181906216505,0.3874727680324232,4.74517285127672e-17,0.0,3.4698403,4.2493288169474924e-16,0.0,0.0,0.0,0.0,0.0,0.0,34503.77119638826,0.0,47422.783747178335,1126.405456992819,819.5477593564058,758.6354258907271,0.0,0.0,748.3866666666667,139.0,0.0,7.837282521402479,0.0,0.0,0.0,0.0,0.0,0.0,0.0,0.0,0.0,6015.461603361819,142.8817172032987,12.2359078606423,1.366368673553292,17.63180262308081,130.47533941079797,0.0,0.0,18.37705325878098,0.0,0.0,0.0,0.0,0.0,0.0,0.0,0.0,0.0,4619.542412351543,109.72527065942552,9.396501722207551,1.0492957073918336,13.54025100551105,100.19785744078176,0.0,0.0,14.11256235025056,0.0,0.0,0.0,0.0,0.0,0.0,0.0,0.0,0.0,0.0,0.0,0.0,0.0,0.0,0.0,0.0,0.0,0.0,0.0,98.0328225843293,0.0,71.3265188779029,0.0,0.0,0.0,75.28379559064145,0.0,54.77482873429403,0.0,0.0,0.0,0.0,0.0,0.0,0.0,3.5263605246161616,0.0,0.0,0.0,0.0,0.0,2.70805020110221,0.0,0.0,0.0,-0.0,0.0,0.0,0.0,-0.0,0.0,0.0,0.0,-0.0,0.0,0.0,0.0,-0.0,0.0,0.0,0.0,0.0,0.0,0.0,0.0,0.0,0.0,0.0,0.0,0.0,0.0,0.0,0.0,0.0,1.0,0.0,0.0,0.0,0.0,0.0,0.0,1.5498910721296928,13.8793612,0.0,0.0,0.0,0.0,265.6,142.3,94.0,16.0,3.2853763440860217,13.712688172043013,453075.2288939053,160350.41986455984,1.8304630713768235,6.234410725718371,0.0,0.0,0.0,2.5207332793782538,6.234410725718371,0.0,9869.968403
23.53548387096774,30.532258064516128,16.822580645161292,42.9,19.4,43.57419354838709,47.25806451612903,0,5.535483870967742,46.809677419354834,30,1.0,0.0,3.555348061489413,0.0,2.9444389791664403,2.9444389791664403,0.3701431492843312,0.0,0.0,0.0,52.0,2.0,0,0,0,0,0,0,0,0,0,0,0,0,0,0,0,0,0,0,0,0,0,0,0,0.0,53,0,0,LOC,CITY,4,Unassigned,Fee,Local Other or Unknown,OPEN ACCESS,0,0,0,0,0,0,0,0,0,0,1,0,0,4,0,0.3874727680324232,40.518181906216505,3.4698403,5,30,10,37,0.0,0.0,2.188565397607247,1705.8555304740407,187.42708091288097,5.211337051472152,0.020653573576245,-0.4999999999999997,-0.8660254037844388,0,0,1,0,1,0.0,0.0,1.1595710970245892,0.0,0.0,3.7261314495129714,0.0,0.0,-852.9277652370199,-1477.3142245766992,1705.8555304740407,0.0,40.518181906216505,-20.25909095310824,-35.08977484594249,0.3874727680324232,-0.1937363840162115,0.0,3.4698403,-1.734920149999999,0.0,-0.0,0.0,-0.0,0.0,-0.0,40148.135323672905,0.0,73181.20225733635,1738.230003776688,953.6150167346956,786.0527289806001,0.0,0.0,870.8129032258064,214.5,0.0,9.11935908246632,0.0,0.0,0.0,0.0,0.0,0.0,0.0,0.0,0.0,6064.910153451875,144.05623949534225,12.336489984282844,1.3776005547040129,17.776740307447064,131.54787827510827,0.0,0.0,18.52811708371947,0.0,0.0,0.0,0.0,0.0,0.0,0.0,0.0,0.0,5022.787516754411,119.30331416962024,10.216733030802574,1.140889921560183,14.7221948958322,108.94424222915828,0.0,0.0,15.34446394792891,0.0,0.0,0.0,0.0,0.0,0.0,0.0,0.0,0.0,0.0,0.0,0.0,0.0,0.0,0.0,0.0,0.0,0.0,0.0,152.5244318378958,0.0,83.67683695686051,0.0,0.0,0.0,126.31643220624028,0.0,69.29879610322048,0.0,0.0,0.0,0.0,0.0,0.0,0.0,3.555348061489413,0.0,0.0,0.0,0.0,0.0,2.9444389791664403,0.0,0.0,-0.0,-0.0,0.0,0.0,-0.0,-0.0,0.0,0.0,-0.0,-0.0,0.0,0.0,-0.0,-0.0,0.0,0.0,0.0,0.0,0.0,0.0,0.0,0.0,0.0,0.0,0.0,0.0,0.0,0.0,0.0,0.0,1.0,0.0,0.0,0.0,0.0,0.0,0.0,1.5498910721296928,13.8793612,0.0,0.0,0.0,0.0,308.5,174.0,94.0,4.0,8.820860215053763,18.773405017921142,526256.4311512415,160350.41986455984,1.8928297024034144,6.499787040655853,0.0,0.0,0.0,2.628031777672909,6.499787040655853,0.0,6417.424423
22.238709677419354,28.829032258064515,16.274193548387096,56.2,16.493548387096773,36.4,41.67741935483871,0,4.245161290322581,47.02903225806452,30,1.0,0.0,3.4011973816621555,0.0,2.772588722239781,2.772588722239781,0.3701431492843312,0.0,0.0,0.0,44.0,2.0,0,0,0,0,0,0,0,0,0,0,0,0,0,0,0,0,0,0,0,0,0,0,0,0.0,53,0,0,LOC,CITY,4,Unassigned,Fee,Local Other or Unknown,OPEN ACCESS,0,0,0,0,0,0,0,0,0,0,1,0,0,4,0,0.3874727680324232,40.518181906216505,3.4698403,5,30,10,37,0.0,0.0,2.188565397607247,1705.8555304740407,187.42708091288097,5.211337051472152,0.020653573576245,-0.8660254037844385,-0.5000000000000004,0,0,1,0,1,0.0,0.0,1.1595710970245892,0.0,0.0,3.7261314495129714,0.0,0.0,-1477.3142245766987,-852.9277652370212,1705.8555304740407,0.0,40.518181906216505,-35.08977484594248,-20.25909095310827,0.3874727680324232,-0.3355612603907533,0.0,3.4698403,-3.004969846875017,0.0,-0.0,0.0,-0.0,0.0,-0.0,37936.025893832375,0.0,95869.0808126411,2277.121823129368,901.0720840692148,668.2885938273708,0.0,0.0,822.8322580645162,281.0,0.0,8.616894396179115,0.0,0.0,0.0,0.0,0.0,0.0,0.0,0.0,0.0,5801.951363742214,137.8103342091345,11.801611743145829,1.3178713640972657,17.005986908310778,125.84430312149976,0.0,0.0,17.724785934426063,0.0,0.0,0.0,0.0,0.0,0.0,0.0,0.0,0.0,4729.635805562684,112.34025419883584,9.6204400837531,1.0743026268217273,13.862943611198906,102.5857827228719,0.0,0.0,14.448894336702002,0.0,0.0,0.0,0.0,0.0,0.0,0.0,0.0,0.0,0.0,0.0,0.0,0.0,0.0,0.0,0.0,0.0,0.0,0.0,191.1472928494132,0.0,75.63824112638355,0.0,0.0,0.0,155.8194861898757,0.0,61.658795648777584,0.0,0.0,0.0,0.0,0.0,0.0,0.0,3.4011973816621555,0.0,0.0,0.0,0.0,0.0,2.772588722239781,0.0,0.0,-0.0,-0.0,0.0,0.0,-0.0,-0.0,0.0,0.0,-0.0,-0.0,0.0,0.0,-0.0,-0.0,0.0,0.0,0.0,0.0,0.0,0.0,0.0,0.0,0.0,0.0,0.0,0.0,0.0,0.0,0.0,0.0,1.0,0.0,0.0,0.0,0.0,0.0,0.0,1.5498910721296928,13.8793612,0.0,0.0,0.0,0.0,364.7,126.9,94.0,0.0,13.066021505376344,22.000286738351253,622125.5119638826,160350.41986455984,1.8006001904488735,6.173786103901937,0.0,0.0,0.0,2.496221178959204,6.173786103901937,0.0,7210.58924
18.60333333333333,26.24333333333333,11.78,24.2,14.746666666666666,33.21,32.4,0,2.053333333333333,41.736666666666665,27,1.0,0.0,3.4657359027997265,0.0,2.995732273553991,2.995732273553991,0.3701431492843312,0.0,0.0,0.0,50.0,2.0,0,0,0,0,0,0,0,0,0,0,0,0,0,0,0,0,0,0,0,0,0,0,0,0.0,53,0,0,LOC,CITY,4,Unassigned,Fee,Local Other or Unknown,OPEN ACCESS,0,0,0,0,0,0,0,0,0,0,1,0,0,4,0,0.3874727680324232,40.518181906216505,3.4698403,5,30,10,37,0.0,0.0,2.188565397607247,1705.8555304740407,187.42708091288097,5.211337051472152,0.020653573576245,-1.0,-1.8369701987210292e-16,0,0,0,1,0,0.0,0.0,1.1595710970245892,0.0,0.0,3.7261314495129714,0.0,0.0,-1705.8555304740407,-3.133605772804266e-13,0.0,0.0,0.0,-40.518181906216505,-7.443069266807736e-15,0.0,-0.3874727680324232,0.0,0.0,-3.4698403,0.0,-0.0,0.0,-0.0,0.0,-0.0,31734.599051918736,0.0,41281.70383747178,980.5400021304392,753.773244061981,597.5081225103394,0.0,0.0,688.3233333333333,121.0,0.0,7.208285061296512,0.0,0.0,0.0,0.0,0.0,0.0,0.0,0.0,0.0,5912.044756953356,140.4253177485448,12.025550104691376,1.342878283527159,17.328679513998633,128.2322284035899,0.0,0.0,18.061117920877503,0.0,0.0,0.0,0.0,0.0,0.0,0.0,0.0,0.0,5110.286466661647,121.38162520218414,10.39471257078826,1.1607646763180293,14.978661367769954,110.84209412149768,0.0,0.0,15.611770593462822,0.0,0.0,0.0,0.0,0.0,0.0,0.0,0.0,0.0,0.0,0.0,0.0,0.0,0.0,0.0,0.0,0.0,0.0,0.0,83.87080884775338,0.0,64.47424024508425,0.0,0.0,0.0,72.49672102000658,0.0,55.7306060623494,0.0,0.0,0.0,0.0,0.0,0.0,0.0,3.4657359027997265,0.0,0.0,0.0,0.0,0.0,2.995732273553991,0.0,0.0,-0.0,-0.0,0.0,0.0,-0.0,-0.0,0.0,0.0,-0.0,-0.0,0.0,0.0,-0.0,-0.0,0.0,0.0,0.0,0.0,0.0,0.0,0.0,0.0,0.0,0.0,0.0,0.0,0.0,0.0,0.0,0.0,0.0,0.0,0.0,0.0,0.0,0.0,0.0,1.5498910721296928,13.8793612,0.0,0.0,0.0,0.0,388.9,123.3,94.0,0.0,15.119354838709675,21.459175627240143,663407.2158013544,160350.41986455984,1.87510839280116,6.461468176353717,0.0,0.0,0.0,2.612538471132179,0.0,0.0,8882.78181
10.619354838709675,17.438709677419357,4.809677419354839,27.4,15.85483870967742,35.25806451612903,34.483870967741936,3,0.0,35.119354838709675,27,1.0,0.0,3.5263605246161616,0.0,3.367295829986474,3.367295829986474,0.3701431492843312,0.0,0.0,0.0,61.0,2.0,0,0,0,0,0,0,0,0,0,0,0,0,0,0,0,0,0,0,0,0,0,0,0,0.0,53,0,0,LOC,CITY,4,Unassigned,Fee,Local Other or Unknown,OPEN ACCESS,0,0,0,0,0,0,0,0,0,0,1,0,0,4,0,0.3874727680324232,40.518181906216505,3.4698403,5,30,10,37,0.0,0.0,2.188565397607247,1705.8555304740407,187.42708091288097,5.211337051472152,0.020653573576245,-0.8660254037844386,0.5000000000000001,0,0,0,1,0,0.0,0.0,1.1595710970245892,0.0,0.0,3.7261314495129714,0.0,0.0,-1477.3142245766987,852.9277652370206,0.0,0.0,0.0,-35.08977484594248,20.259090953108256,0.0,-0.3355612603907534,0.0,0.0,-3.0049698468750177,0.0,-0.0,0.0,-0.0,0.0,-0.0,18115.08518167917,5117.566591422123,46740.44153498871,1110.198184230332,430.2769510814991,642.4092389324327,0.0,0.0,392.916129032258,137.0,15.0,4.114710814073345,0.0,0.0,0.0,0.0,0.0,0.0,0.0,0.0,0.0,6015.461603361819,142.8817172032987,12.2359078606423,1.366368673553292,17.63180262308081,130.47533941079797,0.0,0.0,18.37705325878098,0.0,0.0,0.0,0.0,0.0,0.0,0.0,0.0,0.0,5744.120214324602,136.43670497143626,11.683978772909017,1.304735436028895,16.83647914993237,124.58994570949956,0.0,0.0,17.548113522076186,0.0,0.0,0.0,0.0,0.0,0.0,0.0,0.0,0.0,0.0,0.0,0.0,0.0,0.0,0.0,0.0,0.0,0.0,0.0,96.62227837448282,10.579081573848484,37.44767370011743,0.0,0.0,0.0,92.2639057416294,10.101887489959422,35.758509265533775,0.0,0.0,0.0,0.0,0.0,0.0,0.0,3.5263605246161616,0.0,0.0,0.0,0.0,0.0,3.367295829986474,0.0,0.0,-0.0,0.0,0.0,0.0,-0.0,0.0,0.0,0.0,-0.0,0.0,0.0,0.0,-0.0,0.0,0.0,0.0,0.0,0.0,0.0,0.0,0.0,0.0,0.0,0.0,0.0,0.0,0.0,0.0,0.0,0.0,0.0,0.0,0.0,0.0,0.0,0.0,0.0,1.5498910721296928,13.8793612,0.0,0.0,0.0,0.0,416.3,107.8,97.0,3.0,15.119354838709675,17.153799283154118,710147.6573363432,165467.98645598194,1.9910864096749743,6.893656354602635,0.0,0.0,0.0,2.7872833141967774,0.0,0.0,7563.528608
0.2966666666666666,6.41,-5.276666666666667,29.5,15.05,32.11333333333333,52.56666666666667,25,0.0,26.863333333333333,23,1.0,0.0,3.218875824868201,0.0,3.295836866004329,3.295836866004329,0.3701431492843312,0.0,0.0,0.0,50.0,2.0,0,0,0,0,0,0,0,0,0,0,0,0,0,0,0,0,0,0,0,0,0,0,0,0.0,53,0,0,LOC,CITY,4,Unassigned,Fee,Local Other or Unknown,OPEN ACCESS,0,0,0,0,0,0,0,0,0,0,1,0,0,4,0,0.3874727680324232,40.518181906216505,3.4698403,5,30,10,37,0.0,0.0,2.188565397607247,1705.8555304740407,187.42708091288097,5.211337051472152,0.020653573576245,-0.5000000000000004,0.8660254037844384,0,0,0,1,0,0.0,0.0,1.1595710970245892,0.0,0.0,3.7261314495129714,0.0,0.0,-852.9277652370212,1477.3142245766985,0.0,0.0,0.0,-20.25909095310827,35.08977484594247,0.0,-0.1937363840162117,0.0,0.0,-1.7349201500000015,0.0,-0.0,0.0,-0.0,0.0,-0.0,506.070474040632,42646.38826185102,50322.7381489842,1195.2863662333868,12.020393965510891,609.7986376885584,0.0,0.0,10.976666666666665,147.5,125.0,0.1149502545162855,0.0,0.0,0.0,0.0,0.0,0.0,0.0,0.0,0.0,5490.937127760611,130.42299620553246,11.168985057823424,1.2472267258143312,16.094379124341003,119.09840552012344,0.0,0.0,16.774646850223643,0.0,0.0,0.0,0.0,0.0,0.0,0.0,0.0,0.0,5622.221545413715,133.54131766997793,11.43602757988752,1.277047033454004,16.479184330021646,121.94596404216016,0.0,0.0,17.17571677541622,0.0,0.0,0.0,0.0,0.0,0.0,0.0,0.0,0.0,0.0,0.0,0.0,0.0,0.0,0.0,0.0,0.0,0.0,0.0,94.95683683361192,80.47189562170503,0.954933161377566,0.0,0.0,0.0,97.22718754712773,82.39592165010822,0.9777649369146172,0.0,0.0,0.0,0.0,0.0,0.0,0.0,3.218875824868201,0.0,0.0,0.0,0.0,0.0,3.295836866004329,0.0,0.0,-0.0,0.0,0.0,0.0,-0.0,0.0,0.0,0.0,-0.0,0.0,0.0,0.0,-0.0,0.0,0.0,0.0,0.0,0.0,0.0,0.0,0.0,0.0,0.0,0.0,0.0,0.0,0.0,0.0,0.0,0.0,0.0,0.0,0.0,0.0,0.0,0.0,0.0,1.5498910721296928,13.8793612,0.0,0.0,0.0,0.0,445.8,81.1,122.0,28.0,15.119354838709675,9.839784946236556,760470.3954853273,208114.37471783292,1.8808980002541589,6.51471269087253,0.0,0.0,0.0,2.634066603556666,0.0,0.0,3448.274552
-0.8483870967741934,4.974193548387096,-6.470967741935484,42.3,19.81935483870968,42.71612903225807,70.38709677419355,29,0.0,23.94193548387097,15,1.0,0.0,3.295836866004329,0.0,4.343805421853684,4.343805421853684,0.3701431492843312,0.0,0.0,0.0,102.0,2.0,0,0,0,0,0,0,0,0,0,0,0,0,0,0,0,0,0,0,0,0,0,0,0,0.0,53,0,0,LOC,CITY,4,Unassigned,Fee,Local Other or Unknown,OPEN ACCESS,0,0,0,0,0,0,0,0,0,0,1,0,0,4,0,0.3874727680324232,40.518181906216505,3.4698403,5,30,10,37,0.0,0.0,2.188565397607247,1705.8555304740407,187.42708091288097,5.211337051472152,0.020653573576245,-2.4492935982947064e-16,1.0,1,0,0,0,0,0.0,0.0,1.1595710970245892,0.0,0.0,3.7261314495129714,0.0,0.0,-4.178141030405688e-13,1705.8555304740407,0.0,1705.8555304740407,0.0,-9.924092355743648e-15,40.518181906216505,0.0,-9.49034570255344e-17,0.3874727680324232,0.0,-8.498657633894986e-16,0.0,-0.0,0.0,-0.0,0.0,-0.0,-1447.225821015073,49469.81038374718,72157.68893905192,1713.919094632958,-34.37510271398367,803.044224618691,-0.0,0.0,-31.39032258064516,211.5,145.0,-0.328726896750088,0.0,0.0,0.0,0.0,0.0,0.0,0.0,0.0,0.0,5622.221545413715,133.54131766997793,11.43602757988752,1.277047033454004,16.479184330021646,121.94596404216016,0.0,0.0,17.17571677541622,0.0,0.0,0.0,0.0,0.0,0.0,0.0,0.0,0.0,7409.90450217223,176.0030982478771,15.072311108106414,1.683106310599895,21.71902710926842,160.7208006085863,0.0,0.0,22.63703413929173,0.0,0.0,0.0,0.0,0.0,0.0,0.0,0.0,0.0,0.0,0.0,0.0,0.0,0.0,0.0,0.0,0.0,0.0,-0.0,139.4138994319831,95.57926911412554,-2.796145470190769,0.0,0.0,-0.0,183.7429693444108,125.97035723375684,-3.685228470798448,0.0,0.0,0.0,0.0,0.0,0.0,0.0,3.295836866004329,0.0,0.0,0.0,0.0,0.0,4.343805421853684,0.0,0.0,-0.0,0.0,0.0,0.0,-0.0,0.0,0.0,0.0,-0.0,0.0,0.0,0.0,-0.0,0.0,0.0,0.0,0.0,0.0,0.0,0.0,-0.0,0.0,0.0,0.0,-0.0,0.0,0.0,0.0,0.0,-0.0,0.0,1.0,0.0,0.0,0.0,0.0,0.0,1.5498910721296928,13.8793612,0.0,0.0,0.0,0.0,488.1,99.2,151.0,57.0,15.119354838709675,3.3558781362007166,832628.0844243793,257584.1851015801,2.246490048841496,7.639642287858013,0.0,0.0,0.0,3.0889046944096124,0.0,7.639642287858013,3936.637298
-3.851612903225807,0.5516129032258063,-8.55483870967742,30.2,16.39677419354839,34.8,78.64516129032258,31,0.0,30.19677419354839,13,1.0,0.0,2.4849066497880004,0.0,4.406719247264253,4.406719247264253,1.3701431492843312,0.0,2.4849066497880004,0.0,92.0,2.0,0,0,0,0,0,0,0,0,0,0,0,0,0,0,0,0,0,0,0,0,0,0,0,0.0,53,0,0,LOC,CITY,4,Unassigned,Fee,Local Other or Unknown,OPEN ACCESS,0,0,0,0,0,0,0,0,0,0,1,0,0,4,0,0.3874727680324232,40.518181906216505,3.4698403,5,30,10,37,0.0,0.0,2.188565397607247,1705.8555304740407,187.42708091288097,5.211337051472152,0.020653573576245,0.4999999999999999,0.8660254037844387,1,0,0,0,0,0.0,0.0,1.1595710970245892,0.0,0.0,3.7261314495129714,0.0,0.0,852.9277652370203,1477.314224576699,0.0,1705.8555304740407,0.0,20.25909095310825,35.089774845942486,0.0,0.1937363840162115,0.3874727680324232,0.0,1.7349201499999998,0.0,0.0,0.0,0.0,0.0,0.0,-6570.295172212919,52881.52144469526,51516.83702031603,1223.6490935677384,-156.0603522452339,664.3674794493501,-0.0,0.0,-142.50967741935486,151.0,155.0,-1.4923951130023012,0.0,0.0,0.0,0.0,0.0,0.0,0.0,0.0,0.0,4238.89175125258,100.68389965607724,8.62222923517239,0.9628336578955318,12.42453324894,91.94154604215602,0.0,0.0,12.949686093489742,0.0,0.0,0.0,0.0,0.0,0.0,0.0,0.0,0.0,7517.226399192128,178.55225207027848,15.290612034943171,1.7074837046792366,22.033596236321262,163.04861214877738,0.0,0.0,22.96489928870368,0.0,0.0,0.0,0.0,0.0,0.0,0.0,0.0,0.0,0.0,0.0,0.0,0.0,0.0,0.0,0.0,0.0,0.0,-0.0,75.04418082359761,77.03210614342801,-9.570898515635074,0.0,0.0,-0.0,133.08292126738044,136.60829666519186,-16.972976713656514,0.0,0.0,0.0,0.0,0.0,0.0,0.0,2.4849066497880004,0.0,0.0,0.0,0.0,0.0,4.406719247264253,0.0,0.0,0.0,0.0,0.0,0.0,0.0,0.0,0.0,0.0,0.0,0.0,0.0,0.0,0.0,0.0,0.0,0.0,0.0,0.0,0.0,0.0,-0.0,0.0,0.0,0.0,-0.0,0.0,0.0,0.0,0.0,-0.0,0.0,1.0,0.0,0.0,0.0,0.0,0.0,1.5498910721296928,13.8793612,0.0,0.0,0.0,0.0,30.2,102.0,31.0,85.0,0.0,-1.467777777777778,51516.83702031603,52881.52144469526,2.1385593831782748,6.891625897052254,0.0,0.0,0.0,2.786462347766302,0.0,6.891625897052254,2665.841218
-1.6071428571428572,5.010714285714286,-7.935714285714285,22.3,18.942857142857143,39.60714285714285,57.57142857142857,28,0.0,25.410714285714285,24,1.0,0.0,2.5649493574615367,0.0,3.80666248977032,3.80666248977032,1.3701431492843312,0.0,2.5649493574615367,0.0,56.0,2.0,0,0,0,0,0,0,0,0,0,0,0,0,0,0,0,0,0,0,0,0,0,0,0,0.0,53,0,0,LOC,CITY,4,Unassigned,Fee,Local Other or Unknown,OPEN ACCESS,0,0,0,0,0,0,0,0,0,0,1,0,0,4,0,0.3874727680324232,40.518181906216505,3.4698403,5,30,10,37,0.0,0.0,2.188565397607247,1705.8555304740407,187.42708091288097,5.211337051472152,0.020653573576245,0.8660254037844386,0.5000000000000001,1,0,0,0,0,0.0,0.0,1.1595710970245892,0.0,0.0,3.7261314495129714,0.0,0.0,1477.3142245766987,852.9277652370206,0.0,1705.8555304740407,0.0,35.08977484594248,20.259090953108256,0.0,0.3355612603907534,0.3874727680324232,0.0,3.0049698468750177,0.0,0.0,0.0,0.0,0.0,0.0,-2741.553531118994,47763.95485327314,38040.57832957111,903.555456508628,-65.11850663499081,767.5301315377584,-0.0,0.0,-59.46428571428572,111.5,140.0,-0.6227240914806802,0.0,0.0,0.0,0.0,0.0,0.0,0.0,0.0,0.0,4375.4330468116,103.9270846458597,8.899964647979147,0.993848027398607,12.824746787307683,94.90312622607686,0.0,0.0,13.366815621688996,0.0,0.0,0.0,0.0,0.0,0.0,0.0,0.0,0.0,6493.616260822782,154.23904321608487,13.208510915503394,1.474978051876502,19.0333124488516,140.84651212150183,0.0,0.0,19.837801275389303,0.0,0.0,0.0,0.0,0.0,0.0,0.0,0.0,0.0,0.0,0.0,0.0,0.0,0.0,0.0,0.0,0.0,0.0,-0.0,57.19837067139227,71.81858200892303,-4.12224003877747,0.0,0.0,-0.0,84.88857352187814,106.58654971356896,-6.117850429988015,0.0,0.0,0.0,0.0,0.0,0.0,0.0,2.5649493574615367,0.0,0.0,0.0,0.0,0.0,3.80666248977032,0.0,0.0,0.0,0.0,0.0,0.0,0.0,0.0,0.0,0.0,0.0,0.0,0.0,0.0,0.0,0.0,0.0,0.0,0.0,0.0,0.0,0.0,-0.0,0.0,0.0,0.0,-0.0,0.0,0.0,0.0,0.0,-0.0,0.0,1.0,0.0,0.0,0.0,0.0,0.0,1.5498910721296928,13.8793612,0.0,0.0,0.0,0.0,52.5,94.8,59.0,88.0,0.0,-2.1023809523809525,89557.41534988715,100645.4762979684,1.907903311178739,6.371611847231857,0.0,0.0,0.0,2.576207236450149,0.0,6.371611847231857,2473.063444
0.0838709677419355,6.741935483870968,-6.187096774193548,30.9,17.438709677419357,37.403225806451616,63.67741935483871,29,0.0,28.03548387096774,26,1.0,0.0,3.1780538303479458,0.0,3.1354942159291497,3.1354942159291497,1.3701431492843312,0.0,3.1780538303479458,0.0,45.0,2.0,0,0,0,0,0,0,0,0,0,0,0,0,0,0,0,0,0,0,0,0,0,0,0,0.0,53,0,0,LOC,CITY,4,Unassigned,Fee,Local Other or Unknown,OPEN ACCESS,0,0,0,0,0,0,0,0,0,0,1,0,0,4,0,0.3874727680324232,40.518181906216505,3.4698403,5,30,10,37,0.0,0.0,2.188565397607247,1705.8555304740407,187.42708091288097,5.211337051472152,0.020653573576245,1.0,6.123233995736766e-17,0,1,0,0,0,0.0,0.0,1.1595710970245892,0.0,0.0,3.7261314495129714,0.0,0.0,1705.8555304740407,1.044535257601422e-13,0.0,0.0,0.0,40.518181906216505,2.4810230889359123e-15,0.0,0.3874727680324232,0.0,0.0,3.4698403,0.0,0.0,0.0,0.0,0.0,0.0,143.07175416879053,49469.81038374718,52710.93589164786,1252.01182090209,3.39829912761816,706.5848109193756,0.0,0.0,3.1032258064516136,154.5,145.0,0.0324977160285258,0.0,0.0,0.0,0.0,0.0,0.0,0.0,0.0,0.0,5421.300702643252,128.7689632057862,11.027339256110665,1.2314093146009637,15.890269151739728,117.587991722874,0.0,0.0,16.561909677665245,0.0,0.0,0.0,0.0,0.0,0.0,0.0,0.0,0.0,5348.700149012106,127.04452500690698,10.879664190847866,1.21491862299572,15.677471079645748,116.01328598937856,0.0,0.0,16.3401171821482,0.0,0.0,0.0,0.0,0.0,0.0,0.0,0.0,0.0,0.0,0.0,0.0,0.0,0.0,0.0,0.0,0.0,0.0,0.0,98.20186335775152,92.16356108009045,0.2665464502872471,0.0,0.0,0.0,96.88677127221072,90.92933226194536,0.2629769342392191,0.0,0.0,0.0,0.0,0.0,0.0,0.0,3.1780538303479458,0.0,0.0,0.0,0.0,0.0,3.1354942159291497,0.0,0.0,0.0,0.0,0.0,0.0,0.0,0.0,0.0,0.0,0.0,0.0,0.0,0.0,0.0,0.0,0.0,0.0,0.0,0.0,0.0,0.0,0.0,0.0,0.0,0.0,0.0,0.0,0.0,0.0,0.0,0.0,0.0,0.0,0.0,0.0,0.0,0.0,0.0,1.5498910721296928,13.8793612,0.0,0.0,0.0,0.0,83.4,83.4,88.0,88.0,0.0,-1.7916282642089094,142268.351241535,150115.28668171557,1.8226471493912428,6.313548046277095,0.0,0.0,0.0,2.5527305420466053,0.0,0.0,9698.558011
6.66,14.483333333333333,-0.4566666666666666,60.5,17.876666666666665,38.49333333333333,51.43333333333333,14,0.0,31.31,27,1.0,0.0,3.737669618283368,0.0,5.356586274672012,5.356586274672012,1.3701431492843312,0.0,3.737669618283368,0.0,252.0,2.0,0,0,0,0,0,0,0,0,0,0,0,0,0,0,0,0,0,0,0,0,0,0,0,0.0,53,0,0,LOC,CITY,4,Unassigned,Fee,Local Other or Unknown,OPEN ACCESS,0,0,0,0,0,0,0,0,0,0,1,0,0,4,0,0.3874727680324232,40.518181906216505,3.4698403,5,30,10,37,0.0,0.0,2.188565397607247,1705.8555304740407,187.42708091288097,5.211337051472152,0.020653573576245,0.8660254037844387,-0.4999999999999998,0,1,0,0,0,0.0,0.0,1.1595710970245892,0.0,0.0,3.7261314495129714,0.0,0.0,1477.314224576699,-852.92776523702,0.0,0.0,0.0,35.089774845942486,-20.25909095310824,0.0,0.3355612603907534,0.0,0.0,3.004969846875018,0.0,0.0,0.0,0.0,0.0,0.0,11360.997832957111,23881.97742663657,103204.25959367948,2451.3500053260987,269.851091495402,724.330031876797,0.0,0.0,246.42,302.5,70.0,2.5805686350959385,0.0,0.0,0.0,0.0,0.0,0.0,0.0,0.0,0.0,6375.92438943348,151.4435774989443,12.969116669605247,1.448245192986947,18.68834809141684,138.2937758764846,0.0,0.0,19.47825616792189,0.0,0.0,0.0,0.0,0.0,0.0,0.0,0.0,0.0,9137.56232111059,217.0391370735032,18.586498926283817,2.0755313110516505,26.78293137336006,198.1936921628645,0.0,0.0,27.914976522605446,0.0,0.0,0.0,0.0,0.0,0.0,0.0,0.0,0.0,0.0,0.0,0.0,0.0,0.0,0.0,0.0,0.0,0.0,0.0,226.12901190614377,52.32737465596715,24.89287965776723,0.0,0.0,0.0,324.0734696176568,74.99220784540817,35.674864589315604,0.0,0.0,0.0,0.0,0.0,0.0,0.0,3.737669618283368,0.0,0.0,0.0,0.0,0.0,5.356586274672012,0.0,0.0,0.0,-0.0,0.0,0.0,0.0,-0.0,0.0,0.0,0.0,-0.0,0.0,0.0,0.0,-0.0,0.0,0.0,0.0,0.0,0.0,0.0,0.0,0.0,0.0,0.0,0.0,0.0,0.0,0.0,0.0,0.0,0.0,0.0,0.0,0.0,0.0,0.0,0.0,1.5498910721296928,13.8793612,0.0,0.0,0.0,0.0,143.9,113.7,102.0,71.0,0.0,1.712242703533026,245472.61083521447,173997.26410835216,2.707201392077848,9.094255892955381,0.0,0.0,0.0,3.6770425448530175,0.0,0.0,8959.576544
13.548387096774194,19.92258064516129,7.622580645161291,162.20000000000002,15.770967741935484,35.461290322580645,58.096774193548384,0,0.0,44.61290322580645,24,1.0,0.0,3.49650756146648,0.0,5.214935757608986,5.214935757608986,1.3701431492843312,0.0,3.49650756146648,0.0,215.0,2.0,0,0,0,0,0,0,0,0,0,0,0,0,0,0,0,0,0,0,0,0,0,0,0,0.0,53,0,0,LOC,CITY,4,Unassigned,Fee,Local Other or Unknown,OPEN ACCESS,0,0,0,0,0,0,0,0,0,0,1,0,0,4,0,0.3874727680324232,40.518181906216505,3.4698403,5,30,10,37,0.0,0.0,2.188565397607247,1705.8555304740407,187.42708091288097,5.211337051472152,0.020653573576245,0.4999999999999999,-0.8660254037844387,0,1,0,0,0,0.0,0.0,1.1595710970245892,0.0,0.0,3.7261314495129714,0.0,0.0,852.9277652370203,-1477.314224576699,0.0,0.0,0.0,20.25909095310825,-35.089774845942486,0.0,0.1937363840162115,0.0,0.0,1.7349201499999998,0.0,0.0,0.0,0.0,0.0,0.0,23111.591058035392,0.0,276689.76704288943,6572.049105188318,548.9560129229333,639.0109398048145,0.0,0.0,501.2903225806452,811.0000000000001,0.0,5.249631050761863,0.0,0.0,0.0,0.0,0.0,0.0,0.0,0.0,0.0,5964.536761071897,141.67212941196033,12.13232284603112,1.354801463287715,17.4825378073324,129.37077977425974,0.0,0.0,18.22147940582281,0.0,0.0,0.0,0.0,0.0,0.0,0.0,0.0,0.0,8895.92700318412,211.29971565603387,18.09499425366269,2.0206455931120155,26.074678788044928,192.95262303153248,0.0,0.0,27.176787934674707,0.0,0.0,0.0,0.0,0.0,0.0,0.0,0.0,0.0,0.0,0.0,0.0,0.0,0.0,0.0,0.0,0.0,0.0,0.0,567.1335264698631,0.0,47.372037929545854,0.0,0.0,0.0,845.8625798841776,0.0,70.65396832889594,0.0,0.0,0.0,0.0,0.0,0.0,0.0,3.49650756146648,0.0,0.0,0.0,0.0,0.0,5.214935757608986,0.0,0.0,0.0,-0.0,0.0,0.0,0.0,-0.0,0.0,0.0,0.0,-0.0,0.0,0.0,0.0,-0.0,0.0,0.0,0.0,0.0,0.0,0.0,0.0,0.0,0.0,0.0,0.0,0.0,0.0,0.0,0.0,0.0,0.0,0.0,0.0,0.0,0.0,0.0,0.0,1.5498910721296928,13.8793612,0.0,0.0,0.0,0.0,306.1,253.6,102.0,43.0,0.0,6.764086021505377,522162.37787810393,173997.26410835216,2.6107986586492986,8.711443319075466,0.0,0.0,0.0,3.5222615339127477,0.0,0.0,6540.674475
16.313333333333333,22.08333333333333,10.69,133.0,14.66,33.06666666666667,58.0,0,0.5433333333333332,49.11333333333334,25,1.0,0.0,3.4011973816621555,0.0,5.19295685089021,5.19295685089021,1.3701431492843312,0.0,3.4011973816621555,0.0,208.0,2.0,0,0,0,0,0,0,0,0,0,0,0,0,0,0,0,0,0,0,0,0,0,0,0,0.0,53,0,0,LOC,CITY,4,Unassigned,Fee,Local Other or Unknown,OPEN ACCESS,0,0,0,0,0,0,0,0,0,0,1,0,0,4,0,0.3874727680324232,40.518181906216505,3.4698403,5,30,10,37,0.0,0.0,2.188565397607247,1705.8555304740407,187.42708091288097,5.211337051472152,0.020653573576245,1.2246467991473532e-16,-1.0,0,0,1,0,1,0.0,0.0,1.1595710970245892,0.0,0.0,3.7261314495129714,0.0,0.0,2.089070515202844e-13,-1705.8555304740407,1705.8555304740407,0.0,40.518181906216505,4.9620461778718246e-15,-40.518181906216505,0.3874727680324232,4.74517285127672e-17,0.0,3.4698403,4.2493288169474924e-16,0.0,0.0,0.0,0.0,0.0,0.0,27828.189887133183,0.0,226878.7855530474,5388.918193526795,660.9866074967453,593.996546745134,0.0,0.0,603.5933333333332,665.0,0.0,6.320972422502264,0.0,0.0,0.0,0.0,0.0,0.0,0.0,0.0,0.0,5801.951363742214,137.8103342091345,11.801611743145829,1.3178713640972657,17.005986908310778,125.84430312149976,0.0,0.0,17.724785934426063,0.0,0.0,0.0,0.0,0.0,0.0,0.0,0.0,0.0,8858.434163604124,210.4091703155028,18.018730957379944,2.012129365287365,25.96478425445105,192.13940348293772,0.0,0.0,27.0622484437403,0.0,0.0,0.0,0.0,0.0,0.0,0.0,0.0,0.0,0.0,0.0,0.0,0.0,0.0,0.0,0.0,0.0,0.0,0.0,452.3592517610667,0.0,55.484866619515294,0.0,0.0,0.0,690.663261168398,0.0,84.71443609418897,0.0,0.0,0.0,0.0,0.0,0.0,0.0,3.4011973816621555,0.0,0.0,0.0,0.0,0.0,5.19295685089021,0.0,0.0,0.0,-0.0,0.0,0.0,0.0,-0.0,0.0,0.0,0.0,-0.0,0.0,0.0,0.0,-0.0,0.0,0.0,0.0,0.0,0.0,0.0,0.0,0.0,0.0,0.0,0.0,0.0,0.0,0.0,0.0,0.0,1.0,0.0,0.0,0.0,0.0,0.0,0.0,1.5498910721296928,13.8793612,0.0,0.0,0.0,0.0,439.1,355.7,102.0,14.0,0.5433333333333332,12.17390681003584,749041.1634311513,173997.26410835216,2.5865081184877186,8.594154232552366,0.0,0.0,0.0,3.474838526877454,8.594154232552366,0.0,11178.35692
21.896774193548385,29.0,14.838709677419354,64.5,16.806451612903224,36.07096774193548,42.38709677419355,0,4.064516129032258,48.05806451612903,31,1.0,0.0,3.4657359027997265,0.0,5.298317366548036,5.298317366548036,1.3701431492843312,0.0,3.4657359027997265,0.0,230.0,2.0,0,0,0,0,0,0,0,0,0,0,0,0,0,0,0,0,0,0,0,0,0,0,0,0.0,53,0,0,LOC,CITY,4,Unassigned,Fee,Local Other or Unknown,OPEN ACCESS,0,0,0,0,0,0,0,0,0,0,1,0,0,4,0,0.3874727680324232,40.518181906216505,3.4698403,5,30,10,37,0.0,0.0,2.188565397607247,1705.8555304740407,187.42708091288097,5.211337051472152,0.020653573576245,-0.4999999999999997,-0.8660254037844388,0,0,1,0,1,0.0,0.0,1.1595710970245892,0.0,0.0,3.7261314495129714,0.0,0.0,-852.9277652370199,-1477.3142245766992,1705.8555304740407,0.0,40.518181906216505,-20.25909095310824,-35.08977484594249,0.3874727680324232,-0.1937363840162115,0.0,3.4698403,-1.734920149999999,0.0,-0.0,0.0,-0.0,0.0,-0.0,37352.73335760576,0.0,110027.68171557564,2613.4227329509645,887.2174799335406,680.9668636496386,0.0,0.0,810.1806451612903,322.5,0.0,8.484403707755124,0.0,0.0,0.0,0.0,0.0,0.0,0.0,0.0,0.0,5912.044756953356,140.4253177485448,12.025550104691376,1.342878283527159,17.328679513998633,128.2322284035899,0.0,0.0,18.061117920877503,0.0,0.0,0.0,0.0,0.0,0.0,0.0,0.0,0.0,9038.163981932625,214.6781868546593,18.38431512063825,2.0529536959306265,26.491586832740182,196.0377425622773,0.0,0.0,27.61131760275014,0.0,0.0,0.0,0.0,0.0,0.0,0.0,0.0,0.0,0.0,0.0,0.0,0.0,0.0,0.0,0.0,0.0,0.0,0.0,223.5399657305824,0.0,75.88843647807917,0.0,0.0,0.0,341.7414701423484,0.0,116.01605898105828,0.0,0.0,0.0,0.0,0.0,0.0,0.0,3.4657359027997265,0.0,0.0,0.0,0.0,0.0,5.298317366548036,0.0,0.0,-0.0,-0.0,0.0,0.0,-0.0,-0.0,0.0,0.0,-0.0,-0.0,0.0,0.0,-0.0,-0.0,0.0,0.0,0.0,0.0,0.0,0.0,0.0,0.0,0.0,0.0,0.0,0.0,0.0,0.0,0.0,0.0,1.0,0.0,0.0,0.0,0.0,0.0,0.0,1.5498910721296928,13.8793612,0.0,0.0,0.0,0.0,503.6,359.7,102.0,0.0,4.607849462365591,17.252831541218637,859068.8451467269,173997.26410835216,2.638265518456413,8.764053269347762,0.0,0.0,0.0,3.5435330956227813,8.764053269347762,0.0,8068.208837
21.04516129032258,28.006451612903227,14.641935483870968,58.8,15.73225806451613,34.00967741935484,37.2258064516129,0,3.167741935483871,47.88387096774194,29,1.0,0.0,3.4011973816621555,0.0,5.288267030694535,5.288267030694535,1.3701431492843312,0.0,3.4011973816621555,0.0,226.0,2.0,0,0,0,0,0,0,0,0,0,0,0,0,0,0,0,0,0,0,0,0,0,0,0,0.0,53,0,0,LOC,CITY,4,Unassigned,Fee,Local Other or Unknown,OPEN ACCESS,0,0,0,0,0,0,0,0,0,0,1,0,0,4,0,0.3874727680324232,40.518181906216505,3.4698403,5,30,10,37,0.0,0.0,2.188565397607247,1705.8555304740407,187.42708091288097,5.211337051472152,0.020653573576245,-0.8660254037844385,-0.5000000000000004,0,0,1,0,1,0.0,0.0,1.1595710970245892,0.0,0.0,3.7261314495129714,0.0,0.0,-1477.3142245766987,-852.9277652370212,1705.8555304740407,0.0,40.518181906216505,-35.08977484594248,-20.25909095310827,0.3874727680324232,-0.3355612603907533,0.0,3.4698403,-3.004969846875017,0.0,-0.0,0.0,-0.0,0.0,-0.0,35900.00477681497,0.0,100304.3051918736,2382.4690960855305,852.7116734069563,637.4424940536061,0.0,0.0,778.6709677419354,294.0,0.0,8.154426898850092,0.0,0.0,0.0,0.0,0.0,0.0,0.0,0.0,0.0,5801.951363742214,137.8103342091345,11.801611743145829,1.3178713640972657,17.005986908310778,125.84430312149976,0.0,0.0,17.724785934426063,0.0,0.0,0.0,0.0,0.0,0.0,0.0,0.0,0.0,9021.019560933806,214.2709655183286,18.34944206026524,2.049059464477815,26.441335153472675,195.6658801356978,0.0,0.0,27.55894191513705,0.0,0.0,0.0,0.0,0.0,0.0,0.0,0.0,0.0,0.0,0.0,0.0,0.0,0.0,0.0,0.0,0.0,0.0,0.0,199.9904060417348,0.0,71.5787474773029,0.0,0.0,0.0,310.9501014048387,0.0,111.29243260726176,0.0,0.0,0.0,0.0,0.0,0.0,0.0,3.4011973816621555,0.0,0.0,0.0,0.0,0.0,5.288267030694535,0.0,0.0,-0.0,-0.0,0.0,0.0,-0.0,-0.0,0.0,0.0,-0.0,-0.0,0.0,0.0,-0.0,-0.0,0.0,0.0,0.0,0.0,0.0,0.0,0.0,0.0,0.0,0.0,0.0,0.0,0.0,0.0,0.0,0.0,1.0,0.0,0.0,0.0,0.0,0.0,0.0,1.5498910721296928,13.8793612,0.0,0.0,0.0,0.0,562.4,256.29999999999995,102.0,0.0,7.775591397849462,19.75175627240144,959373.1503386004,173997.26410835216,2.624068969720686,8.68946441235669,0.0,0.0,0.0,3.513374894252993,8.68946441235669,0.0,9811.470707
17.759999999999998,25.51333333333333,10.93,27.6,15.41,32.86,29.3,0,1.096666666666667,40.01,29,1.0,0.0,3.332204510175204,0.0,5.0238805208462765,5.0238805208462765,1.3701431492843312,0.0,3.332204510175204,0.0,178.0,2.0,0,0,0,0,0,0,0,0,0,0,0,0,0,0,0,0,0,0,0,0,0,0,0,0.0,53,0,0,LOC,CITY,4,Unassigned,Fee,Local Other or Unknown,OPEN ACCESS,0,0,0,0,0,0,0,0,0,0,1,0,0,4,0,0.3874727680324232,40.518181906216505,3.4698403,5,30,10,37,0.0,0.0,2.188565397607247,1705.8555304740407,187.42708091288097,5.211337051472152,0.020653573576245,-1.0,-1.8369701987210292e-16,0,0,0,1,0,0.0,0.0,1.1595710970245892,0.0,0.0,3.7261314495129714,0.0,0.0,-1705.8555304740407,-3.133605772804266e-13,0.0,0.0,0.0,-40.518181906216505,-7.443069266807736e-15,0.0,-0.3874727680324232,0.0,0.0,-3.4698403,0.0,-0.0,0.0,-0.0,0.0,-0.0,30295.99422121896,0.0,47081.61264108353,1118.3018206115755,719.602910654405,624.3851831747963,0.0,0.0,657.1199999999999,138.0,0.0,6.881516360255835,0.0,0.0,0.0,0.0,0.0,0.0,0.0,0.0,0.0,5684.259492352913,135.01486849199398,11.562217497247682,1.2911385052077111,16.66102255087602,123.29156687648252,0.0,0.0,17.365240826958654,0.0,0.0,0.0,0.0,0.0,0.0,0.0,0.0,0.0,8570.014370926425,203.5585048187472,17.4320630936174,1.9466168916764788,25.119402604231382,185.8835792713122,0.0,0.0,26.181134700455413,0.0,0.0,0.0,0.0,0.0,0.0,0.0,0.0,0.0,0.0,0.0,0.0,0.0,0.0,0.0,0.0,0.0,0.0,0.0,91.96884448083564,0.0,59.17995210071161,0.0,0.0,0.0,138.65910237535724,0.0,89.22411805022986,0.0,0.0,0.0,0.0,0.0,0.0,0.0,3.332204510175204,0.0,0.0,0.0,0.0,0.0,5.0238805208462765,0.0,0.0,-0.0,-0.0,0.0,0.0,-0.0,-0.0,0.0,0.0,-0.0,-0.0,0.0,0.0,-0.0,-0.0,0.0,0.0,0.0,0.0,0.0,0.0,0.0,0.0,0.0,0.0,0.0,0.0,0.0,0.0,0.0,0.0,0.0,0.0,0.0,0.0,0.0,0.0,0.0,1.5498910721296928,13.8793612,0.0,0.0,0.0,0.0,590.0,150.89999999999998,102.0,0.0,8.87225806451613,20.233978494623653,1006454.762979684,173997.26410835216,2.509111603998204,8.35608503102148,0.0,0.0,0.0,3.3785809998238827,0.0,0.0,8070.962805
10.23225806451613,17.248387096774195,4.048387096774194,27.3,15.045161290322582,31.3,30.93548387096774,6,0.1032258064516128,34.65161290322581,26,1.0,0.0,3.1354942159291497,0.0,5.062595033026967,5.062595033026967,1.3701431492843312,0.0,3.1354942159291497,0.0,179.0,2.0,0,0,0,0,0,0,0,0,0,0,0,0,0,0,0,0,0,0,0,0,0,0,0,0.0,53,0,0,LOC,CITY,4,Unassigned,Fee,Local Other or Unknown,OPEN ACCESS,0,0,0,0,0,0,0,0,0,0,1,0,0,4,0,0.3874727680324232,40.518181906216505,3.4698403,5,30,10,37,0.0,0.0,2.188565397607247,1705.8555304740407,187.42708091288097,5.211337051472152,0.020653573576245,-0.8660254037844386,0.5000000000000001,0,0,0,1,0,0.0,0.0,1.1595710970245892,0.0,0.0,3.7261314495129714,0.0,0.0,-1477.3142245766987,852.9277652370206,0.0,0.0,0.0,-35.08977484594248,20.259090953108256,0.0,-0.3355612603907534,0.0,0.0,-3.0049698468750177,0.0,-0.0,0.0,-0.0,0.0,-0.0,17454.75400859244,10235.133182844243,46569.85598194131,1106.1463660397103,414.59249356941535,609.6025819696574,0.0,0.0,378.5935483870968,136.5,30.0,3.9647213554801497,0.0,0.0,0.0,0.0,0.0,0.0,0.0,0.0,0.0,5348.700149012106,127.04452500690698,10.879664190847866,1.21491862299572,15.677471079645748,116.01328598937856,0.0,0.0,16.3401171821482,0.0,0.0,0.0,0.0,0.0,0.0,0.0,0.0,0.0,8636.05573563946,205.1271464656948,17.5663962681768,1.961617710874156,25.31297516513484,187.31601622199776,0.0,0.0,26.38288907221232,0.0,0.0,0.0,0.0,0.0,0.0,0.0,0.0,0.0,0.0,0.0,0.0,0.0,0.0,0.0,0.0,0.0,0.0,0.0,85.59899209486579,18.81296529557489,32.08318597718472,0.0,0.0,0.0,138.2088444016362,30.375570198161803,51.80177885406948,0.0,0.0,0.0,0.0,0.0,0.0,0.0,3.1354942159291497,0.0,0.0,0.0,0.0,0.0,5.062595033026967,0.0,0.0,-0.0,0.0,0.0,0.0,-0.0,0.0,0.0,0.0,-0.0,0.0,0.0,0.0,-0.0,0.0,0.0,0.0,0.0,0.0,0.0,0.0,0.0,0.0,0.0,0.0,0.0,0.0,0.0,0.0,0.0,0.0,0.0,0.0,0.0,0.0,0.0,0.0,0.0,1.5498910721296928,13.8793612,0.0,0.0,0.0,0.0,617.3000000000001,113.69999999999996,108.0,6.0,8.975483870967741,16.3458064516129,1053024.6189616255,184232.3972911964,2.4939276662253063,8.198089248956116,0.0,0.0,0.0,3.314699224404335,0.0,0.0,6327.700934
3.846666666666666,11.136666666666663,-1.66,24.2,13.576666666666666,26.73333333333333,50.66666666666666,16,0.0,29.48,23,1.0,0.0,2.8903717578961645,0.0,4.875197323201151,4.875197323201151,1.3701431492843312,0.0,2.8903717578961645,0.0,147.0,2.0,0,0,0,0,0,0,0,0,0,0,0,0,0,0,0,0,0,0,0,0,0,0,0,0.0,53,0,0,LOC,CITY,4,Unassigned,Fee,Local Other or Unknown,OPEN ACCESS,0,0,0,0,0,0,0,0,0,0,1,0,0,4,0,0.3874727680324232,40.518181906216505,3.4698403,5,30,10,37,0.0,0.0,2.188565397607247,1705.8555304740407,187.42708091288097,5.211337051472152,0.020653573576245,-0.5000000000000004,0.8660254037844384,0,0,0,1,0,0.0,0.0,1.1595710970245892,0.0,0.0,3.7261314495129714,0.0,0.0,-852.9277652370212,1477.3142245766985,0.0,0.0,0.0,-20.25909095310827,35.08977484594247,0.0,-0.1937363840162117,0.0,0.0,-1.7349201500000015,0.0,-0.0,0.0,-0.0,0.0,-0.0,6561.857607223476,27293.68848758465,41281.70383747178,980.5400021304392,155.85993973257945,550.101849680066,0.0,0.0,142.32666666666665,121.0,80.0,1.4904785810313876,0.0,0.0,0.0,0.0,0.0,0.0,0.0,0.0,0.0,4930.556648333148,117.11260866302756,10.029128407529956,1.119940345674768,14.451858789480823,106.94375504215807,0.0,0.0,15.06270143445298,0.0,0.0,0.0,0.0,0.0,0.0,0.0,0.0,0.0,8316.382315934923,197.53413197016403,16.916156142495478,1.8890062015250104,24.37598661600576,180.38230095844256,0.0,0.0,25.406296443636016,0.0,0.0,0.0,0.0,0.0,0.0,0.0,0.0,0.0,0.0,0.0,0.0,0.0,0.0,0.0,0.0,0.0,0.0,0.0,69.94699654108717,46.24594812633863,11.11829669537391,0.0,0.0,0.0,117.97977522146786,78.00315717121842,18.753259036580424,0.0,0.0,0.0,0.0,0.0,0.0,0.0,2.8903717578961645,0.0,0.0,0.0,0.0,0.0,4.875197323201151,0.0,0.0,-0.0,0.0,0.0,0.0,-0.0,0.0,0.0,0.0,-0.0,0.0,0.0,0.0,-0.0,0.0,0.0,0.0,0.0,0.0,0.0,0.0,0.0,0.0,0.0,0.0,0.0,0.0,0.0,0.0,0.0,0.0,0.0,0.0,0.0,0.0,0.0,0.0,0.0,1.5498910721296928,13.8793612,0.0,0.0,0.0,0.0,641.5,79.09999999999997,124.0,22.0,8.975483870967741,10.612974910394264,1094306.322799097,211526.08577878104,2.3836793723616845,7.765569081097316,0.0,0.0,0.0,3.139820149365801,0.0,0.0,5787.005178
0.5,6.316129032258065,-3.938709677419354,25.0,14.893548387096772,29.69677419354839,62.12903225806452,27,0.0,31.274193548387096,16,1.0,0.0,2.079441541679836,0.0,4.983606621708336,4.983606621708336,1.3701431492843312,0.0,2.079441541679836,0.0,152.0,2.0,0,0,0,0,0,0,0,0,0,0,0,0,0,0,0,0,0,0,0,0,0,0,0,0.0,53,0,0,LOC,CITY,4,Unassigned,Fee,Local Other or Unknown,OPEN ACCESS,0,0,0,0,0,0,0,0,0,0,1,0,0,4,0,0.3874727680324232,40.518181906216505,3.4698403,5,30,10,37,0.0,0.0,2.188565397607247,1705.8555304740407,187.42708091288097,5.211337051472152,0.020653573576245,-2.4492935982947064e-16,1.0,1,0,0,0,0,0.0,0.0,1.1595710970245892,0.0,0.0,3.7261314495129714,0.0,0.0,-4.178141030405688e-13,1705.8555304740407,0.0,1705.8555304740407,0.0,-9.924092355743648e-15,40.518181906216505,0.0,-9.49034570255344e-17,0.3874727680324232,0.0,-8.498657633894986e-16,0.0,-0.0,0.0,-0.0,0.0,-0.0,852.9277652370204,46058.0993227991,42646.38826185102,1012.9545476554126,20.25909095310825,603.4595027774244,0.0,0.0,18.5,125.0,135.0,0.1937363840162116,0.0,0.0,0.0,0.0,0.0,0.0,0.0,0.0,0.0,3547.226854172014,84.25519064912689,7.215330062814825,0.8057269701162957,10.39720770839918,76.93933704215394,0.0,0.0,10.836670752526503,0.0,0.0,0.0,0.0,0.0,0.0,0.0,0.0,0.0,8501.312917348216,201.9266796474035,17.29231909535044,1.9310118524980424,24.91803310854168,184.39344500320848,0.0,0.0,25.971253837670616,0.0,0.0,0.0,0.0,0.0,0.0,0.0,0.0,0.0,0.0,0.0,0.0,0.0,0.0,0.0,0.0,0.0,0.0,0.0,51.9860385419959,56.14492162535558,1.039720770839918,0.0,0.0,0.0,124.5901655427084,134.55737878612507,2.491803310854168,0.0,0.0,0.0,0.0,0.0,0.0,0.0,2.079441541679836,0.0,0.0,0.0,0.0,0.0,4.983606621708336,0.0,0.0,-0.0,0.0,0.0,0.0,-0.0,0.0,0.0,0.0,-0.0,0.0,0.0,0.0,-0.0,0.0,0.0,0.0,0.0,0.0,0.0,0.0,0.0,0.0,0.0,0.0,0.0,0.0,0.0,0.0,0.0,0.0,0.0,1.0,0.0,0.0,0.0,0.0,0.0,1.5498910721296928,13.8793612,0.0,0.0,0.0,0.0,666.5,76.49999999999997,151.0,49.0,8.975483870967741,4.859641577060931,1136952.7110609482,257584.1851015801,2.3585835965407806,7.0630481633881725,0.0,0.0,0.0,2.855772797556984,0.0,7.0630481633881725,3403.904695
-10.355806451612905,-6.940483870967742,-13.653870967741934,43.745,22.12709677419355,75.49290322580644,69.86129032258064,31,0.0,26.98774193548387,14,0.0,1.9459101490553128,6.324358962381311,4.04305126783455,0.0,0.0,-1.6298568507156688,-3.8918202981106265,-12.648717924762622,-8.0861025356691,619.0,3.0,1,1,1,1,1,1,1,1,1,0,1,1,0,0,1,1,1,1,1,83,24,18,24,1.2083333333333337,53,1,1,FED,NPS,1,II: National park,Fee,National Park,OPEN ACCESS,0,1,0,0,0,1,1,0,0,0,1,0,0,1,1,6.986194670297566,119.29612237303922,0.0,123,50,6,5,5.785727019830275,104.34657778417292,536.2075079648397,3198.127972056944,204.16357058124728,0.233408941903658,0.551434401061142,0.4999999999999999,0.8660254037844387,1,0,0,0,0,1.914821438590088,4.657255655471723,6.286384440658714,2.9444389791664403,3.218875824868201,4.789956389485572,0.0053541910092922,1.6657446477674875,1599.0639860284718,2769.660068354923,0.0,3198.127972056944,0.0,59.648061186519605,103.31347254802913,0.0,3.493097335148782,6.986194670297566,0.0,0.0,0.0,0.4999999999999999,0.0,0.4999999999999999,1.0,0.4999999999999999,-33119.194286111,99141.96713376528,139902.108137631,5218.608873208601,-1235.4075537231222,2639.676844534275,-59.91586919922946,0.0,-51.779032258064525,5380.634999999999,3813.0,-72.34767983889122,6223.269678803294,232.1395352686416,0.0,13.594507112208168,239.34694833380348,9.729550745276564,11.25850492755128,46.70184357732751,0.45419282893059,20226.1093029207,754.4715007072682,0.0,44.18320287603696,777.8961523729013,31.62179481190656,36.59101453175531,151.78461509715146,1.476161933628338,12930.195352121968,482.3203388080619,0.0,28.24554321908555,497.2953059436497,20.21525633917275,23.391990962869407,97.0332304280292,0.9436843184875052,0.0,0.0,0.0,0.0,0.0,0.0,0.0,0.0,0.0,0.0,1.9459101490553128,0.0,0.0,0.0,6.324358962381311,0.0,0.0,0.0,4.04305126783455,0.0,0.0,0.0,0.0,0.0,0.0,85.12383947042466,60.32321462071469,-20.15146887584604,276.65908280937043,196.05512783382065,-65.49383734494427,176.8632777114224,125.33458930287104,-41.86905640364277,0.0,0.0,-0.0,1.9459101490553128,6.324358962381311,4.04305126783455,0.0,1.9459101490553128,0.0,0.0,6.324358962381311,0.0,0.0,4.04305126783455,0.0,0.0,0.0,0.0,0.0,0.0,0.0,0.0,0.0,0.4999999999999999,0.8660254037844387,0.0,1.0,0.0,0.0,0.0,0.0,0.0,0.0,0.0,0.0,0.0,0.0,0.0,0.0,-0.0,3198.127972056944,6.986194670297566,119.29612237303922,-10.355806451612905,0.0,0.0,0.0,0.0,-0.0,0.0,1.0,0.0,0.0,0.0,119.29612237303922,3198.127972056944,6.986194670297566,0.0,1.9459101490553128,6.324358962381311,4.04305126783455,0.0,43.745,148.575,31.0,92.0,0.0,-8.920883512544805,139902.108137631,99141.96713376528,2.721879341983166,12.313320379271175,0.0,0.0,0.0,0.011373864228384196,0.0,12.313320379271175,126866.0
-11.661379310344827,-7.377241379310345,-15.870172413793105,95.11,20.189827586206896,71.12241379310345,62.16724137931034,29,0.0,22.403275862068963,13,0.0,1.791759469228055,6.0330862217988015,3.258096538021482,0.0,0.0,-1.6298568507156688,-3.58351893845611,-12.066172443597605,-6.516193076042964,446.0,3.0,1,1,1,1,1,1,1,1,1,0,1,1,0,0,1,1,1,1,1,83,24,18,24,1.2083333333333337,53,1,1,FED,NPS,1,II: National park,Fee,National Park,OPEN ACCESS,0,1,0,0,0,1,1,0,0,0,1,0,0,1,1,6.986194670297566,119.29612237303922,0.0,123,50,6,5,5.785727019830275,104.34657778417292,536.2075079648397,3198.127972056944,204.16357058124728,0.233408941903658,0.551434401061142,0.8660254037844386,0.5000000000000001,1,0,0,0,0,1.914821438590088,4.657255655471723,6.286384440658714,2.9444389791664403,3.218875824868201,4.789956389485572,0.0053541910092922,1.6657446477674875,2769.6600683549227,1599.0639860284723,0.0,3198.127972056944,0.0,103.3134725480291,59.64806118651963,0.0,6.050222060261143,6.986194670297566,0.0,0.0,0.0,0.8660254037844386,0.0,0.8660254037844386,1.0,0.8660254037844386,-37294.58336517991,92745.71118965138,304173.951422336,11346.25419889976,-1391.1573332453245,2408.568142414701,-67.4695573643518,0.0,-58.30689655172414,11698.53,3567.0,-81.46866598624933,5730.276077736146,213.74995690408184,0.0,12.517580454376231,220.3864147150508,8.958797346140274,10.366631174149507,43.00222726147332,0.4182126818583802,19294.581803766094,719.7237922028066,0.0,42.14831480817647,742.0696052812526,30.165431108994007,34.90578996642707,144.79406932317124,1.408176271443596,10419.809673908394,388.6782833029862,0.0,22.76169666924063,400.7458741766423,16.29048269010741,18.850457173246365,78.19431691251557,0.7604688655595654,0.0,0.0,0.0,0.0,0.0,0.0,0.0,0.0,0.0,0.0,1.791759469228055,0.0,0.0,0.0,6.0330862217988015,0.0,0.0,0.0,3.258096538021482,0.0,0.0,0.0,0.0,0.0,0.0,170.4142431182803,51.9610246076136,-20.89438680357047,573.806830555284,174.95950043216524,-70.35410684441099,309.8775617312232,94.484799602623,-37.99389955958982,0.0,0.0,-0.0,1.791759469228055,6.0330862217988015,3.258096538021482,0.0,1.791759469228055,0.0,0.0,6.0330862217988015,0.0,0.0,3.258096538021482,0.0,0.0,0.0,0.0,0.0,0.0,0.0,0.0,0.0,0.8660254037844386,0.5000000000000001,0.0,1.0,0.0,0.0,0.0,0.0,0.0,0.0,0.0,0.0,0.0,0.0,0.0,0.0,-0.0,3198.127972056944,6.986194670297566,119.29612237303922,-11.661379310344827,0.0,0.0,0.0,0.0,-0.0,0.0,1.0,0.0,0.0,0.0,119.29612237303922,3198.127972056944,6.986194670297566,0.0,1.791759469228055,6.0330862217988015,3.258096538021482,0.0,138.855,193.625,60.0,91.0,0.0,-10.768954393770857,444076.05955996696,191887.67832341665,2.5505438827296403,11.082942229048339,0.0,0.0,0.0,0.01023735891550665,0.0,11.082942229048339,110667.0
-5.480645161290322,-1.2712903225806451,-9.340806451612902,66.98,20.436290322580643,70.36951612903225,53.41451612903226,31,0.0,28.686290322580643,28,0.0,1.0986122886681098,5.998936561946683,3.1354942159291497,0.0,0.0,-1.6298568507156688,-2.19722457733622,-11.997873123893363,-6.270988431858299,426.0,3.0,1,1,1,1,1,1,1,1,1,0,1,1,0,0,1,1,1,1,1,83,24,18,24,1.2083333333333337,53,1,1,FED,NPS,1,II: National park,Fee,National Park,OPEN ACCESS,0,1,0,0,0,1,1,0,0,0,1,0,0,1,1,6.986194670297566,119.29612237303922,0.0,123,50,6,5,5.785727019830275,104.34657778417292,536.2075079648397,3198.127972056944,204.16357058124728,0.233408941903658,0.551434401061142,1.0,6.123233995736766e-17,0,1,0,0,0,1.914821438590088,4.657255655471723,6.286384440658714,2.9444389791664403,3.218875824868201,4.789956389485572,0.0053541910092922,1.6657446477674875,3198.127972056944,1.9582885921215768e-13,0.0,0.0,0.0,119.29612237303922,7.304780720741671e-15,0.0,6.986194670297566,0.0,0.0,0.0,0.0,1.0,0.0,1.0,0.0,1.0,-17527.804595241123,99141.96713376528,214210.6115683741,7990.454276546167,-653.8197158444956,2437.9701911735374,-31.70951679577947,0.0,-27.40322580645161,8238.54,3813.0,-38.2888540155986,3513.50269083498,131.06018602947552,0.0,7.67511931581656,135.12931150617752,5.493061443340549,6.35627080286466,26.36669492803464,0.2564259318603796,19185.3668213568,715.6498702020906,0.0,41.90973863652512,737.869197119442,29.99468280973341,34.70820935670265,143.9744774867204,1.400205435471143,10027.71175818577,374.0523016834405,0.0,21.905172980073072,385.66578855928543,15.677471079645748,18.141113605622824,75.25186118229959,0.7318523872850625,0.0,0.0,0.0,0.0,0.0,0.0,0.0,0.0,0.0,0.0,1.0986122886681098,0.0,0.0,0.0,5.998936561946683,0.0,0.0,0.0,3.1354942159291497,0.0,0.0,0.0,0.0,0.0,0.0,73.58505109498999,34.056980948711406,-6.021104124022963,401.8087709191888,185.96703342034715,-32.878042641120686,210.01540258293448,97.20032069380365,-17.184531202785887,0.0,0.0,-0.0,1.0986122886681098,5.998936561946683,3.1354942159291497,0.0,1.0986122886681098,0.0,0.0,5.998936561946683,0.0,0.0,3.1354942159291497,0.0,0.0,0.0,0.0,0.0,0.0,0.0,0.0,0.0,1.0,6.123233995736766e-17,0.0,0.0,0.0,0.0,0.0,0.0,0.0,0.0,0.0,0.0,0.0,0.0,0.0,0.0,-0.0,3198.127972056944,6.986194670297566,119.29612237303922,-5.480645161290322,0.0,0.0,0.0,0.0,-0.0,0.0,0.0,0.0,0.0,0.0,119.29612237303922,3198.127972056944,6.986194670297566,0.0,1.0986122886681098,5.998936561946683,3.1354942159291497,0.0,205.835,205.835,91.0,91.0,0.0,-9.165943641082684,658286.6711283411,291029.6454571819,2.6360779081027848,10.233043066543942,0.0,0.0,0.0,0.00945230359457017,0.0,0.0,97690.0
2.986612903225806,8.398709677419355,-2.516935483870968,54.03,15.628225806451614,55.89032258064516,44.00967741935484,23,0.0,33.61241935483871,29,0.0,1.6094379124341005,5.84354441703136,3.4339872044851463,0.0,0.0,-1.6298568507156688,-3.218875824868201,-11.68708883406272,-6.8679744089702925,378.0,3.0,1,1,1,1,1,1,1,1,1,0,1,1,0,0,1,1,1,1,1,83,24,18,24,1.2083333333333337,53,1,1,FED,NPS,1,II: National park,Fee,National Park,OPEN ACCESS,0,1,0,0,0,1,1,0,0,0,1,0,0,1,1,6.986194670297566,119.29612237303922,0.0,123,50,6,5,5.785727019830275,104.34657778417292,536.2075079648397,3198.127972056944,204.16357058124728,0.233408941903658,0.551434401061142,0.4999999999999999,-0.8660254037844387,0,1,0,0,0,1.914821438590088,4.657255655471723,6.286384440658714,2.9444389791664403,3.218875824868201,4.789956389485572,0.0053541910092922,1.6657446477674875,1599.0639860284718,-2769.660068354923,0.0,0.0,0.0,59.648061186519605,-103.31347254802913,0.0,3.493097335148782,0.0,0.0,0.0,0.0,0.4999999999999999,0.0,0.4999999999999999,0.0,0.4999999999999999,9551.57026751265,73556.94335730972,172794.8543302367,6445.569491815309,356.2913383841237,1864.3867382799413,17.27972697196729,0.0,14.933064516129033,6645.6900000000005,2829.0,20.865059146758067,5147.188407044431,191.99970215354725,0.0,11.243846566021954,197.9608632293944,8.047189562170502,9.311768416709208,38.62650989841841,0.3756572002008755,18688.402856065182,697.1121898664633,0.0,40.82413886191159,718.7559632948573,29.2177220851568,33.80915282519669,140.24506600875264,1.3639355193463178,10982.330534349576,409.6613577737109,0.0,23.99050310584417,422.38042615167296,17.16993602242573,19.868112554741145,82.41569290764352,0.8015233199095784,0.0,0.0,0.0,0.0,0.0,0.0,0.0,0.0,0.0,0.0,1.6094379124341005,0.0,0.0,0.0,5.84354441703136,0.0,0.0,0.0,3.4339872044851463,0.0,0.0,0.0,0.0,0.0,0.0,86.95793040881445,37.01707198598431,4.80676803621649,315.7267048522044,134.4015215917213,17.45240515647898,185.5383286583325,78.98170570315837,10.255990494427651,0.0,0.0,0.0,1.6094379124341005,5.84354441703136,3.4339872044851463,0.0,1.6094379124341005,0.0,0.0,5.84354441703136,0.0,0.0,3.4339872044851463,0.0,0.0,0.0,0.0,0.0,0.0,-0.0,0.0,0.0,0.4999999999999999,-0.8660254037844387,0.0,0.0,0.0,-0.0,0.0,0.0,0.0,-0.0,0.0,0.0,0.0,0.0,0.0,0.0,0.0,3198.127972056944,6.986194670297566,119.29612237303922,2.986612903225806,0.0,0.0,0.0,0.0,0.0,0.0,0.0,0.0,0.0,0.0,119.29612237303922,3198.127972056944,6.986194670297566,0.0,1.6094379124341005,5.84354441703136,3.4339872044851463,0.0,330.435,191.58,143.0,83.0,0.0,-2.0001774193548387,1056773.4164466364,457332.30000414304,2.509850158878955,10.886969533950607,0.0,0.0,0.0,0.010056338138181268,0.0,0.0,63051.0
7.3596666666666675,13.358833333333337,1.276333333333333,69.75500000000001,16.539333333333335,58.01,43.185,8,0.0,35.96383333333333,30,0.0,3.4339872044851463,7.8252452914317745,5.472270673671475,0.0,0.0,-1.6298568507156688,-6.8679744089702925,-15.650490582863547,-10.94454134734295,2769.0,3.0,1,1,1,1,1,1,1,1,1,0,1,1,0,0,1,1,1,1,1,83,24,18,24,1.2083333333333337,53,1,1,FED,NPS,1,II: National park,Fee,National Park,OPEN ACCESS,0,1,0,0,0,1,1,0,0,0,1,0,0,1,1,6.986194670297566,119.29612237303922,0.0,123,50,6,5,5.785727019830275,104.34657778417292,536.2075079648397,3198.127972056944,204.16357058124728,0.233408941903658,0.551434401061142,1.2246467991473532e-16,-1.0,0,0,1,0,1,1.914821438590088,4.657255655471723,6.286384440658714,2.9444389791664403,3.218875824868201,4.789956389485572,0.0053541910092922,1.6657446477674875,3.916577184243153e-13,-3198.127972056944,3198.127972056944,0.0,119.29612237303922,1.4609561441483343e-14,-119.29612237303922,6.986194670297566,8.555620941200213e-16,0.0,0.0,0.0,1.0,1.2246467991473532e-16,1.0,1.2246467991473532e-16,0.0,1.2246467991473532e-16,23537.15583168176,25585.02377645556,223085.41669083212,8321.501016131353,877.9796952914445,1973.0783333018203,42.58102229027755,0.0,36.79833333333334,8579.865000000002,984.0,51.41606404183332,10982.330534349576,409.6613577737109,0.0,23.99050310584417,422.38042615167296,17.16993602242573,19.868112554741145,82.41569290764352,0.8015233199095784,25026.135854734854,933.521419885694,0.0,54.668686948771786,962.5051708461084,39.12622645715887,45.27473311943645,187.8058869943626,1.8264822236096725,17501.021912135642,652.8206719447061,0.0,38.23034821482933,673.0892928615914,27.36135336835737,31.661064296485872,131.3344961681154,1.2772769077520767,0.0,0.0,0.0,0.0,0.0,0.0,0.0,0.0,0.0,0.0,3.4339872044851463,0.0,0.0,0.0,7.8252452914317745,0.0,0.0,0.0,5.472270673671475,0.0,0.0,0.0,0.0,0.0,0.0,239.53777744886145,27.47189763588117,25.273001162609184,545.8499853038235,62.6019623314542,57.59119692984072,381.7182408419538,43.7781653893718,40.2740880679975,0.0,0.0,0.0,3.4339872044851463,7.8252452914317745,5.472270673671475,0.0,3.4339872044851463,0.0,0.0,7.8252452914317745,0.0,0.0,5.472270673671475,0.0,0.0,0.0,0.0,0.0,0.0,-0.0,0.0,0.0,1.2246467991473532e-16,-1.0,1.0,0.0,0.0,-0.0,0.0,0.0,0.0,-0.0,0.0,0.0,0.0,0.0,0.0,0.0,0.0,3198.127972056944,6.986194670297566,119.29612237303922,7.3596666666666675,0.0,0.0,0.0,0.0,0.0,1.0,0.0,0.0,0.0,1.0,119.29612237303922,3198.127972056944,6.986194670297566,0.0,3.4339872044851463,7.8252452914317745,5.472270673671475,0.0,400.19000000000005,194.355,151.0,60.0,0.0,2.2799265232974912,1279858.833137469,482917.3237805986,3.315955304236428,16.731503169588397,0.0,1.0,0.0,0.0154549576820921,16.731503169588397,0.0,491355.0
11.926290322580646,18.31,5.573064516129032,65.485,15.48,52.06306451612903,36.95967741935484,0,0.0,39.2383870967742,30,0.0,3.555348061489413,8.089482474360754,5.828945617610208,0.0,0.0,-1.6298568507156688,-7.110696122978827,-16.178964948721507,-11.657891235220417,3632.0,3.0,1,1,1,1,1,1,1,1,1,0,1,1,0,0,1,1,1,1,1,83,24,18,24,1.2083333333333337,53,1,1,FED,NPS,1,II: National park,Fee,National Park,OPEN ACCESS,0,1,0,0,0,1,1,0,0,0,1,0,0,1,1,6.986194670297566,119.29612237303922,0.0,123,50,6,5,5.785727019830275,104.34657778417292,536.2075079648397,3198.127972056944,204.16357058124728,0.233408941903658,0.551434401061142,-0.4999999999999997,-0.8660254037844388,0,0,1,0,1,1.914821438590088,4.657255655471723,6.286384440658714,2.9444389791664403,3.218875824868201,4.789956389485572,0.0053541910092922,1.6657446477674875,-1599.0639860284712,-2769.660068354924,3198.127972056944,0.0,119.29612237303922,-59.64806118651958,-103.31347254802913,6.986194670297566,-3.4930973351487813,0.0,0.0,-0.0,1.0,-0.4999999999999997,1.0,-0.4999999999999997,0.0,-0.4999999999999997,38141.8026835172,0.0,209429.410250149,7812.106573598474,1422.7601897789743,1846.7039743346472,69.00226016569518,0.0,59.631451612903234,8054.655,0.0,83.31938588803435,11370.458085847724,424.1392374221888,0.0,24.83835367823012,437.3078115631978,17.776740307447064,20.570273344260485,85.32835347574591,0.8298500291314654,25871.200180717547,965.0438911958968,0.0,56.51469934784466,995.0063443463728,40.447412371803765,46.80353732835248,194.1475793846581,1.888157544888729,18641.714027277947,695.3706097042182,0.0,40.72214880720279,716.9603109660557,29.144728088051043,33.72468815692865,139.894694822645,1.360528029020363,0.0,0.0,0.0,0.0,0.0,0.0,0.0,0.0,0.0,0.0,3.555348061489413,0.0,0.0,0.0,8.089482474360754,0.0,0.0,0.0,5.828945617610208,0.0,0.0,0.0,0.0,0.0,0.0,232.8219678066342,0.0,42.40211317914705,529.739759833514,0.0,96.4775165486544,381.70850376920447,0.0,69.5176977101535,0.0,0.0,0.0,3.555348061489413,8.089482474360754,5.828945617610208,0.0,3.555348061489413,0.0,0.0,8.089482474360754,0.0,0.0,5.828945617610208,0.0,0.0,0.0,0.0,0.0,-0.0,-0.0,0.0,0.0,-0.4999999999999997,-0.8660254037844388,1.0,0.0,-0.0,-0.0,0.0,0.0,-0.0,-0.0,0.0,0.0,0.0,0.0,0.0,0.0,0.0,3198.127972056944,6.986194670297566,119.29612237303922,11.926290322580646,0.0,0.0,0.0,0.0,0.0,1.0,0.0,0.0,0.0,1.0,119.29612237303922,3198.127972056944,6.986194670297566,0.0,3.555348061489413,8.089482474360754,5.828945617610208,0.0,465.675,189.27,151.0,31.0,0.0,7.424189964157708,1489288.2433876174,482917.3237805986,3.450778670052768,17.473776153460374,0.0,1.0,0.0,0.016140598263098178,17.473776153460374,0.0,723478.0
12.694354838709677,19.34725806451613,6.291129032258064,49.365,14.751612903225809,49.88596774193549,33.458064516129035,0,0.0,36.26451612903226,30,0.0,3.80666248977032,8.102283624480073,5.488937726156687,0.0,0.0,-1.6298568507156688,-7.613324979540639,-16.204567248960146,-10.977875452313372,3586.0,3.0,1,1,1,1,1,1,1,1,1,0,1,1,0,0,1,1,1,1,1,83,24,18,24,1.2083333333333337,53,1,1,FED,NPS,1,II: National park,Fee,National Park,OPEN ACCESS,0,1,0,0,0,1,1,0,0,0,1,0,0,1,1,6.986194670297566,119.29612237303922,0.0,123,50,6,5,5.785727019830275,104.34657778417292,536.2075079648397,3198.127972056944,204.16357058124728,0.233408941903658,0.551434401061142,-0.8660254037844385,-0.5000000000000004,0,0,1,0,1,1.914821438590088,4.657255655471723,6.286384440658714,2.9444389791664403,3.218875824868201,4.789956389485572,0.0053541910092922,1.6657446477674875,-2769.6600683549223,-1599.0639860284734,3198.127972056944,0.0,119.29612237303922,-103.31347254802908,-59.64806118651966,6.986194670297566,-6.050222060261142,0.0,0.0,-0.0,1.0,-0.8660254037844385,1.0,-0.8660254037844385,0.0,-0.8660254037844385,40598.17129689384,0.0,157875.58734059107,5889.053080945082,1514.3873082854925,1759.8102181029303,73.44607178963577,0.0,63.471774193548384,6071.895,0.0,88.68523411705966,12174.193788714392,454.1200742124983,0.0,26.59408519765508,468.2194862417494,19.0333124488516,22.024310022438527,91.35989975448769,0.8885090639216348,25912.139896988643,966.5710187670466,0.0,56.60413067458193,996.5808858110488,40.51141812240037,46.87760128848273,194.4548069875217,1.8911454477932288,17554.325278900338,654.8089866775798,0.0,38.34678748807109,675.1393403172725,27.444688630783432,31.757495312390493,131.7345054277605,1.2811671468373027,0.0,0.0,0.0,0.0,0.0,0.0,0.0,0.0,0.0,0.0,3.80666248977032,0.0,0.0,0.0,8.102283624480073,0.0,0.0,0.0,5.488937726156687,0.0,0.0,0.0,0.0,0.0,0.0,187.91589380751185,0.0,48.32312439635049,399.9692311224589,0.0,102.85326333301678,270.96141085172485,0.0,69.67852318341322,0.0,0.0,0.0,3.80666248977032,8.102283624480073,5.488937726156687,0.0,3.80666248977032,0.0,0.0,8.102283624480073,0.0,0.0,5.488937726156687,0.0,0.0,0.0,0.0,0.0,-0.0,-0.0,0.0,0.0,-0.8660254037844385,-0.5000000000000004,1.0,0.0,-0.0,-0.0,0.0,0.0,-0.0,-0.0,0.0,0.0,0.0,0.0,0.0,0.0,0.0,3198.127972056944,6.986194670297566,119.29612237303922,12.694354838709677,0.0,0.0,0.0,0.0,0.0,1.0,0.0,0.0,0.0,1.0,119.29612237303922,3198.127972056944,6.986194670297566,0.0,3.80666248977032,8.102283624480073,5.488937726156687,0.0,515.0400000000001,184.605,151.0,8.0,0.0,10.66010394265233,1647163.8307282086,482917.3237805986,3.395807516781735,17.39788384040708,0.0,1.0,0.0,0.016070496224163226,17.39788384040708,0.0,580368.0
6.698666666666667,13.455166666666663,0.4356666666666667,41.95,16.511166666666664,54.05466666666667,27.886666666666667,10,0.0,32.29866666666667,28,0.0,3.332204510175204,7.882314918980268,5.181783550292085,0.0,0.0,-1.6298568507156688,-6.664409020350408,-15.764629837960536,-10.36356710058417,2853.0,3.0,1,1,1,1,1,1,1,1,1,0,1,1,0,0,1,1,1,1,1,83,24,18,24,1.2083333333333337,53,1,1,FED,NPS,1,II: National park,Fee,National Park,OPEN ACCESS,0,1,0,0,0,1,1,0,0,0,1,0,0,1,1,6.986194670297566,119.29612237303922,0.0,123,50,6,5,5.785727019830275,104.34657778417292,536.2075079648397,3198.127972056944,204.16357058124728,0.233408941903658,0.551434401061142,-1.0,-1.8369701987210292e-16,0,0,0,1,0,1.914821438590088,4.657255655471723,6.286384440658714,2.9444389791664403,3.218875824868201,4.789956389485572,0.0053541910092922,1.6657446477674875,-3198.127972056944,-5.874865776364728e-13,0.0,0.0,0.0,-119.29612237303922,-2.1914342162225013e-14,0.0,-6.986194670297566,0.0,0.0,-0.0,0.0,-1.0,0.0,-1.0,0.0,-1.0,21423.19324215212,31981.27972056944,134161.46842778882,5004.472333548996,799.1249584028654,1969.7181591883125,38.75665673016974,0.0,33.49333333333333,5159.85,1230.0,46.79818936476664,10656.816452605628,397.51907701785433,0.0,23.27942938932752,409.8611547515501,16.66102255087602,19.279225670120983,79.97290824420489,0.7777663289265913,25208.65182695256,940.3296051575028,0.0,55.06738647658694,969.5247350345728,39.41157459490134,45.60492240555542,189.17555805552644,1.839802784990602,16572.00691733366,618.1666845262463,0.0,36.200948621686166,637.3593766859265,25.908917751460425,29.980385097836965,124.36280520701004,1.2094746156474558,0.0,0.0,0.0,0.0,0.0,0.0,0.0,0.0,0.0,0.0,3.332204510175204,0.0,0.0,0.0,7.882314918980268,0.0,0.0,0.0,5.181783550292085,0.0,0.0,0.0,0.0,0.0,0.0,139.7859792018498,33.32204510175204,22.321327278826967,330.66311085122226,78.82314918980268,52.80100020394249,217.37581993475297,51.81783550292085,34.71104074222325,0.0,0.0,0.0,3.332204510175204,7.882314918980268,5.181783550292085,0.0,3.332204510175204,0.0,0.0,7.882314918980268,0.0,0.0,5.181783550292085,0.0,0.0,0.0,0.0,0.0,-0.0,-0.0,0.0,0.0,-1.0,-1.8369701987210292e-16,0.0,0.0,-0.0,-0.0,0.0,0.0,-0.0,-0.0,0.0,0.0,0.0,0.0,0.0,0.0,0.0,3198.127972056944,6.986194670297566,119.29612237303922,6.698666666666667,0.0,0.0,0.0,0.0,0.0,0.0,0.0,0.0,0.0,0.0,119.29612237303922,3198.127972056944,6.986194670297566,0.0,3.332204510175204,7.882314918980268,5.181783550292085,0.0,556.99,156.8,161.0,10.0,0.0,10.439770609318996,1781325.299155997,514898.603501168,3.3103709909529435,16.396302979447555,0.0,0.0,0.0,0.01514533190004807,0.0,0.0,500019.0
1.324193548387097,7.61483870967742,-4.54741935483871,35.675,22.02483870967741,74.29967741935484,32.167741935483875,22,0.0,25.287096774193547,28,0.0,2.6390573296152584,7.374629015218945,4.430816798843313,0.0,0.0,-1.6298568507156688,-5.278114659230517,-14.74925803043789,-8.861633597686627,1690.0,3.0,1,1,1,1,1,1,1,1,1,0,1,1,0,0,1,1,1,1,1,83,24,18,24,1.2083333333333337,53,1,1,FED,NPS,1,II: National park,Fee,National Park,OPEN ACCESS,0,1,0,0,0,1,1,0,0,0,1,0,0,1,1,6.986194670297566,119.29612237303922,0.0,123,50,6,5,5.785727019830275,104.34657778417292,536.2075079648397,3198.127972056944,204.16357058124728,0.233408941903658,0.551434401061142,-0.8660254037844386,0.5000000000000001,0,0,0,1,0,1.914821438590088,4.657255655471723,6.286384440658714,2.9444389791664403,3.218875824868201,4.789956389485572,0.0053541910092922,1.6657446477674875,-2769.6600683549227,1599.0639860284723,0.0,0.0,0.0,-103.3134725480291,59.64806118651963,0.0,-6.050222060261143,0.0,0.0,-0.0,0.0,-0.8660254037844386,0.0,-0.8660254037844386,0.0,-0.8660254037844386,4234.940427514116,70358.81538525278,114093.21540313149,4255.889165658174,157.97115559397616,2627.477853956128,7.661422392388156,0.0,6.620967741935485,4388.025,2706.0,9.25107391018436,8440.04306570446,314.829306143248,0.0,18.436968250767844,324.6040515426768,13.195286648076292,15.268865298836133,63.3373759107662,0.6159795789285907,23585.007337114464,879.764645455325,0.0,51.52059392154438,907.0793688719302,36.87314507609472,42.66759035457658,176.9910963652547,1.7213043553742693,14170.319143440607,528.5792630473298,0.0,30.95454870514408,544.9904662577276,22.154083994216567,25.635496472985643,106.33960317223952,1.034192260786971,0.0,0.0,0.0,0.0,0.0,0.0,0.0,0.0,0.0,0.0,2.6390573296152584,0.0,0.0,0.0,7.374629015218945,0.0,0.0,0.0,4.430816798843313,0.0,0.0,0.0,0.0,0.0,0.0,94.14837023402434,58.05926125153569,3.494622689700205,263.08989011793585,162.24183833481678,9.765436163701215,158.0693892987352,97.4779695745529,5.867259019113486,0.0,0.0,0.0,2.6390573296152584,7.374629015218945,4.430816798843313,0.0,2.6390573296152584,0.0,0.0,7.374629015218945,0.0,0.0,4.430816798843313,0.0,0.0,0.0,0.0,0.0,-0.0,0.0,0.0,0.0,-0.8660254037844386,0.5000000000000001,0.0,0.0,-0.0,0.0,0.0,0.0,-0.0,0.0,0.0,0.0,0.0,0.0,0.0,0.0,0.0,3198.127972056944,6.986194670297566,119.29612237303922,1.324193548387097,0.0,0.0,0.0,0.0,0.0,0.0,0.0,0.0,0.0,0.0,119.29612237303922,3198.127972056944,6.986194670297566,0.0,2.6390573296152584,7.374629015218945,4.430816798843313,0.0,592.6650000000001,126.99,183.0,32.0,0.0,6.905738351254481,1895418.514559129,585257.4188864208,3.0995158997866024,14.444503143677517,0.0,0.0,0.0,0.01334244643542533,0.0,0.0,297665.0
-5.570666666666667,-0.5190000000000001,-10.830833333333334,39.18,19.57383333333333,68.51333333333334,39.44833333333334,30,0.0,25.576,24,0.0,1.9459101490553128,6.150602768446279,2.70805020110221,0.0,0.0,-1.6298568507156688,-3.8918202981106265,-12.301205536892558,-5.41610040220442,488.0,3.0,1,1,1,1,1,1,1,1,1,0,1,1,0,0,1,1,1,1,1,83,24,18,24,1.2083333333333337,53,1,1,FED,NPS,1,II: National park,Fee,National Park,OPEN ACCESS,0,1,0,0,0,1,1,0,0,0,1,0,0,1,1,6.986194670297566,119.29612237303922,0.0,123,50,6,5,5.785727019830275,104.34657778417292,536.2075079648397,3198.127972056944,204.16357058124728,0.233408941903658,0.551434401061142,-0.5000000000000004,0.8660254037844384,0,0,0,1,0,1.914821438590088,4.657255655471723,6.286384440658714,2.9444389791664403,3.218875824868201,4.789956389485572,0.0053541910092922,1.6657446477674875,-1599.0639860284734,2769.6600683549223,0.0,0.0,0.0,-59.64806118651966,103.31347254802908,0.0,-3.493097335148786,0.0,0.0,-0.0,0.0,-0.5000000000000004,0.0,-0.5000000000000004,0.0,-0.5000000000000004,-17815.704889671884,95943.83916170833,125302.65394519106,4674.022074575677,-664.5589323660772,2335.082416642807,-32.23035665180119,0.0,-27.85333333333333,4819.14,3690.0,-38.91776177667098,6223.269678803294,232.1395352686416,0.0,13.594507112208168,239.34694833380348,9.729550745276564,11.25850492755128,46.70184357732751,0.45419282893059,19670.414758778927,733.7430605325212,0.0,42.96930828003685,756.5241405188923,30.7530138422314,35.58570862564253,147.6144664427107,1.4356056842527556,8660.691097879411,323.05988818302274,0.0,18.91896588183852,333.09017473557185,13.54025100551105,15.668039219573869,64.99320482645304,0.6320831320612551,0.0,0.0,0.0,0.0,0.0,0.0,0.0,0.0,0.0,0.0,1.9459101490553128,0.0,0.0,0.0,6.150602768446279,0.0,0.0,0.0,2.70805020110221,0.0,0.0,0.0,0.0,0.0,0.0,76.24075963998716,58.377304471659386,-10.840016803670796,240.9806164677252,184.5180830533884,-34.26295782209141,106.1014068791846,81.2415060330663,-15.085644986940045,0.0,0.0,-0.0,1.9459101490553128,6.150602768446279,2.70805020110221,0.0,1.9459101490553128,0.0,0.0,6.150602768446279,0.0,0.0,2.70805020110221,0.0,0.0,0.0,0.0,0.0,-0.0,0.0,0.0,0.0,-0.5000000000000004,0.8660254037844384,0.0,0.0,-0.0,0.0,0.0,0.0,-0.0,0.0,0.0,0.0,0.0,0.0,0.0,0.0,-0.0,3198.127972056944,6.986194670297566,119.29612237303922,-5.570666666666667,0.0,0.0,0.0,0.0,-0.0,0.0,0.0,0.0,0.0,0.0,119.29612237303922,3198.127972056944,6.986194670297566,0.0,1.9459101490553128,6.150602768446279,2.70805020110221,0.0,631.845,116.805,213.0,62.0,0.0,0.8173978494623656,2020721.16850432,681201.2580481292,2.566798951296591,10.804563118603802,0.0,0.0,0.0,0.009980218996403698,0.0,0.0,157875.0
-10.560967741935483,-5.998387096774193,-15.60532258064516,36.265,18.261935483870968,61.8966129032258,53.85806451612903,31,0.0,22.38741935483871,17,0.0,2.995732273553991,6.75343791859778,3.6375861597263857,0.0,0.0,-1.6298568507156688,-5.991464547107982,-13.50687583719556,-7.275172319452771,912.0,3.0,1,1,1,1,1,1,1,1,1,0,1,1,0,0,1,1,1,1,1,83,24,18,24,1.2083333333333337,53,1,1,FED,NPS,1,II: National park,Fee,National Park,OPEN ACCESS,0,1,0,0,0,1,1,0,0,0,1,0,0,1,1,6.986194670297566,119.29612237303922,0.0,123,50,6,5,5.785727019830275,104.34657778417292,536.2075079648397,3198.127972056944,204.16357058124728,0.233408941903658,0.551434401061142,-2.4492935982947064e-16,1.0,1,0,0,0,0,1.914821438590088,4.657255655471723,6.286384440658714,2.9444389791664403,3.218875824868201,4.789956389485572,0.0053541910092922,1.6657446477674875,-7.833154368486305e-13,3198.127972056944,0.0,3198.127972056944,0.0,-2.9219122882966686e-14,119.29612237303922,0.0,-1.7111241882400426e-15,6.986194670297566,0.0,-0.0,0.0,-2.4492935982947064e-16,0.0,-2.4492935982947064e-16,1.0,-2.4492935982947064e-16,-33775.32634747493,99141.96713376528,115980.11090664507,4326.273877858268,-1259.882500119655,2178.5780902524184,-61.10287642007205,0.0,-52.80483870967742,4460.595,3813.0,-73.7809765518942,9580.735180846765,357.3792439027599,0.0,20.928768843141302,368.47506964714086,14.978661367769954,17.332489159278904,71.89757456529578,0.6992307001968767,21598.358715017588,805.6589563757641,0.0,47.1808319930933,830.672863987527,33.7671895929889,39.07354824237751,162.08251004634673,1.57631279879195,11633.466048188153,433.9499236531927,0.0,25.412885041828662,447.4230976463454,18.18793079863193,21.0460805312896,87.30206783343326,0.8490451366251264,0.0,0.0,0.0,0.0,0.0,0.0,0.0,0.0,0.0,0.0,2.995732273553991,0.0,0.0,0.0,6.75343791859778,0.0,0.0,0.0,3.6375861597263857,0.0,0.0,0.0,0.0,0.0,0.0,108.64023090043548,92.86770048017372,-31.637831904478745,244.9134261179485,209.3565754765312,-71.32284000547507,131.91706208247737,112.76517095151796,-38.416430091381336,0.0,0.0,-0.0,2.995732273553991,6.75343791859778,3.6375861597263857,0.0,2.995732273553991,0.0,0.0,6.75343791859778,0.0,0.0,3.6375861597263857,0.0,0.0,0.0,0.0,0.0,-0.0,0.0,0.0,0.0,-2.4492935982947064e-16,1.0,0.0,1.0,-0.0,0.0,0.0,0.0,-0.0,0.0,0.0,0.0,0.0,0.0,0.0,0.0,-0.0,3198.127972056944,6.986194670297566,119.29612237303922,-10.560967741935483,0.0,0.0,0.0,0.0,-0.0,0.0,1.0,0.0,0.0,0.0,119.29612237303922,3198.127972056944,6.986194670297566,0.0,2.995732273553991,6.75343791859778,3.6375861597263857,0.0,668.11,111.12,244.0,83.0,0.0,-4.935813620071684,2136701.279410965,780343.2251818944,2.769720638046534,13.386756351878157,0.0,0.0,0.0,0.012365401412038473,0.0,13.386756351878157,156165.0
-10.744354838709675,-6.371612903225807,-14.981935483870968,33.739999999999995,20.45403225806452,70.82016129032259,53.20322580645161,31,0.0,24.96370967741936,18,0.0,2.5649493574615367,7.07326971745971,3.9889840465642745,0.0,0.0,-0.6298568507156688,-2.5649493574615367,-7.07326971745971,-3.9889840465642745,1244.0,3.0,1,1,1,1,1,1,1,1,1,0,1,1,0,0,1,1,1,1,1,83,24,18,24,1.2083333333333337,53,1,1,FED,NPS,1,II: National park,Fee,National Park,OPEN ACCESS,0,1,0,0,0,1,1,0,0,0,1,0,0,1,1,6.986194670297566,119.29612237303922,0.0,123,50,6,5,5.785727019830275,104.34657778417292,536.2075079648397,3198.127972056944,204.16357058124728,0.233408941903658,0.551434401061142,0.4999999999999999,0.8660254037844387,1,0,0,0,0,1.914821438590088,4.657255655471723,6.286384440658714,2.9444389791664403,3.218875824868201,4.789956389485572,0.0053541910092922,1.6657446477674875,1599.0639860284718,2769.660068354923,0.0,3198.127972056944,0.0,59.648061186519605,103.31347254802913,0.0,3.493097335148782,6.986194670297566,0.0,0.0,0.0,0.4999999999999999,0.0,0.4999999999999999,1.0,0.4999999999999999,-34361.82175138279,99141.96713376528,107904.83777720128,4025.051168866343,-1281.7598696580656,2440.0867352801565,-62.163904100966725,0.0,-53.72177419354838,4150.02,3813.0,-75.0621545099794,8203.036287007226,305.9885124283798,0.0,17.919235530680954,315.488770967769,12.824746787307683,14.840096801961517,61.558784579076885,0.5986821155615647,22621.22173731121,843.8136497915862,0.0,49.4152392016942,870.0121752475443,35.36634858729855,40.9240077228539,169.75847321903305,1.6509644005514568,12757.281459406106,475.8703289630329,0.0,27.86781908600935,490.6450377274058,19.94492023282137,23.07917277987883,95.7356171175426,0.9310645455791392,0.0,0.0,0.0,0.0,0.0,0.0,0.0,0.0,0.0,0.0,2.5649493574615367,0.0,0.0,0.0,7.07326971745971,0.0,0.0,0.0,3.9889840465642745,0.0,0.0,0.0,0.0,0.0,0.0,86.54139132075224,79.51343008130763,-27.558726039887134,238.6521202670906,219.271361241251,-75.99771971428686,134.5883217310786,123.65850544349252,-42.85906004223857,0.0,0.0,-0.0,2.5649493574615367,7.07326971745971,3.9889840465642745,0.0,2.5649493574615367,0.0,0.0,7.07326971745971,0.0,0.0,3.9889840465642745,0.0,0.0,0.0,0.0,0.0,0.0,0.0,0.0,0.0,0.4999999999999999,0.8660254037844387,0.0,1.0,0.0,0.0,0.0,0.0,0.0,0.0,0.0,0.0,0.0,0.0,0.0,0.0,-0.0,3198.127972056944,6.986194670297566,119.29612237303922,-10.744354838709675,0.0,0.0,0.0,0.0,-0.0,0.0,1.0,0.0,0.0,0.0,119.29612237303922,3198.127972056944,6.986194670297566,0.0,2.5649493574615367,7.07326971745971,3.9889840465642745,0.0,33.739999999999995,109.185,31.0,92.0,0.0,-8.958663082437276,107904.83777720128,99141.96713376528,2.9494031711214066,13.627203121485522,0.0,0.0,0.0,0.012587503073282635,0.0,13.627203121485522,140715.0
-11.074642857142855,-7.631785714285714,-14.705,86.815,23.381785714285712,79.55142857142857,71.08392857142857,28,0.0,24.83875,18,0.0,1.9459101490553128,6.302618975744905,3.1354942159291497,0.0,0.0,-0.6298568507156688,-1.9459101490553128,-6.302618975744905,-3.1354942159291497,573.0,3.0,1,1,1,1,1,1,1,1,1,0,1,1,0,0,1,1,1,1,1,83,24,18,24,1.2083333333333337,53,1,1,FED,NPS,1,II: National park,Fee,National Park,OPEN ACCESS,0,1,0,0,0,1,1,0,0,0,1,0,0,1,1,6.986194670297566,119.29612237303922,0.0,123,50,6,5,5.785727019830275,104.34657778417292,536.2075079648397,3198.127972056944,204.16357058124728,0.233408941903658,0.551434401061142,0.8660254037844386,0.5000000000000001,1,0,0,0,0,1.914821438590088,4.657255655471723,6.286384440658714,2.9444389791664403,3.218875824868201,4.789956389485572,0.0053541910092922,1.6657446477674875,2769.6600683549227,1599.0639860284723,0.0,3198.127972056944,0.0,103.3134725480291,59.64806118651963,0.0,6.050222060261143,6.986194670297566,0.0,0.0,0.0,0.8660254037844386,0.0,0.8660254037844386,1.0,0.8660254037844386,-35418.1251019692,89547.58321759444,277645.4798941236,10356.6928638154,-1321.1619495234188,2789.356369871609,-64.07486041354177,0.0,-55.37321428571428,10678.245,3444.0,-77.36961090402042,6223.269678803294,232.1395352686416,0.0,13.594507112208168,239.34694833380348,9.729550745276564,11.25850492755128,46.70184357732751,0.45419282893059,20156.582043546667,751.8780046011034,0.0,44.03132309726536,775.2221340166234,31.513094878724527,36.46523290366231,151.26285541787772,1.471087626350535,10027.71175818577,374.0523016834405,0.0,21.905172980073072,385.66578855928543,15.677471079645748,18.141113605622824,75.25186118229959,0.7318523872850625,0.0,0.0,0.0,0.0,0.0,0.0,0.0,0.0,0.0,0.0,1.9459101490553128,0.0,0.0,0.0,6.302618975744905,0.0,0.0,0.0,3.1354942159291497,0.0,0.0,0.0,0.0,0.0,0.0,168.93418959023697,54.48548417354876,-21.550259932877207,547.1618663792939,176.47333132085734,-69.79925422102633,272.2079303558891,87.79383804601619,-34.724478622052494,0.0,0.0,-0.0,1.9459101490553128,6.302618975744905,3.1354942159291497,0.0,1.9459101490553128,0.0,0.0,6.302618975744905,0.0,0.0,3.1354942159291497,0.0,0.0,0.0,0.0,0.0,0.0,0.0,0.0,0.0,0.8660254037844386,0.5000000000000001,0.0,1.0,0.0,0.0,0.0,0.0,0.0,0.0,0.0,0.0,0.0,0.0,0.0,0.0,-0.0,3198.127972056944,6.986194670297566,119.29612237303922,-11.074642857142855,0.0,0.0,0.0,0.0,-0.0,0.0,1.0,0.0,0.0,0.0,119.29612237303922,3198.127972056944,6.986194670297566,0.0,1.9459101490553128,6.302618975744905,3.1354942159291497,0.0,120.555,156.82,59.0,90.0,0.0,-10.793321812596004,385550.3176713249,188689.5503513597,2.642088781259607,11.384023340729367,0.0,0.0,0.0,0.010515468765694248,0.0,11.384023340729367,133771.0
-7.073709677419354,-2.3151612903225804,-11.800483870967742,96.46,17.541612903225804,60.923870967741934,51.62096774193548,31,0.0,25.73758064516129,25,0.0,2.302585092994046,6.687108607866515,3.4339872044851463,0.0,0.0,-0.6298568507156688,-2.302585092994046,-6.687108607866515,-3.4339872044851463,840.0,3.0,1,1,1,1,1,1,1,1,1,0,1,1,0,0,1,1,1,1,1,83,24,18,24,1.2083333333333337,53,1,1,FED,NPS,1,II: National park,Fee,National Park,OPEN ACCESS,0,1,0,0,0,1,1,0,0,0,1,0,0,1,1,6.986194670297566,119.29612237303922,0.0,123,50,6,5,5.785727019830275,104.34657778417292,536.2075079648397,3198.127972056944,204.16357058124728,0.233408941903658,0.551434401061142,1.0,6.123233995736766e-17,0,1,0,0,0,1.914821438590088,4.657255655471723,6.286384440658714,2.9444389791664403,3.218875824868201,4.789956389485572,0.0053541910092922,1.6657446477674875,3198.127972056944,1.9582885921215768e-13,0.0,0.0,0.0,119.29612237303922,7.304780720741671e-15,0.0,6.986194670297566,0.0,0.0,0.0,0.0,1.0,0.0,1.0,0.0,1.0,-22622.62878556474,99141.96713376528,308491.4241846128,11507.303964103365,-843.8661353087712,2092.646399523709,-40.926553211080055,0.0,-35.36854838709677,11864.58,3813.0,-49.41831284761941,7363.961793945598,274.6894730281536,0.0,16.08630770458163,283.21796643826764,11.51292546497023,13.322128787994057,55.2620422318571,0.5374439501988761,21386.22909100067,797.7461268058477,0.0,46.71744251597802,822.5143587675813,33.43554303933257,38.68978495707291,160.49060658879637,1.5608309445569666,10982.330534349576,409.6613577737109,0.0,23.99050310584417,422.38042615167296,17.16993602242573,19.868112554741145,82.41569290764352,0.8015233199095784,0.0,0.0,0.0,0.0,0.0,0.0,0.0,0.0,0.0,0.0,2.302585092994046,0.0,0.0,0.0,6.687108607866515,0.0,0.0,0.0,3.4339872044851463,0.0,0.0,0.0,0.0,0.0,0.0,222.1073580702057,71.38013788281542,-16.287818455393527,645.038496314804,207.30036684386195,-47.30266487341963,331.2424057446372,106.45360333903952,-24.291028520500813,0.0,0.0,-0.0,2.302585092994046,6.687108607866515,3.4339872044851463,0.0,2.302585092994046,0.0,0.0,6.687108607866515,0.0,0.0,3.4339872044851463,0.0,0.0,0.0,0.0,0.0,0.0,0.0,0.0,0.0,1.0,6.123233995736766e-17,0.0,0.0,0.0,0.0,0.0,0.0,0.0,0.0,0.0,0.0,0.0,0.0,0.0,0.0,-0.0,3198.127972056944,6.986194670297566,119.29612237303922,-7.073709677419354,0.0,0.0,0.0,0.0,-0.0,0.0,0.0,0.0,0.0,0.0,119.29612237303922,3198.127972056944,6.986194670297566,0.0,2.302585092994046,6.687108607866515,3.4339872044851463,0.0,217.015,217.015,90.0,90.0,0.0,-9.630902457757296,694041.7418559376,287831.517485125,2.7823626623780053,12.423680905345705,0.0,0.0,0.0,0.011475804696193175,0.0,0.0,155819.0
-3.643166666666666,1.5665,-8.740166666666665,74.5,16.518,57.63699999999999,44.975,30,0.0,27.120166666666663,25,0.0,2.302585092994046,6.997595982981927,3.7612001156935615,0.0,0.0,-0.6298568507156688,-2.302585092994046,-6.997595982981927,-3.7612001156935615,1144.0,3.0,1,1,1,1,1,1,1,1,1,0,1,1,0,0,1,1,1,1,1,83,24,18,24,1.2083333333333337,53,1,1,FED,NPS,1,II: National park,Fee,National Park,OPEN ACCESS,0,1,0,0,0,1,1,0,0,0,1,0,0,1,1,6.986194670297566,119.29612237303922,0.0,123,50,6,5,5.785727019830275,104.34657778417292,536.2075079648397,3198.127972056944,204.16357058124728,0.233408941903658,0.551434401061142,0.8660254037844387,-0.4999999999999998,0,1,0,0,0,1.914821438590088,4.657255655471723,6.286384440658714,2.9444389791664403,3.218875824868201,4.789956389485572,0.0053541910092922,1.6657446477674875,2769.660068354923,-1599.0639860284714,0.0,0.0,0.0,103.31347254802913,-59.648061186519584,0.0,6.050222060261143,0.0,0.0,0.0,0.0,0.8660254037844387,0.0,0.8660254037844387,0.0,0.8660254037844387,-11651.313223532125,95943.83916170833,238260.53391824235,8887.561116791423,-434.615656492044,1970.533349357862,-21.078367821078327,0.0,-18.21583333333333,9163.5,3690.0,-25.45187154967241,7363.961793945598,274.6894730281536,0.0,16.08630770458163,283.21796643826764,11.51292546497023,13.322128787994057,55.2620422318571,0.5374439501988761,22379.20745032781,834.7860667028997,0.0,48.886567761204,860.7043059067771,34.98797991490964,40.48618015259433,167.94230359156626,1.6333014742570993,12028.799298503394,448.6965892712684,0.0,26.276476202180948,462.627614230308,18.80600057846781,21.761277136356995,90.26880277664549,0.8778977392919503,0.0,0.0,0.0,0.0,0.0,0.0,0.0,0.0,0.0,0.0,2.302585092994046,0.0,0.0,0.0,6.997595982981927,0.0,0.0,0.0,3.7612001156935615,0.0,0.0,0.0,0.0,0.0,0.0,171.54258942805643,69.07755278982138,-8.388701257959474,521.3209007321536,209.92787948945784,-25.49340843200032,280.20940861917035,112.83600347080684,-13.702678888157592,0.0,0.0,-0.0,2.302585092994046,6.997595982981927,3.7612001156935615,0.0,2.302585092994046,0.0,0.0,6.997595982981927,0.0,0.0,3.7612001156935615,0.0,0.0,0.0,0.0,0.0,0.0,-0.0,0.0,0.0,0.8660254037844387,-0.4999999999999998,0.0,0.0,0.0,-0.0,0.0,0.0,0.0,-0.0,0.0,0.0,0.0,0.0,0.0,0.0,-0.0,3198.127972056944,6.986194670297566,119.29612237303922,-3.643166666666666,0.0,0.0,0.0,0.0,-0.0,0.0,0.0,0.0,0.0,0.0,119.29612237303922,3198.127972056944,6.986194670297566,0.0,2.302585092994046,6.997595982981927,3.7612001156935615,0.0,291.515,257.775,120.0,89.0,0.0,-7.263839733742959,932302.27577418,383775.3566468333,2.9305832356541703,13.061381191669536,0.0,0.0,0.0,0.012064851050193615,0.0,0.0,183792.0
1.6751612903225803,6.557903225806451,-3.2306451612903224,87.42,14.674193548387098,52.49177419354838,54.12419354838709,28,0.0,33.58483870967742,26,0.0,2.772588722239781,7.66105638236183,5.068904202220232,0.0,0.0,-0.6298568507156688,-2.772588722239781,-7.66105638236183,-5.068904202220232,2296.0,3.0,1,1,1,1,1,1,1,1,1,0,1,1,0,0,1,1,1,1,1,83,24,18,24,1.2083333333333337,53,1,1,FED,NPS,1,II: National park,Fee,National Park,OPEN ACCESS,0,1,0,0,0,1,1,0,0,0,1,0,0,1,1,6.986194670297566,119.29612237303922,0.0,123,50,6,5,5.785727019830275,104.34657778417292,536.2075079648397,3198.127972056944,204.16357058124728,0.233408941903658,0.551434401061142,0.4999999999999999,-0.8660254037844387,0,1,0,0,0,1.914821438590088,4.657255655471723,6.286384440658714,2.9444389791664403,3.218875824868201,4.789956389485572,0.0053541910092922,1.6657446477674875,1599.0639860284718,-2769.660068354923,0.0,0.0,0.0,59.648061186519605,-103.31347254802913,0.0,3.493097335148782,0.0,0.0,0.0,0.0,0.4999999999999999,0.0,0.4999999999999999,0.0,0.4999999999999999,5357.380180287648,89547.58321759444,279580.3473172181,10428.86701785109,199.84024628490084,1750.57438927405,9.6920259399931,0.0,8.375806451612902,10752.66,3444.0,11.703002878340405,8867.093547604665,330.7590834984254,0.0,19.369844554238696,341.0284128354931,13.862943611198906,16.041441485139398,66.54212933375474,0.6471469999920024,24501.038711936748,913.93431969699,0.0,53.52163126730537,942.309935030505,38.305281911809146,44.324780911874015,183.86535317668395,1.7881590640713405,16211.004316797516,604.7006160052777,0.0,35.41235152179993,623.4752168730886,25.34452101110116,29.32729600371682,121.6537008532856,1.1831275664512302,0.0,0.0,0.0,0.0,0.0,0.0,0.0,0.0,0.0,0.0,2.772588722239781,0.0,0.0,0.0,7.66105638236183,0.0,0.0,0.0,5.068904202220232,0.0,0.0,0.0,0.0,0.0,0.0,242.37970609820167,77.63248422271387,4.644533301481026,669.7295489460712,214.50957870613124,12.83350509471128,443.12360535809273,141.9293176621665,8.491232103912795,0.0,0.0,0.0,2.772588722239781,7.66105638236183,5.068904202220232,0.0,2.772588722239781,0.0,0.0,7.66105638236183,0.0,0.0,5.068904202220232,0.0,0.0,0.0,0.0,0.0,0.0,-0.0,0.0,0.0,0.4999999999999999,-0.8660254037844387,0.0,0.0,0.0,-0.0,0.0,0.0,0.0,-0.0,0.0,0.0,0.0,0.0,0.0,0.0,0.0,3198.127972056944,6.986194670297566,119.29612237303922,1.6751612903225803,0.0,0.0,0.0,0.0,0.0,0.0,0.0,0.0,0.0,0.0,119.29612237303922,3198.127972056944,6.986194670297566,0.0,2.772588722239781,7.66105638236183,5.068904202220232,0.0,378.935,258.38,148.0,89.0,0.0,-3.013905017921147,1211882.623091398,473322.9398644277,3.265504768285881,15.502549306821845,0.0,0.0,0.0,0.014319767989343894,0.0,0.0,335060.0
9.017666666666669,15.431333333333331,2.506333333333333,59.1,13.499,47.5855,40.15,5,0.0,37.25016666666667,30,0.0,3.091042453358316,8.207946941048617,5.963579343618446,0.0,0.0,-0.6298568507156688,-3.091042453358316,-8.207946941048617,-5.963579343618446,4078.0,3.0,1,1,1,1,1,1,1,1,1,0,1,1,0,0,1,1,1,1,1,83,24,18,24,1.2083333333333337,53,1,1,FED,NPS,1,II: National park,Fee,National Park,OPEN ACCESS,0,1,0,0,0,1,1,0,0,0,1,0,0,1,1,6.986194670297566,119.29612237303922,0.0,123,50,6,5,5.785727019830275,104.34657778417292,536.2075079648397,3198.127972056944,204.16357058124728,0.233408941903658,0.551434401061142,1.2246467991473532e-16,-1.0,0,0,1,0,1,1.914821438590088,4.657255655471723,6.286384440658714,2.9444389791664403,3.218875824868201,4.789956389485572,0.0053541910092922,1.6657446477674875,3.916577184243153e-13,-3198.127972056944,3198.127972056944,0.0,119.29612237303922,1.4609561441483343e-14,-119.29612237303922,6.986194670297566,8.555620941200213e-16,0.0,0.0,0.0,1.0,1.2246467991473532e-16,1.0,1.2246467991473532e-16,0.0,1.2246467991473532e-16,28839.652009352176,15990.63986028472,189009.3631485654,7050.400832246618,1075.7726661859435,1610.3783559136566,52.17375768915616,0.0,45.08833333333335,7269.3,615.0,62.9991748051867,9885.549332900751,368.74937877609307,0.0,21.594624313315386,380.19822176307287,15.45521226679158,17.88392784183767,74.18501888059959,0.7214769484176516,26250.06470532681,979.1762427107489,0.0,57.34231517363906,1009.57747374898,41.039734705243085,47.48894039415824,196.9907265851668,1.915808210711524,19072.28991240714,711.431891157635,0.0,41.66272622628384,733.5202592650688,29.81789671809223,34.50364214327494,143.1259042468427,1.3919527445524926,0.0,0.0,0.0,0.0,0.0,0.0,0.0,0.0,0.0,0.0,3.091042453358316,0.0,0.0,0.0,8.207946941048617,0.0,0.0,0.0,5.963579343618446,0.0,0.0,0.0,0.0,0.0,0.0,182.68060899347648,15.45521226679158,27.87399049690085,485.0896642159733,41.039734705243085,74.01652953206276,352.4475392078502,29.81789671809223,53.77757066096995,0.0,0.0,0.0,3.091042453358316,8.207946941048617,5.963579343618446,0.0,3.091042453358316,0.0,0.0,8.207946941048617,0.0,0.0,5.963579343618446,0.0,0.0,0.0,0.0,0.0,0.0,-0.0,0.0,0.0,1.2246467991473532e-16,-1.0,1.0,0.0,0.0,-0.0,0.0,0.0,0.0,-0.0,0.0,0.0,0.0,0.0,0.0,0.0,0.0,3198.127972056944,6.986194670297566,119.29612237303922,9.017666666666669,0.0,0.0,0.0,0.0,0.0,1.0,0.0,0.0,0.0,1.0,119.29612237303922,3198.127972056944,6.986194670297566,0.0,3.091042453358316,8.207946941048617,5.963579343618446,0.0,438.035,221.02,153.0,63.0,0.0,2.349887096774194,1400891.9862399634,489313.5797247125,3.5585645591259865,17.26256873802538,0.0,1.0,0.0,0.015945505112494412,17.26256873802538,0.0,671232.0
12.514354838709677,18.576290322580647,6.4511290322580646,93.05,12.601935483870967,42.82209677419355,40.46935483870968,0,0.0,43.11435483870968,30,0.0,3.4011973816621555,8.372629740224884,6.2766434893416445,0.0,0.0,-0.6298568507156688,-3.4011973816621555,-8.372629740224884,-6.2766434893416445,4886.0,3.0,1,1,1,1,1,1,1,1,1,0,1,1,0,0,1,1,1,1,1,83,24,18,24,1.2083333333333337,53,1,1,FED,NPS,1,II: National park,Fee,National Park,OPEN ACCESS,0,1,0,0,0,1,1,0,0,0,1,0,0,1,1,6.986194670297566,119.29612237303922,0.0,123,50,6,5,5.785727019830275,104.34657778417292,536.2075079648397,3198.127972056944,204.16357058124728,0.233408941903658,0.551434401061142,-0.4999999999999997,-0.8660254037844388,0,0,1,0,1,1.914821438590088,4.657255655471723,6.286384440658714,2.9444389791664403,3.218875824868201,4.789956389485572,0.0053541910092922,1.6657446477674875,-1599.0639860284712,-2769.660068354924,3198.127972056944,0.0,119.29612237303922,-59.64806118651958,-103.31347254802913,6.986194670297566,-3.4930973351487813,0.0,0.0,-0.0,1.0,-0.4999999999999997,1.0,-0.4999999999999997,0.0,-0.4999999999999997,40022.50826192358,0.0,297585.80779989867,11100.5041868113,1492.9140062583451,1503.3620376210165,72.40464092606632,0.0,62.57177419354839,11445.15,0.0,87.4277190764061,10877.464484780578,405.7496590576291,0.0,23.761427020398187,418.3472779444451,17.005986908310778,19.67839959085872,81.62873715989173,0.7938698820592557,26776.741371889068,998.8222620740154,0.0,58.49282126753398,1029.8334580476608,41.863148701124416,48.44175011505365,200.9431137653972,1.954246648616989,20073.50911389261,748.7792297964407,0.0,43.849853292596514,772.0271491890222,31.383217446708223,36.31494583012573,150.63944374419947,1.465024715553717,0.0,0.0,0.0,0.0,0.0,0.0,0.0,0.0,0.0,0.0,3.4011973816621555,0.0,0.0,0.0,8.372629740224884,0.0,0.0,0.0,6.2766434893416445,0.0,0.0,0.0,0.0,0.0,0.0,316.4814163636636,0.0,42.56379091061048,779.0731973279254,0.0,104.77805950230784,584.04167668324,0.0,78.5481438216982,0.0,0.0,0.0,3.4011973816621555,8.372629740224884,6.2766434893416445,0.0,3.4011973816621555,0.0,0.0,8.372629740224884,0.0,0.0,6.2766434893416445,0.0,0.0,0.0,0.0,0.0,-0.0,-0.0,0.0,0.0,-0.4999999999999997,-0.8660254037844388,1.0,0.0,-0.0,-0.0,0.0,0.0,-0.0,-0.0,0.0,0.0,0.0,0.0,0.0,0.0,0.0,3198.127972056944,6.986194670297566,119.29612237303922,12.514354838709677,0.0,0.0,0.0,0.0,0.0,1.0,0.0,0.0,0.0,1.0,119.29612237303922,3198.127972056944,6.986194670297566,0.0,3.4011973816621555,8.372629740224884,6.2766434893416445,0.0,531.085,239.57,153.0,33.0,0.0,7.735727598566309,1698477.7940398622,489313.5797247125,3.633659934854983,18.050470611228683,0.0,1.0,0.0,0.01667329328457756,18.050470611228683,0.0,904767.0
11.322258064516127,17.58516129032258,5.306451612903226,58.62500000000001,15.616612903225809,52.346774193548384,32.9741935483871,1,0.0,38.87790322580645,30,1.0,3.6635616461296463,8.350193650720067,5.762051382780177,9.575330647518628,9.575330647518628,-0.6298568507156688,-3.6635616461296463,-8.350193650720067,-5.762051382780177,18989.0,4.0,1,1,1,1,1,1,1,1,1,0,1,1,0,0,1,1,1,1,1,83,24,18,24,1.2083333333333337,53,1,1,FED,NPS,1,II: National park,Fee,National Park,OPEN ACCESS,0,1,0,0,0,1,1,0,0,0,1,0,0,1,1,6.986194670297566,119.29612237303922,0.0,123,50,6,5,5.785727019830275,104.34657778417292,536.2075079648397,3198.127972056944,204.16357058124728,0.233408941903658,0.551434401061142,-0.8660254037844385,-0.5000000000000004,0,0,1,0,1,1.914821438590088,4.657255655471723,6.286384440658714,2.9444389791664403,3.218875824868201,4.789956389485572,0.0053541910092922,1.6657446477674875,-2769.6600683549223,-1599.0639860284734,3198.127972056944,0.0,119.29612237303922,-103.31347254802908,-59.64806118651966,6.986194670297566,-6.050222060261142,0.0,0.0,-0.0,1.0,-0.8660254037844385,1.0,-0.8660254037844385,0.0,-0.8660254037844385,36210.03022297634,3198.127972056944,187490.2523618384,6993.735174119425,1350.7014836036462,1863.001363955609,65.5074944093622,0.0,56.61129032258064,7210.875000000001,123.0,79.0994989460562,11716.538977842203,437.0486984578553,0.0,25.59435484649752,450.6180824739465,18.317808230648232,21.19636760482617,87.9254795071115,0.8551080474219442,26704.987886460138,996.1457235948762,0.0,58.33607837861311,1027.0738190385682,41.750968253600334,48.3119410257863,200.40464761728165,1.9490098647052136,18427.77770369868,687.3903868798839,0.0,40.25481266035959,708.7323200819618,28.810256913900886,33.337656375001664,138.28923318672423,1.3449143164492303,30623.132785523456,1142.2998166886953,0.0,66.89512393603158,1177.7656696447912,47.87665323759314,55.40024925115745,229.8079355404471,2.234967794814992,0.0,3.6635616461296463,0.0,0.0,0.0,8.350193650720067,0.0,0.0,0.0,5.762051382780177,0.0,0.0,0.0,9.575330647518628,0.0,0.0,214.77630150435053,3.6635616461296463,41.47979039274337,489.530102773464,8.350193650720067,94.54304740213664,337.8002623154879,5.762051382780177,65.23943273683916,561.3537592107797,9.575330647518628,108.41436464427622,3.6635616461296463,8.350193650720067,5.762051382780177,9.575330647518628,3.6635616461296463,0.0,0.0,8.350193650720067,0.0,0.0,5.762051382780177,0.0,0.0,9.575330647518628,0.0,0.0,-0.0,-0.0,0.0,0.0,-0.8660254037844385,-0.5000000000000004,1.0,0.0,-0.0,-0.0,0.0,0.0,-0.0,-0.0,0.0,0.0,0.0,0.0,0.0,0.0,0.0,3198.127972056944,6.986194670297566,119.29612237303922,11.322258064516127,0.0,0.0,0.0,0.0,0.0,1.0,0.0,0.0,0.0,1.0,119.29612237303922,3198.127972056944,6.986194670297566,0.0,3.6635616461296463,8.350193650720067,5.762051382780177,9.575330647518628,589.71,210.775,154.0,6.0,0.0,10.95142652329749,1885968.0464017007,492511.7076967694,2.646660336757256,27.351137327148514,0.0,1.0,0.0,0.025264357043334844,27.351137327148514,0.0,746343.0
8.803166666666666,15.305333333333332,2.837333333333333,42.39,15.449333333333332,52.07483333333334,33.26166666666667,5,0.0,33.9665,28,1.0,3.1354942159291497,8.286017468404763,5.342334251964811,9.128479345495862,9.128479345495862,-0.6298568507156688,-3.1354942159291497,-8.286017468404763,-5.342334251964811,13410.0,4.0,1,1,1,1,1,1,1,1,1,0,1,1,0,0,1,1,1,1,1,83,24,18,24,1.2083333333333337,53,1,1,FED,NPS,1,II: National park,Fee,National Park,OPEN ACCESS,0,1,0,0,0,1,1,0,0,0,1,0,0,1,1,6.986194670297566,119.29612237303922,0.0,123,50,6,5,5.785727019830275,104.34657778417292,536.2075079648397,3198.127972056944,204.16357058124728,0.233408941903658,0.551434401061142,-1.0,-1.8369701987210292e-16,0,0,0,1,0,1.914821438590088,4.657255655471723,6.286384440658714,2.9444389791664403,3.218875824868201,4.789956389485572,0.0053541910092922,1.6657446477674875,-3198.127972056944,-5.874865776364728e-13,0.0,0.0,0.0,-119.29612237303922,-2.1914342162225013e-14,0.0,-6.986194670297566,0.0,0.0,-0.0,0.0,-1.0,0.0,-1.0,0.0,-1.0,28153.653559345952,15990.63986028472,135568.64473549387,5056.962627393133,1050.1836479369265,1843.0455599152071,50.93271924340255,0.0,44.01583333333333,5213.97,615.0,61.500636048407856,10027.71175818577,374.0523016834405,0.0,21.905172980073072,385.66578855928543,15.677471079645748,18.141113605622824,75.25186118229959,0.7318523872850625,26499.74424265774,988.4897538959552,0.0,57.88773107576189,1019.1801486137858,41.43008734202382,47.94063515373509,198.8644192417143,1.9340305698955824,17085.468607286573,637.319760680073,0.0,37.322587078024696,657.1071129916718,26.71167125982405,30.909287630557564,128.21602204715546,1.2469485850467767,29194.04513717438,1088.9921890800354,0.0,63.7733337514246,1122.802959495991,45.64239672747931,52.81488959919799,219.08350429190068,2.1306687052215856,0.0,3.1354942159291497,0.0,0.0,0.0,8.286017468404763,0.0,0.0,0.0,5.342334251964811,0.0,0.0,0.0,9.128479345495862,0.0,0.0,132.91359981323666,15.677471079645748,27.602278165193624,351.2442804856779,41.43008734202382,72.94319277727853,226.4615489407884,26.71167125982405,47.02945880908822,386.9562394555696,45.64239672747931,80.3595250916243,3.1354942159291497,8.286017468404763,5.342334251964811,9.128479345495862,3.1354942159291497,0.0,0.0,8.286017468404763,0.0,0.0,5.342334251964811,0.0,0.0,9.128479345495862,0.0,0.0,-0.0,-0.0,0.0,0.0,-1.0,-1.8369701987210292e-16,0.0,0.0,-0.0,-0.0,0.0,0.0,-0.0,-0.0,0.0,0.0,0.0,0.0,0.0,0.0,0.0,3198.127972056944,6.986194670297566,119.29612237303922,8.803166666666666,0.0,0.0,0.0,0.0,0.0,0.0,0.0,0.0,0.0,0.0,119.29612237303922,3198.127972056944,6.986194670297566,0.0,3.1354942159291497,8.286017468404763,5.342334251964811,9.128479345495862,632.1,194.065,159.0,6.0,0.0,10.87992652329749,2021536.6911371944,508502.3475570541,2.754145527571739,25.892325281794584,0.0,0.0,0.0,0.02391684641033618,0.0,0.0,521233.0
-0.4085483870967741,4.80483870967742,-5.364516129032259,57.725,17.860967741935486,58.391129032258064,54.57903225806452,28,0.0,33.68016129032258,23,1.0,2.70805020110221,8.060855752934316,5.056245805348308,9.16303909885817,9.16303909885817,-0.6298568507156688,-2.70805020110221,-8.060855752934316,-5.056245805348308,12874.0,4.0,1,1,1,1,1,1,1,1,1,0,1,1,0,0,1,1,1,1,1,83,24,18,24,1.2083333333333337,53,1,1,FED,NPS,1,II: National park,Fee,National Park,OPEN ACCESS,0,1,0,0,0,1,1,0,0,0,1,0,0,1,1,6.986194670297566,119.29612237303922,0.0,123,50,6,5,5.785727019830275,104.34657778417292,536.2075079648397,3198.127972056944,204.16357058124728,0.233408941903658,0.551434401061142,-0.8660254037844386,0.5000000000000001,0,0,0,1,0,1.914821438590088,4.657255655471723,6.286384440658714,2.9444389791664403,3.218875824868201,4.789956389485572,0.0053541910092922,1.6657446477674875,-2769.6600683549227,1599.0639860284723,0.0,0.0,0.0,-103.3134725480291,59.64806118651963,0.0,-6.050222060261143,0.0,0.0,-0.0,0.0,-0.8660254037844386,0.0,-0.8660254037844386,0.0,-0.8660254037844386,-1306.5900247129416,89547.58321759444,184611.9371869871,6886.36866398369,-48.73823838240456,2130.7441934428416,-2.3637494421338845,0.0,-2.0427419354838703,7100.175,3444.0,-2.8541985644941503,8660.691097879411,323.05988818302274,0.0,18.91896588183852,333.09017473557185,13.54025100551105,15.668039219573869,64.99320482645304,0.6320831320612551,25779.64826217537,961.6288343334694,0.0,56.31470749918719,991.4852576109208,40.30427876467158,46.63791093270638,193.4605380704236,1.881475812130413,16170.521143680013,603.190518342998,0.0,35.32391749703877,621.9182340578418,25.28122902674154,29.25405797490719,121.34989932835938,1.1801729834311576,29304.571651109767,1093.1150336463272,0.0,64.01477491617115,1127.0538091595547,45.81519549429085,53.01484289802496,219.91293837259605,2.138735260686333,0.0,2.70805020110221,0.0,0.0,0.0,8.060855752934316,0.0,0.0,0.0,5.056245805348308,0.0,0.0,0.0,9.16303909885817,0.0,0.0,156.3221978586251,75.82540563086188,-1.1063695418374029,465.3128983381334,225.70396108216084,-3.2932496164810674,291.8717891137311,141.5748825497526,-2.065721068539881,528.9364319815878,256.5650947680288,-3.743544844743184,2.70805020110221,8.060855752934316,5.056245805348308,9.16303909885817,2.70805020110221,0.0,0.0,8.060855752934316,0.0,0.0,5.056245805348308,0.0,0.0,9.16303909885817,0.0,0.0,-0.0,0.0,0.0,0.0,-0.8660254037844386,0.5000000000000001,0.0,0.0,-0.0,0.0,0.0,0.0,-0.0,0.0,0.0,0.0,0.0,0.0,0.0,0.0,-0.0,3198.127972056944,6.986194670297566,119.29612237303922,-0.4085483870967741,0.0,0.0,0.0,0.0,-0.0,0.0,0.0,0.0,0.0,0.0,119.29612237303922,3198.127972056944,6.986194670297566,0.0,2.70805020110221,8.060855752934316,5.056245805348308,9.16303909885817,689.825,158.74,187.0,34.0,0.0,6.57229211469534,2206148.628324182,598049.9307746486,2.9289029766913908,24.988190858243,0.0,0.0,0.0,0.023081693757685654,0.0,0.0,352736.0
-3.762166666666667,0.4238333333333334,-8.221,38.625,20.961666666666662,69.37899999999999,63.115,30,0.0,30.02283333333333,21,1.0,2.4849066497880004,7.215975002651466,3.912023005428146,8.962263554116761,8.962263554116761,-0.6298568507156688,-2.4849066497880004,-7.215975002651466,-3.912023005428146,9222.0,4.0,1,1,1,1,1,1,1,1,1,0,1,1,0,0,1,1,1,1,1,83,24,18,24,1.2083333333333337,53,1,1,FED,NPS,1,II: National park,Fee,National Park,OPEN ACCESS,0,1,0,0,0,1,1,0,0,0,1,0,0,1,1,6.986194670297566,119.29612237303922,0.0,123,50,6,5,5.785727019830275,104.34657778417292,536.2075079648397,3198.127972056944,204.16357058124728,0.233408941903658,0.551434401061142,-0.5000000000000004,0.8660254037844384,0,0,0,1,0,1.914821438590088,4.657255655471723,6.286384440658714,2.9444389791664403,3.218875824868201,4.789956389485572,0.0053541910092922,1.6657446477674875,-1599.0639860284734,2769.6600683549223,0.0,0.0,0.0,-59.64806118651966,103.31347254802908,0.0,-3.493097335148786,0.0,0.0,-0.0,0.0,-0.5000000000000004,0.0,-0.5000000000000004,0.0,-0.5000000000000004,-12031.8904522069,95943.83916170833,123527.69292069948,4607.81272665864,-448.81189505443575,2500.645551809524,-21.76686933643813,0.0,-18.81083333333333,4750.875,3690.0,-26.28322871543783,7947.049464637313,296.4397277786882,0.0,17.360041592935907,305.64351792392404,12.42453324894,14.37699154543436,59.63775959491201,0.5799994318563808,23077.611501643336,860.8378369571013,0.0,50.41220610452414,887.5649253261303,36.07987501325733,41.74966154726042,173.1834000636352,1.6842730901721243,12511.150200990029,466.6891751817008,0.0,27.33015427060358,481.17882966766194,19.56011502714073,22.633897204703263,93.8885521302755,0.9131011503997516,28662.4657653673,1069.1632896913427,0.0,62.61211787557264,1102.3584171563616,44.811317770583805,51.853210403893456,215.0943252988023,2.0918724532281106,0.0,2.4849066497880004,0.0,0.0,0.0,7.215975002651466,0.0,0.0,0.0,3.912023005428146,0.0,0.0,0.0,8.962263554116761,0.0,0.0,95.97951934806152,74.54719949364001,-9.348632967610756,278.7170344774129,216.479250079544,-27.14770062247526,151.1018885846621,117.36069016284438,-14.717682550254924,346.16742977775993,268.86790662350285,-33.71752920117961,2.4849066497880004,7.215975002651466,3.912023005428146,8.962263554116761,2.4849066497880004,0.0,0.0,7.215975002651466,0.0,0.0,3.912023005428146,0.0,0.0,8.962263554116761,0.0,0.0,-0.0,0.0,0.0,0.0,-0.5000000000000004,0.8660254037844384,0.0,0.0,-0.0,0.0,0.0,0.0,-0.0,0.0,0.0,0.0,0.0,0.0,0.0,0.0,-0.0,3198.127972056944,6.986194670297566,119.29612237303922,-3.762166666666667,0.0,0.0,0.0,0.0,-0.0,0.0,0.0,0.0,0.0,0.0,119.29612237303922,3198.127972056944,6.986194670297566,0.0,2.4849066497880004,7.215975002651466,3.912023005428146,8.962263554116761,728.45,138.74,217.0,63.0,0.0,1.5441505376344076,2329676.321244881,693993.7699363569,2.969937898096674,22.575168211984376,0.0,0.0,0.0,0.020852774902884733,0.0,0.0,164992.0
-8.378064516129033,-4.533709677419354,-12.248387096774191,110.435,24.02467741935484,79.99,70.24354838709678,31,0.0,25.605,13,1.0,1.9459101490553128,6.785587645007929,3.1354942159291497,9.47008582573494,9.47008582573494,-0.6298568507156688,-1.9459101490553128,-6.785587645007929,-3.1354942159291497,13877.0,4.0,1,1,1,1,1,1,1,1,1,0,1,1,0,0,1,1,1,1,1,83,24,18,24,1.2083333333333337,53,1,1,FED,NPS,1,II: National park,Fee,National Park,OPEN ACCESS,0,1,0,0,0,1,1,0,0,0,1,0,0,1,1,6.986194670297566,119.29612237303922,0.0,123,50,6,5,5.785727019830275,104.34657778417292,536.2075079648397,3198.127972056944,204.16357058124728,0.233408941903658,0.551434401061142,-2.4492935982947064e-16,1.0,1,0,0,0,0,1.914821438590088,4.657255655471723,6.286384440658714,2.9444389791664403,3.218875824868201,4.789956389485572,0.0053541910092922,1.6657446477674875,-7.833154368486305e-13,3198.127972056944,0.0,3198.127972056944,0.0,-2.9219122882966686e-14,119.29612237303922,0.0,-1.7111241882400426e-15,6.986194670297566,0.0,-0.0,0.0,-2.4492935982947064e-16,0.0,-2.4492935982947064e-16,1.0,-2.4492935982947064e-16,-26794.122480729988,99141.96713376528,353185.26259410864,13174.467274266586,-999.4706097653468,2866.0508573921475,-48.473194244849005,0.0,-41.89032258064516,13583.505,3813.0,-58.53078966998981,6223.269678803294,232.1395352686416,0.0,13.594507112208168,239.34694833380348,9.729550745276564,11.25850492755128,46.70184357732751,0.45419282893059,21701.177654343865,809.494294071849,0.0,47.40543624039141,834.6272803359753,33.92793822503965,39.25955778314886,162.8541034801903,1.5838168324158353,10027.71175818577,374.0523016834405,0.0,21.905172980073072,385.66578855928543,15.677471079645748,18.141113605622824,75.25186118229959,0.7318523872850625,30286.54637706289,1129.7445175500595,0.0,66.15986312300996,1164.8205565653975,47.3504291286747,54.79133144206634,227.28205981763853,2.210402712321621,0.0,1.9459101490553128,0.0,0.0,0.0,6.785587645007929,0.0,0.0,0.0,3.1354942159291497,0.0,0.0,0.0,9.47008582573494,0.0,0.0,214.89658731092348,60.32321462071469,-16.302960771375673,749.3663715764507,210.35321699524584,-56.8500910697245,346.26830373613564,97.20032069380365,-26.26937283100383,1045.828928165038,293.5726605977831,-79.3409900212864,1.9459101490553128,6.785587645007929,3.1354942159291497,9.47008582573494,1.9459101490553128,0.0,0.0,6.785587645007929,0.0,0.0,3.1354942159291497,0.0,0.0,9.47008582573494,0.0,0.0,-0.0,0.0,0.0,0.0,-2.4492935982947064e-16,1.0,0.0,1.0,-0.0,0.0,0.0,0.0,-0.0,0.0,0.0,0.0,0.0,0.0,0.0,0.0,-0.0,3198.127972056944,6.986194670297566,119.29612237303922,-8.378064516129033,0.0,0.0,0.0,0.0,-0.0,0.0,1.0,0.0,0.0,0.0,119.29612237303922,3198.127972056944,6.986194670297566,0.0,1.9459101490553128,6.785587645007929,3.1354942159291497,9.47008582573494,838.885,206.785,248.0,89.0,0.0,-4.182926523297492,2682861.583838989,793135.7370701222,3.441263957676988,21.33707783572733,0.0,0.0,0.0,0.019709145775381253,0.0,21.33707783572733,124388.0
-10.249032258064515,-5.944838709677419,-14.55,72.08500000000001,19.3133870967742,63.55241935483871,57.8,31,0.0,21.34693548387097,20,1.0,1.9459101490553128,6.871091294610546,3.610917912644224,9.230044955250518,9.230044955250518,0.3701431492843312,0.0,0.0,0.0,11203.0,4.0,1,1,1,1,1,1,1,1,1,0,1,1,0,0,1,1,1,1,1,83,24,18,24,1.2083333333333337,53,1,1,FED,NPS,1,II: National park,Fee,National Park,OPEN ACCESS,0,1,0,0,0,1,1,0,0,0,1,0,0,1,1,6.986194670297566,119.29612237303922,0.0,123,50,6,5,5.785727019830275,104.34657778417292,536.2075079648397,3198.127972056944,204.16357058124728,0.233408941903658,0.551434401061142,0.4999999999999999,0.8660254037844387,1,0,0,0,0,1.914821438590088,4.657255655471723,6.286384440658714,2.9444389791664403,3.218875824868201,4.789956389485572,0.0053541910092922,1.6657446477674875,1599.0639860284718,2769.660068354923,0.0,3198.127972056944,0.0,59.648061186519605,103.31347254802913,0.0,3.493097335148782,6.986194670297566,0.0,0.0,0.0,0.4999999999999999,0.0,0.4999999999999999,1.0,0.4999999999999999,-32777.71675103007,99141.96713376528,230537.05486572484,8599.460981260534,-1222.669806463291,2304.012190534652,-59.29810286259596,0.0,-51.24516129032258,8866.455000000002,3813.0,-71.60173453699815,6223.269678803294,232.1395352686416,0.0,13.594507112208168,239.34694833380348,9.729550745276564,11.25850492755128,46.70184357732751,0.45419282893059,21974.629267850945,819.6945479181842,0.0,48.0027813815362,845.1442292370971,34.355456473052726,39.75425855894882,164.9061910706531,1.603774148798483,11548.177581228963,430.7685051858047,0.0,25.22657547619709,444.1429032552396,18.05458956322112,20.891785333574823,86.66202990346137,0.8428205292912536,29518.86495472977,1101.108572490219,0.0,64.4828908729781,1135.2955294958138,46.15022477625259,53.402520491841045,221.5210789260124,2.15437502672822,0.0,1.9459101490553128,0.0,0.0,0.0,6.871091294610546,0.0,0.0,0.0,3.610917912644224,0.0,0.0,0.0,9.230044955250518,0.0,0.0,140.27093309465224,60.32321462071469,-19.94369588896303,495.3026159720012,213.0038301329269,-70.42203632656975,260.2930177329589,111.93845529197094,-37.00841416791364,665.3477905992337,286.1313936127661,-94.5990284897482,1.9459101490553128,6.871091294610546,3.610917912644224,9.230044955250518,1.9459101490553128,0.0,0.0,6.871091294610546,0.0,0.0,3.610917912644224,0.0,0.0,9.230044955250518,0.0,0.0,0.0,0.0,0.0,0.0,0.4999999999999999,0.8660254037844387,0.0,1.0,0.0,0.0,0.0,0.0,0.0,0.0,0.0,0.0,0.0,0.0,0.0,0.0,-0.0,3198.127972056944,6.986194670297566,119.29612237303922,-10.249032258064515,0.0,0.0,0.0,0.0,-0.0,0.0,1.0,0.0,0.0,0.0,119.29612237303922,3198.127972056944,6.986194670297566,0.0,1.9459101490553128,6.871091294610546,3.610917912644224,9.230044955250518,72.08500000000001,221.145,31.0,92.0,0.0,-7.463087813620073,230537.05486572484,99141.96713376528,3.264152028968708,21.6579643115606,0.0,0.0,0.0,0.020005549921170915,0.0,21.6579643115606,130331.0
-11.882321428571428,-7.2675,-16.430714285714284,45.905,20.38375,66.75767857142857,57.580357142857146,28,0.0,20.44803571428572,22,1.0,1.791759469228055,6.827629234502852,2.833213344056216,9.069813136839208,9.069813136839208,0.3701431492843312,0.0,0.0,0.0,9631.0,4.0,1,1,1,1,1,1,1,1,1,0,1,1,0,0,1,1,1,1,1,83,24,18,24,1.2083333333333337,53,1,1,FED,NPS,1,II: National park,Fee,National Park,OPEN ACCESS,0,1,0,0,0,1,1,0,0,0,1,0,0,1,1,6.986194670297566,119.29612237303922,0.0,123,50,6,5,5.785727019830275,104.34657778417292,536.2075079648397,3198.127972056944,204.16357058124728,0.233408941903658,0.551434401061142,0.8660254037844386,0.5000000000000001,1,0,0,0,0,1.914821438590088,4.657255655471723,6.286384440658714,2.9444389791664403,3.218875824868201,4.789956389485572,0.0053541910092922,1.6657446477674875,2769.6600683549227,1599.0639860284723,0.0,3198.127972056944,0.0,103.3134725480291,59.64806118651963,0.0,6.050222060261143,6.986194670297566,0.0,0.0,0.0,0.8660254037844386,0.0,0.8660254037844386,1.0,0.8660254037844386,-38001.18453368591,89547.58321759444,146810.06455727402,5476.288497534366,-1417.5148712186433,2431.702334421438,-68.74786814759398,0.0,-59.41160714285714,5646.3150000000005,3444.0,-83.01221063504828,5730.276077736146,213.74995690408184,0.0,12.517580454376231,220.3864147150508,8.958797346140274,10.366631174149507,43.00222726147332,0.4182126818583802,21835.63203769732,814.5096926769924,0.0,47.69914696885167,839.7983958438508,34.13814617251426,39.50279894344624,163.86310162806845,1.593629715335793,9060.97884643118,337.9913658014581,0.0,19.793379964061483,348.4852413189146,14.16606672028108,16.39219899764974,67.9971202573492,0.6612973288234859,29006.42309425501,1081.993537872969,0.0,63.36348019718093,1115.5870158312223,45.34906568419604,52.475462930622186,217.675515284141,2.1169754875335367,0.0,1.791759469228055,0.0,0.0,0.0,6.827629234502852,0.0,0.0,0.0,2.833213344056216,0.0,0.0,0.0,9.069813136839208,0.0,0.0,82.25071843491386,50.16926513838554,-21.29026193605429,313.4223200098534,191.17361856607985,-81.12808515947397,130.05865855890062,79.32997363357406,-33.66515162979369,416.3497720466039,253.95476783149783,-107.77043498900316,1.791759469228055,6.827629234502852,2.833213344056216,9.069813136839208,1.791759469228055,0.0,0.0,6.827629234502852,0.0,0.0,2.833213344056216,0.0,0.0,9.069813136839208,0.0,0.0,0.0,0.0,0.0,0.0,0.8660254037844386,0.5000000000000001,0.0,1.0,0.0,0.0,0.0,0.0,0.0,0.0,0.0,0.0,0.0,0.0,0.0,0.0,-0.0,3198.127972056944,6.986194670297566,119.29612237303922,-11.882321428571428,0.0,0.0,0.0,0.0,-0.0,0.0,1.0,0.0,0.0,0.0,119.29612237303922,3198.127972056944,6.986194670297566,0.0,1.791759469228055,6.827629234502852,2.833213344056216,9.069813136839208,117.99,228.425,59.0,90.0,0.0,-10.169806067588327,377347.11942299886,188689.5503513597,3.407009925481107,20.522415184626333,0.0,0.0,0.0,0.018956638563666296,0.0,20.522415184626333,101109.0
-6.883064516129032,-2.270322580645161,-11.471612903225807,55.61,18.014354838709675,58.66935483870968,67.38387096774194,31,0.0,25.576612903225808,23,1.0,2.302585092994046,7.134093721192866,4.007333185232471,9.275847174178304,9.275847174178304,0.3701431492843312,0.0,0.0,0.0,11992.0,4.0,1,1,1,1,1,1,1,1,1,0,1,1,0,0,1,1,1,1,1,83,24,18,24,1.2083333333333337,53,1,1,FED,NPS,1,II: National park,Fee,National Park,OPEN ACCESS,0,1,0,0,0,1,1,0,0,0,1,0,0,1,1,6.986194670297566,119.29612237303922,0.0,123,50,6,5,5.785727019830275,104.34657778417292,536.2075079648397,3198.127972056944,204.16357058124728,0.233408941903658,0.551434401061142,1.0,6.123233995736766e-17,0,1,0,0,0,1.914821438590088,4.657255655471723,6.286384440658714,2.9444389791664403,3.218875824868201,4.789956389485572,0.0053541910092922,1.6657446477674875,3198.127972056944,1.9582885921215768e-13,0.0,0.0,0.0,119.29612237303922,7.304780720741671e-15,0.0,6.986194670297566,0.0,0.0,0.0,0.0,1.0,0.0,1.0,0.0,1.0,-22012.92116250485,99141.96713376528,177847.89652608667,6634.057365164711,-821.1229068176531,2149.0426793100605,-39.82353235020274,0.0,-34.41532258064516,6840.03,3813.0,-48.08642863789494,7363.961793945598,274.6894730281536,0.0,16.08630770458163,283.21796643826764,11.51292546497023,13.322128787994057,55.2620422318571,0.5374439501988761,22815.74468502272,851.069717584155,0.0,49.84016753240093,877.4935277067226,35.67046860596433,41.27591880470708,171.2182493086288,1.665161266905157,12815.964353044015,478.059310055034,0.0,27.99600974077766,492.901981783594,20.03666592616236,23.185335887262028,96.1759964455793,0.9353473986205266,29665.346312265,1106.572599604385,0.0,64.80287409073921,1140.9292024239314,46.37923587089152,53.66751962745972,222.6203321802793,2.165065674184994,0.0,2.302585092994046,0.0,0.0,0.0,7.134093721192866,0.0,0.0,0.0,4.007333185232471,0.0,0.0,0.0,9.275847174178304,0.0,0.0,128.0467570213989,71.38013788281542,-15.848841748954984,396.7269518355353,221.15690535697885,-49.10442734708154,222.8477984307777,124.2273287422066,-27.58273285157995,515.8298613560555,287.55126239952745,-63.84625454162244,2.302585092994046,7.134093721192866,4.007333185232471,9.275847174178304,2.302585092994046,0.0,0.0,7.134093721192866,0.0,0.0,4.007333185232471,0.0,0.0,9.275847174178304,0.0,0.0,0.0,0.0,0.0,0.0,1.0,6.123233995736766e-17,0.0,0.0,0.0,0.0,0.0,0.0,0.0,0.0,0.0,0.0,0.0,0.0,0.0,0.0,-0.0,3198.127972056944,6.986194670297566,119.29612237303922,-6.883064516129032,0.0,0.0,0.0,0.0,-0.0,0.0,0.0,0.0,0.0,0.0,119.29612237303922,3198.127972056944,6.986194670297566,0.0,2.302585092994046,7.134093721192866,4.007333185232471,9.275847174178304,173.60000000000002,173.60000000000002,90.0,90.0,0.0,-9.671472734254992,555195.0159490856,287831.517485125,3.1224590294825423,22.71985917359769,0.0,0.0,0.0,0.020986426533945567,0.0,0.0,145752.0
-3.995666666666666,1.0493333333333337,-9.015333333333334,79.77000000000001,23.355833333333333,75.59566666666666,69.47333333333333,30,0.0,26.401833333333336,26,1.0,2.302585092994046,7.428927194802272,4.143134726391533,9.197153810172008,9.197153810172008,0.3701431492843312,0.0,0.0,0.0,11622.0,4.0,1,1,1,1,1,1,1,1,1,0,1,1,0,0,1,1,1,1,1,83,24,18,24,1.2083333333333337,53,1,1,FED,NPS,1,II: National park,Fee,National Park,OPEN ACCESS,0,1,0,0,0,1,1,0,0,0,1,0,0,1,1,6.986194670297566,119.29612237303922,0.0,123,50,6,5,5.785727019830275,104.34657778417292,536.2075079648397,3198.127972056944,204.16357058124728,0.233408941903658,0.551434401061142,0.8660254037844387,-0.4999999999999998,0,1,0,0,0,1.914821438590088,4.657255655471723,6.286384440658714,2.9444389791664403,3.218875824868201,4.789956389485572,0.0053541910092922,1.6657446477674875,2769.660068354923,-1599.0639860284714,0.0,0.0,0.0,103.31347254802913,-59.648061186519584,0.0,6.050222060261143,0.0,0.0,0.0,0.0,0.8660254037844387,0.0,0.8660254037844387,0.0,0.8660254037844387,-12778.653333682194,95943.83916170833,255114.66833098247,9516.25168169734,-476.6675396285403,2786.2603514576417,-23.11783659556849,0.0,-19.978333333333328,9811.71,3690.0,-27.914505170952303,7363.961793945598,274.6894730281536,0.0,16.08630770458163,283.21796643826764,11.51292546497023,13.322128787994057,55.2620422318571,0.5374439501988761,23758.65986407168,886.2422077315308,0.0,51.89993157435628,913.7580449606794,37.14463597401136,42.98174479931943,178.29425267525454,1.7339780360181083,13250.275060473254,494.2599073275927,0.0,28.94474574384129,509.6055713461585,20.715673631957664,23.971046533280603,99.43523343339676,0.9670446926513492,29413.6748636212,1097.1847864219435,0.0,64.25310693053063,1131.249918651157,45.98576905086004,53.21222130504715,220.7316914441282,2.146697939357445,0.0,2.302585092994046,0.0,0.0,0.0,7.428927194802272,0.0,0.0,0.0,4.143134726391533,0.0,0.0,0.0,9.197153810172008,0.0,0.0,183.67721286813503,69.07755278982138,-9.200362503239877,592.6055223293773,222.86781584406816,-29.68351676136493,330.4978571242526,124.29404179174598,-16.554585321751762,733.6569594374212,275.9146143051602,-36.748760907510615,2.302585092994046,7.428927194802272,4.143134726391533,9.197153810172008,2.302585092994046,0.0,0.0,7.428927194802272,0.0,0.0,4.143134726391533,0.0,0.0,9.197153810172008,0.0,0.0,0.0,-0.0,0.0,0.0,0.8660254037844387,-0.4999999999999998,0.0,0.0,0.0,-0.0,0.0,0.0,0.0,-0.0,0.0,0.0,0.0,0.0,0.0,0.0,-0.0,3198.127972056944,6.986194670297566,119.29612237303922,-3.995666666666666,0.0,0.0,0.0,0.0,-0.0,0.0,0.0,0.0,0.0,0.0,119.29612237303922,3198.127972056944,6.986194670297566,0.0,2.302585092994046,7.428927194802272,4.143134726391533,9.197153810172008,253.37,181.28500000000005,120.0,89.0,0.0,-7.587017537122375,810309.6842800679,383775.3566468333,3.118068987124938,23.07180082435986,0.0,0.0,0.0,0.021311516471410448,0.0,0.0,153666.0
1.3756451612903224,6.827096774193548,-3.7385483870967744,99.265,18.56435483870968,60.682903225806456,67.71129032258065,27,0.0,31.853064516129034,28,1.0,2.3978952727983707,8.066207568006265,5.2574953720277815,9.213933907486313,9.213933907486313,0.3701431492843312,0.0,0.0,0.0,13420.0,4.0,1,1,1,1,1,1,1,1,1,0,1,1,0,0,1,1,1,1,1,83,24,18,24,1.2083333333333337,53,1,1,FED,NPS,1,II: National park,Fee,National Park,OPEN ACCESS,0,1,0,0,0,1,1,0,0,0,1,0,0,1,1,6.986194670297566,119.29612237303922,0.0,123,50,6,5,5.785727019830275,104.34657778417292,536.2075079648397,3198.127972056944,204.16357058124728,0.233408941903658,0.551434401061142,0.4999999999999999,-0.8660254037844387,0,1,0,0,0,1.914821438590088,4.657255655471723,6.286384440658714,2.9444389791664403,3.218875824868201,4.789956389485572,0.0053541910092922,1.6657446477674875,1599.0639860284718,-2769.660068354923,0.0,0.0,0.0,59.648061186519605,-103.31347254802913,0.0,3.493097335148782,0.0,0.0,0.0,0.0,0.4999999999999999,0.0,0.4999999999999999,0.0,0.4999999999999999,4399.489269947367,86349.4552455375,317462.17314623256,11841.929587359738,164.10913350316957,2214.6555466152327,7.959107379376195,0.0,6.878225806451612,12209.595,3321.0,9.610524894027089,7668.775945999586,286.0596079014867,0.0,16.752163174755704,294.9411185541996,11.989476363991852,13.87356747055282,57.549486547160896,0.5596901984196511,25796.76405165825,962.2672851192104,0.0,56.352096321119255,992.1435308647706,40.33103784003132,46.66887507377329,193.5889816321504,1.882724973623621,16814.143012241977,627.1988112771136,0.0,36.72988614717461,646.6719307594171,26.28747686013891,30.41843303057376,126.17988892866676,1.2271464318483831,29467.33976221592,1099.1865869645826,0.0,64.3703359569549,1133.3138706208165,46.069669537431565,53.3093063674739,221.1344137796715,2.150614564116617,0.0,2.3978952727983707,0.0,0.0,0.0,8.066207568006265,0.0,0.0,0.0,5.2574953720277815,0.0,0.0,0.0,9.213933907486313,0.0,0.0,238.02707425433027,64.743172365556,3.298653029306017,800.6920942381419,217.78760433616915,11.096239410891195,521.8852781043378,141.9523750447501,7.232448069036281,914.6211493266288,248.77621550213044,12.67510359628238,2.3978952727983707,8.066207568006265,5.2574953720277815,9.213933907486313,2.3978952727983707,0.0,0.0,8.066207568006265,0.0,0.0,5.2574953720277815,0.0,0.0,9.213933907486313,0.0,0.0,0.0,-0.0,0.0,0.0,0.4999999999999999,-0.8660254037844387,0.0,0.0,0.0,-0.0,0.0,0.0,0.0,-0.0,0.0,0.0,0.0,0.0,0.0,0.0,0.0,3198.127972056944,6.986194670297566,119.29612237303922,1.3756451612903224,0.0,0.0,0.0,0.0,0.0,0.0,0.0,0.0,0.0,0.0,119.29612237303922,3198.127972056944,6.986194670297566,0.0,2.3978952727983707,8.066207568006265,5.2574953720277815,9.213933907486313,352.635,234.645,147.0,88.0,0.0,-3.167695340501792,1127771.8574263004,470124.8118923708,3.049931768473303,24.93553212031873,0.0,0.0,0.0,0.02303305266680679,0.0,0.0,286464.0
7.450833333333334,13.7765,1.1811666666666665,34.395,15.9855,53.16016666666667,46.71,8,0.0,35.73833333333334,29,1.0,2.995732273553991,8.643297068211963,6.342121418721152,9.654833867051826,9.654833867051826,0.3701431492843312,0.0,0.0,0.0,21853.0,4.0,1,1,1,1,1,1,1,1,1,0,1,1,0,0,1,1,1,1,1,83,24,18,24,1.2083333333333337,53,1,1,FED,NPS,1,II: National park,Fee,National Park,OPEN ACCESS,0,1,0,0,0,1,1,0,0,0,1,0,0,1,1,6.986194670297566,119.29612237303922,0.0,123,50,6,5,5.785727019830275,104.34657778417292,536.2075079648397,3198.127972056944,204.16357058124728,0.233408941903658,0.551434401061142,1.2246467991473532e-16,-1.0,0,0,1,0,1,1.914821438590088,4.657255655471723,6.286384440658714,2.9444389791664403,3.218875824868201,4.789956389485572,0.0053541910092922,1.6657446477674875,3.916577184243153e-13,-3198.127972056944,3198.127972056944,0.0,119.29612237303922,1.4609561441483343e-14,-119.29612237303922,6.986194670297566,8.555620941200213e-16,0.0,0.0,0.0,1.0,1.2246467991473532e-16,1.0,1.2246467991473532e-16,0.0,1.2246467991473532e-16,23828.718498467617,25585.02377645556,109999.6115988986,4103.190129020684,888.8555251144531,1907.0081641942184,43.10848773691874,0.0,37.25416666666667,4230.585,984.0,52.05297212260879,9580.735180846765,357.3792439027599,0.0,20.928768843141302,368.47506964714086,14.978661367769954,17.332489159278904,71.89757456529578,0.6992307001968767,27642.37012464645,1031.1118247559457,0.0,60.38375591174099,1063.1255393900717,43.216485341059816,50.00775738797376,207.4391296370871,2.017422823250344,20282.915911393586,756.5904928724317,0.0,44.30729485384975,780.0809345027017,31.71060709360576,36.69378325533928,152.21091404930763,1.4803078497682305,30877.39425578116,1151.7842424951782,0.0,67.45054890460591,1187.5445656473746,48.27416933525913,55.86023317657417,231.7160128092438,2.253524557164169,0.0,2.995732273553991,0.0,0.0,0.0,8.643297068211963,0.0,0.0,0.0,6.342121418721152,0.0,0.0,0.0,9.654833867051826,0.0,0.0,103.03821154888952,23.965858188431927,22.32070188153853,297.28620266115047,69.1463765456957,64.39976590573598,218.13726619691403,50.73697134976921,47.25408967065485,332.0780108572476,77.23867093641461,71.93655800442532,2.995732273553991,8.643297068211963,6.342121418721152,9.654833867051826,2.995732273553991,0.0,0.0,8.643297068211963,0.0,0.0,6.342121418721152,0.0,0.0,9.654833867051826,0.0,0.0,0.0,-0.0,0.0,0.0,1.2246467991473532e-16,-1.0,1.0,0.0,0.0,-0.0,0.0,0.0,0.0,-0.0,0.0,0.0,0.0,0.0,0.0,0.0,0.0,3198.127972056944,6.986194670297566,119.29612237303922,7.450833333333334,0.0,0.0,0.0,0.0,0.0,1.0,0.0,0.0,0.0,1.0,119.29612237303922,3198.127972056944,6.986194670297566,0.0,2.995732273553991,8.643297068211963,6.342121418721152,9.654833867051826,387.03,213.43000000000004,155.0,65.0,0.0,1.6102706093189962,1237771.4690251993,495709.8356688264,2.95422892201191,27.63598462753893,0.0,1.0,0.0,0.025527471655857753,27.63598462753893,0.0,627860.0
12.04741935483871,18.72790322580645,5.823064516129032,110.8,13.619193548387097,43.303870967741936,48.061290322580646,0,0.0,43.045,29,1.0,3.49650756146648,8.914088348841334,6.413458957167357,9.611127890533236,9.611127890533236,0.3701431492843312,0.0,0.0,0.0,23005.0,4.0,1,1,1,1,1,1,1,1,1,0,1,1,0,0,1,1,1,1,1,83,24,18,24,1.2083333333333337,53,1,1,FED,NPS,1,II: National park,Fee,National Park,OPEN ACCESS,0,1,0,0,0,1,1,0,0,0,1,0,0,1,1,6.986194670297566,119.29612237303922,0.0,123,50,6,5,5.785727019830275,104.34657778417292,536.2075079648397,3198.127972056944,204.16357058124728,0.233408941903658,0.551434401061142,-0.4999999999999997,-0.8660254037844388,0,0,1,0,1,1.914821438590088,4.657255655471723,6.286384440658714,2.9444389791664403,3.218875824868201,4.789956389485572,0.0053541910092922,1.6657446477674875,-1599.0639860284712,-2769.660068354924,3198.127972056944,0.0,119.29612237303922,-59.64806118651958,-103.31347254802913,6.986194670297566,-3.4930973351487813,0.0,0.0,-0.0,1.0,-0.4999999999999997,1.0,-0.4999999999999997,0.0,-0.4999999999999997,38529.1888298099,0.0,354352.5793039094,13218.010358932746,1437.21041363416,1624.7169801704931,69.70307968051654,0.0,60.237096774193546,13628.4,0.0,84.16561688761394,11182.278636834564,417.11979393096215,0.0,24.42728249057226,430.070430060377,17.4825378073324,20.22983827341748,83.91618147519551,0.8161161302800305,28508.39529381637,1063.416174507459,0.0,62.27555651323696,1096.432866907484,44.57044174420667,51.574481817045545,213.93812037219203,2.0806279295387817,20511.062488556083,765.1007845887016,0.0,44.80567278473477,788.8554517315849,32.067294785836786,37.10652277905567,153.92301497201657,1.4969586691349706,30737.616949731,1146.5702889719832,0.0,67.14521044439158,1182.168730535588,48.055639452666185,55.607362327302496,230.66706937279767,2.243323191430099,0.0,3.49650756146648,0.0,0.0,0.0,8.914088348841334,0.0,0.0,0.0,6.413458957167357,0.0,0.0,0.0,9.611127890533236,0.0,0.0,387.413037810486,0.0,42.12389287035116,987.6809890516198,0.0,107.39176050457333,710.6112524541431,0.0,77.2656295720417,1064.9129702710825,0.0,115.78928817024024,3.49650756146648,8.914088348841334,6.413458957167357,9.611127890533236,3.49650756146648,0.0,0.0,8.914088348841334,0.0,0.0,6.413458957167357,0.0,0.0,9.611127890533236,0.0,0.0,-0.0,-0.0,0.0,0.0,-0.4999999999999997,-0.8660254037844388,1.0,0.0,-0.0,-0.0,0.0,0.0,-0.0,-0.0,0.0,0.0,0.0,0.0,0.0,0.0,0.0,3198.127972056944,6.986194670297566,119.29612237303922,12.04741935483871,0.0,0.0,0.0,0.0,0.0,1.0,0.0,0.0,0.0,1.0,119.29612237303922,3198.127972056944,6.986194670297566,0.0,3.49650756146648,8.914088348841334,6.413458957167357,9.611127890533236,497.83,244.46,155.0,35.0,0.0,6.957965949820788,1592124.0483291086,495709.8356688264,2.772054997137352,28.435182758008406,0.0,1.0,0.0,0.02626569422682576,28.435182758008406,0.0,811861.0
11.308387096774194,17.56935483870968,5.779516129032258,102.025,12.454354838709676,40.351612903225806,46.03709677419355,0,0.0,44.086612903225806,28,1.0,3.091042453358316,8.880724576151456,5.940171252720432,9.7066816015412,9.7066816015412,0.3701431492843312,0.0,0.0,0.0,24017.0,4.0,1,1,1,1,1,1,1,1,1,0,1,1,0,0,1,1,1,1,1,83,24,18,24,1.2083333333333337,53,1,1,FED,NPS,1,II: National park,Fee,National Park,OPEN ACCESS,0,1,0,0,0,1,1,0,0,0,1,0,0,1,1,6.986194670297566,119.29612237303922,0.0,123,50,6,5,5.785727019830275,104.34657778417292,536.2075079648397,3198.127972056944,204.16357058124728,0.233408941903658,0.551434401061142,-0.8660254037844385,-0.5000000000000004,0,0,1,0,1,1.914821438590088,4.657255655471723,6.286384440658714,2.9444389791664403,3.218875824868201,4.789956389485572,0.0053541910092922,1.6657446477674875,-2769.6600683549223,-1599.0639860284734,3198.127972056944,0.0,119.29612237303922,-103.31347254802908,-59.64806118651966,6.986194670297566,-6.050222060261142,0.0,0.0,-0.0,1.0,-0.8660254037844385,1.0,-0.8660254037844385,0.0,-0.8660254037844385,36165.66909304137,0.0,326289.0063491097,12171.186885109328,1349.046730938472,1485.7562389159627,65.4272407765065,0.0,56.54193548387097,12549.075,0.0,79.00259366514564,9885.549332900751,368.74937877609307,0.0,21.594624313315386,380.19822176307287,15.45521226679158,17.88392784183767,74.18501888059959,0.7214769484176516,28401.69367912352,1059.436005797821,0.0,62.04247070228992,1092.3291228666292,44.40362288075728,51.38144813591025,213.13738982763493,2.072840526657323,18997.42784213375,708.6393966813463,0.0,41.49919274641029,730.641064084613,29.70085626360216,34.36820931928365,142.56411006529035,1.3864890868240023,31043.20994573941,1157.9694761735875,0.0,67.81276727096258,1193.9218369895675,48.533408007706,56.16021001492633,232.96035843698883,2.265626282011436,0.0,3.091042453358316,0.0,0.0,0.0,8.880724576151456,0.0,0.0,0.0,5.940171252720432,0.0,0.0,0.0,9.7066816015412,0.0,0.0,315.3636063038822,0.0,34.95470459513843,906.0559248818524,0.0,100.4266712069566,606.045972058802,0.0,67.17375594689273,990.3241903972412,0.0,109.76691297536398,3.091042453358316,8.880724576151456,5.940171252720432,9.7066816015412,3.091042453358316,0.0,0.0,8.880724576151456,0.0,0.0,5.940171252720432,0.0,0.0,9.7066816015412,0.0,0.0,-0.0,-0.0,0.0,0.0,-0.8660254037844385,-0.5000000000000004,1.0,0.0,-0.0,-0.0,0.0,0.0,-0.0,-0.0,0.0,0.0,0.0,0.0,0.0,0.0,0.0,3198.127972056944,6.986194670297566,119.29612237303922,11.308387096774194,0.0,0.0,0.0,0.0,0.0,1.0,0.0,0.0,0.0,1.0,119.29612237303922,3198.127972056944,6.986194670297566,0.0,3.091042453358316,8.880724576151456,5.940171252720432,9.7066816015412,599.855,247.22,155.0,8.0,0.0,10.268879928315412,1918413.0546782184,495709.8356688264,3.0127547527252214,27.6186198837714,0.0,1.0,0.0,0.025511431771254,27.6186198837714,0.0,665531.0
8.929,15.509666666666668,3.0971666666666664,44.855,14.978000000000002,46.993833333333335,32.873333333333335,2,0.0,36.35233333333333,29,1.0,3.912023005428146,8.80357441813497,5.899897353582492,9.856762754029893,9.856762754029893,0.3701431492843312,0.0,0.0,0.0,26156.0,4.0,1,1,1,1,1,1,1,1,1,0,1,1,0,0,1,1,1,1,1,83,24,18,24,1.2083333333333337,53,1,1,FED,NPS,1,II: National park,Fee,National Park,OPEN ACCESS,0,1,0,0,0,1,1,0,0,0,1,0,0,1,1,6.986194670297566,119.29612237303922,0.0,123,50,6,5,5.785727019830275,104.34657778417292,536.2075079648397,3198.127972056944,204.16357058124728,0.233408941903658,0.551434401061142,-1.0,-1.8369701987210292e-16,0,0,0,1,0,1.914821438590088,4.657255655471723,6.286384440658714,2.9444389791664403,3.218875824868201,4.789956389485572,0.0053541910092922,1.6657446477674875,-3198.127972056944,-5.874865776364728e-13,0.0,0.0,0.0,-119.29612237303922,-2.1914342162225013e-14,0.0,-6.986194670297566,0.0,0.0,-0.0,0.0,-1.0,0.0,-1.0,0.0,-1.0,28556.08466249645,6396.255944113888,143452.03018661425,5351.027569042674,1065.1950766688672,1786.8173209033816,51.66075656006453,0.0,44.645,5517.165,246.0,62.37973221108697,12511.150200990029,466.6891751817008,0.0,27.33015427060358,481.17882966766194,19.56011502714073,22.633897204703263,93.8885521302755,0.9131011503997516,28154.95760072238,1050.2322911059869,0.0,61.50348467954253,1082.8396534306012,44.01787209067485,50.93507838209008,211.28578603523923,2.054832989906995,18868.62675875691,703.8348766813473,0.0,41.217831446900725,725.6873744906466,29.49948676791246,34.135195532847355,141.59753648597982,1.3770887986398814,31523.18867759204,1175.8735757067652,0.0,68.8612634185912,1212.3818187456768,49.283813770149465,57.02853859404743,236.5623060967174,2.300656565013503,0.0,3.912023005428146,0.0,0.0,0.0,8.80357441813497,0.0,0.0,0.0,5.899897353582492,0.0,0.0,0.0,9.856762754029893,0.0,0.0,175.47379190847948,7.824046010856292,34.93045341546792,394.88433052544406,17.60714883626994,78.60711597952715,264.6398957949427,11.799794707164985,52.68018347013808,442.1250933320108,19.713525508059785,88.01103463073291,3.912023005428146,8.80357441813497,5.899897353582492,9.856762754029893,3.912023005428146,0.0,0.0,8.80357441813497,0.0,0.0,5.899897353582492,0.0,0.0,9.856762754029893,0.0,0.0,-0.0,-0.0,0.0,0.0,-1.0,-1.8369701987210292e-16,0.0,0.0,-0.0,-0.0,0.0,0.0,-0.0,-0.0,0.0,0.0,0.0,0.0,0.0,0.0,0.0,3198.127972056944,6.986194670297566,119.29612237303922,8.929,0.0,0.0,0.0,0.0,0.0,0.0,0.0,0.0,0.0,0.0,119.29612237303922,3198.127972056944,6.986194670297566,0.0,3.912023005428146,8.80357441813497,5.899897353582492,9.856762754029893,644.71,257.68,157.0,2.0,0.0,10.761602150537634,2061865.0848648325,502106.09161294025,2.71440877984416,28.4722575311755,0.0,0.0,0.0,0.026299940345931905,0.0,0.0,650863.0
0.1519354838709678,6.053548387096774,-4.990322580645162,29.710000000000004,16.22935483870968,50.95951612903225,37.62903225806452,30,0.0,31.101129032258065,26,1.0,2.995732273553991,8.579416534596369,5.480638923341991,9.430599768110527,9.430599768110527,0.3701431492843312,0.0,0.0,0.0,18041.0,4.0,1,1,1,1,1,1,1,1,1,0,1,1,0,0,1,1,1,1,1,83,24,18,24,1.2083333333333337,53,1,1,FED,NPS,1,II: National park,Fee,National Park,OPEN ACCESS,0,1,0,0,0,1,1,0,0,0,1,0,0,1,1,6.986194670297566,119.29612237303922,0.0,123,50,6,5,5.785727019830275,104.34657778417292,536.2075079648397,3198.127972056944,204.16357058124728,0.233408941903658,0.551434401061142,-0.8660254037844386,0.5000000000000001,0,0,0,1,0,1.914821438590088,4.657255655471723,6.286384440658714,2.9444389791664403,3.218875824868201,4.789956389485572,0.0053541910092922,1.6657446477674875,-2769.6600683549227,1599.0639860284723,0.0,0.0,0.0,-103.3134725480291,59.64806118651963,0.0,-6.050222060261143,0.0,0.0,-0.0,0.0,-0.8660254037844386,0.0,-0.8660254037844386,0.0,-0.8660254037844386,485.9091209157488,95943.83916170833,95016.38204981184,3544.287795702996,18.125314076677903,1936.099100874186,0.8790572343032453,0.0,0.759677419354839,3654.33,3690.0,1.061450867648437,9580.735180846765,357.3792439027599,0.0,20.928768843141302,368.47506964714086,14.978661367769954,17.332489159278904,71.89757456529578,0.6992307001968767,27438.072003220503,1023.4911248004846,0.0,59.93747406825997,1055.268233755353,42.897082672981846,49.63816205859283,205.9059968303129,2.0025125354908866,17527.784645484076,653.8189716814481,0.0,38.28881043607721,674.118587571065,27.40319461670996,31.709480704713265,131.53533416020778,1.2792301320532575,30160.264911668008,1125.0339839876688,0.0,65.88400583768323,1159.963771477595,47.15299884055264,54.5628758915622,226.3343944346527,2.201186313391561,0.0,2.995732273553991,0.0,0.0,0.0,8.579416534596369,0.0,0.0,0.0,5.480638923341991,0.0,0.0,0.0,9.430599768110527,0.0,0.0,89.00320584728908,89.87196820661973,0.4551580325303,254.89446524285816,257.3824960378911,1.3035178025144811,162.82978241249057,164.41916770025975,0.8327035267400255,280.1831191105638,282.9179930433158,1.4328427389613096,2.995732273553991,8.579416534596369,5.480638923341991,9.430599768110527,2.995732273553991,0.0,0.0,8.579416534596369,0.0,0.0,5.480638923341991,0.0,0.0,9.430599768110527,0.0,0.0,-0.0,0.0,0.0,0.0,-0.8660254037844386,0.5000000000000001,0.0,0.0,-0.0,0.0,0.0,0.0,-0.0,0.0,0.0,0.0,0.0,0.0,0.0,0.0,0.0,3198.127972056944,6.986194670297566,119.29612237303922,0.1519354838709678,0.0,0.0,0.0,0.0,0.0,0.0,0.0,0.0,0.0,0.0,119.29612237303922,3198.127972056944,6.986194670297566,0.0,2.995732273553991,8.579416534596369,5.480638923341991,9.430599768110527,674.4200000000001,176.59,187.0,32.0,0.0,6.796440860215053,2156881.4669146445,598049.9307746486,2.953655036756788,26.486387499602877,0.0,0.0,0.0,0.02446558410256248,0.0,0.0,474957.0
-9.387833333333331,-4.619,-14.271666666666668,57.0,18.578333333333333,60.91,58.755,30,0.0,23.6605,20,1.0,1.791759469228055,7.327780538421631,4.23410650459726,8.457867725331422,8.457867725331422,0.3701431492843312,0.0,0.0,0.0,6305.0,4.0,1,1,1,1,1,1,1,1,1,0,1,1,0,0,1,1,1,1,1,83,24,18,24,1.2083333333333337,53,1,1,FED,NPS,1,II: National park,Fee,National Park,OPEN ACCESS,0,1,0,0,0,1,1,0,0,0,1,0,0,1,1,6.986194670297566,119.29612237303922,0.0,123,50,6,5,5.785727019830275,104.34657778417292,536.2075079648397,3198.127972056944,204.16357058124728,0.233408941903658,0.551434401061142,-0.5000000000000004,0.8660254037844384,0,0,0,1,0,1.914821438590088,4.657255655471723,6.286384440658714,2.9444389791664403,3.218875824868201,4.789956389485572,0.0053541910092922,1.6657446477674875,-1599.0639860284734,2769.6600683549223,0.0,0.0,0.0,-59.64806118651966,103.31347254802908,0.0,-3.493097335148786,0.0,0.0,-0.0,0.0,-0.5000000000000004,0.0,-0.5000000000000004,0.0,-0.5000000000000004,-30023.492380341908,95943.83916170833,182293.29440724585,6799.878975263236,-1119.9321141510295,2216.323126820447,-54.31544097432997,0.0,-46.93916666666666,7011.0,3690.0,-65.58523119897515,5730.276077736146,213.74995690408184,0.0,12.517580454376231,220.3864147150508,8.958797346140274,10.366631174149507,43.00222726147332,0.4182126818583802,23435.17991302071,874.1758038343221,0.0,51.19330134263142,901.3170062258606,36.63890269210816,42.39653785653247,175.86673292211913,1.71036950197521,13541.21444902075,505.1124877129161,0.0,29.58029229588963,520.795100065463,21.1705325229863,24.497384408487484,101.61855611033424,0.9882783191454422,27049.343356340058,1008.9908231761162,0.0,59.088310424792176,1040.3177302157649,42.28933862665711,48.93491382860044,202.98882540795407,1.974141956530706,0.0,1.791759469228055,0.0,0.0,0.0,7.327780538421631,0.0,0.0,0.0,4.23410650459726,0.0,0.0,0.0,8.457867725331422,0.0,0.0,102.13028974599914,53.75278407684165,-16.820739270534773,417.68349069003295,219.8334161526489,-68.79198239794584,241.3440707620438,127.0231951379178,-39.74908618074164,482.098460343891,253.73603175994265,-79.40105256079048,1.791759469228055,7.327780538421631,4.23410650459726,8.457867725331422,1.791759469228055,0.0,0.0,7.327780538421631,0.0,0.0,4.23410650459726,0.0,0.0,8.457867725331422,0.0,0.0,-0.0,0.0,0.0,0.0,-0.5000000000000004,0.8660254037844384,0.0,0.0,-0.0,0.0,0.0,0.0,-0.0,0.0,0.0,0.0,0.0,0.0,0.0,0.0,-0.0,3198.127972056944,6.986194670297566,119.29612237303922,-9.387833333333331,0.0,0.0,0.0,0.0,-0.0,0.0,0.0,0.0,0.0,0.0,119.29612237303922,3198.127972056944,6.986194670297566,0.0,1.791759469228055,7.327780538421631,4.23410650459726,8.457867725331422,731.4200000000001,131.565,217.0,62.0,0.0,-0.1022992831541215,2339174.76132189,693993.7699363569,3.024037898367788,21.81151423757837,0.0,0.0,0.0,0.020147384613764845,0.0,0.0,131655.0
-10.923548387096774,-7.414838709677419,-14.64467741935484,102.42,23.72290322580645,77.65032258064515,76.35,31,0.0,25.366774193548387,11,1.0,2.19722457733622,6.862757913051401,4.07753744390572,9.02509454366498,9.02509454366498,0.3701431492843312,0.0,0.0,0.0,9329.0,4.0,1,1,1,1,1,1,1,1,1,0,1,1,0,0,1,1,1,1,1,83,24,18,24,1.2083333333333337,53,1,1,FED,NPS,1,II: National park,Fee,National Park,OPEN ACCESS,0,1,0,0,0,1,1,0,0,0,1,0,0,1,1,6.986194670297566,119.29612237303922,0.0,123,50,6,5,5.785727019830275,104.34657778417292,536.2075079648397,3198.127972056944,204.16357058124728,0.233408941903658,0.551434401061142,-2.4492935982947064e-16,1.0,1,0,0,0,0,1.914821438590088,4.657255655471723,6.286384440658714,2.9444389791664403,3.218875824868201,4.789956389485572,0.0053541910092922,1.6657446477674875,-7.833154368486305e-13,3198.127972056944,0.0,3198.127972056944,0.0,-2.9219122882966686e-14,119.29612237303922,0.0,-1.7111241882400426e-15,6.986194670297566,0.0,-0.0,0.0,-2.4492935982947064e-16,0.0,-2.4492935982947064e-16,1.0,-2.4492935982947064e-16,-34934.90565089171,99141.96713376528,327552.2668980722,12218.308853446675,-1303.136965134912,2830.0503662695733,-63.20066905564923,0.0,-54.61774193548387,12597.66,3813.0,-76.31403552267307,7027.005381669962,262.1203720589511,0.0,15.350238631633122,270.2586230123551,10.9861228866811,12.712541605729324,52.73338985606928,0.5128518637207593,21947.978047184824,818.7004078119232,0.0,47.944562755702144,844.1192233053223,34.313789565257004,39.70604388809552,164.70618991323363,1.6018290630262837,13040.486556464455,486.4344058888263,0.0,28.4864703585529,501.5371056004036,20.3876872195286,23.591518563575,97.86089865373728,0.9517337003545804,28863.40731055348,1076.658783109306,0.0,63.051067399883934,1110.0866288707923,45.1254727183249,52.21673335780526,216.6022690479596,2.1065377680173203,0.0,2.19722457733622,0.0,0.0,0.0,6.862757913051401,0.0,0.0,0.0,4.07753744390572,0.0,0.0,0.0,9.02509454366498,0.0,0.0,225.03974121077565,68.11396189742283,-24.001488987850458,702.8836654547245,212.74549530459345,-74.96566813214825,417.6213850048238,126.4036607610773,-44.54117756870303,924.3501831621674,279.7779308536144,-98.5860569458475,2.19722457733622,6.862757913051401,4.07753744390572,9.02509454366498,2.19722457733622,0.0,0.0,6.862757913051401,0.0,0.0,4.07753744390572,0.0,0.0,9.02509454366498,0.0,0.0,-0.0,0.0,0.0,0.0,-2.4492935982947064e-16,1.0,0.0,1.0,-0.0,0.0,0.0,0.0,-0.0,0.0,0.0,0.0,0.0,0.0,0.0,0.0,-0.0,3198.127972056944,6.986194670297566,119.29612237303922,-10.923548387096774,0.0,0.0,0.0,0.0,-0.0,0.0,1.0,0.0,0.0,0.0,119.29612237303922,3198.127972056944,6.986194670297566,0.0,2.19722457733622,6.862757913051401,4.07753744390572,9.02509454366498,833.84,189.13,248.0,91.0,0.0,-6.719815412186381,2666727.0282199625,793135.7370701222,3.0115618882507125,22.16261447795832,0.0,0.0,0.0,0.020471697337029745,0.0,22.16261447795832,120375.0
-10.971290322580646,-7.716612903225807,-14.156935483870967,90.28,19.37258064516129,63.09967741935484,85.3241935483871,31,0.0,27.081129032258065,9,1.0,1.791759469228055,7.001245622069476,3.784189633918261,9.192278229157774,9.192278229157774,1.3701431492843312,1.791759469228055,7.001245622069476,3.784189633918261,10965.0,4.0,1,1,1,1,1,1,1,1,1,0,1,1,0,0,1,1,1,1,1,83,24,18,24,1.2083333333333337,53,1,1,FED,NPS,1,II: National park,Fee,National Park,OPEN ACCESS,0,1,0,0,0,1,1,0,0,0,1,0,0,1,1,6.986194670297566,119.29612237303922,0.0,123,50,6,5,5.785727019830275,104.34657778417292,536.2075079648397,3198.127972056944,204.16357058124728,0.233408941903658,0.551434401061142,0.4999999999999999,0.8660254037844387,1,0,0,0,0,1.914821438590088,4.657255655471723,6.286384440658714,2.9444389791664403,3.218875824868201,4.789956389485572,0.0053541910092922,1.6657446477674875,1599.0639860284718,2769.660068354923,0.0,3198.127972056944,0.0,59.648061186519605,103.31347254802913,0.0,3.493097335148782,6.986194670297566,0.0,0.0,0.0,0.4999999999999999,0.0,0.4999999999999999,1.0,0.4999999999999999,-35087.59047020282,99141.96713376528,288726.9933173009,10770.053927837982,-1308.8323929127218,2311.073751326732,-63.476890861757255,0.0,-54.85645161290323,11104.44,3813.0,-76.64756997790018,5730.276077736146,213.74995690408184,0.0,12.517580454376231,220.3864147150508,8.958797346140274,10.366631174149507,43.00222726147332,0.4182126818583802,22390.879463181613,835.2214544941053,0.0,48.91206485034594,861.1532115145455,35.00622811034738,40.50729596807579,168.02989492966742,1.634153332654854,12102.322719801918,451.4391496506994,0.0,26.437085451875053,465.4553249719461,18.920948169591306,21.89428821312252,90.82055121403826,0.8832636984156522,29398.08213159955,1096.60314851263,0.0,64.21904517243439,1130.6502221864062,45.96139114578887,53.18401252423572,220.61467749978652,2.145559935151747,0.0,1.791759469228055,0.0,0.0,0.0,7.001245622069476,0.0,0.0,0.0,3.784189633918261,0.0,0.0,0.0,9.192278229157774,0.0,0.0,161.7600448819088,55.5445435460697,-19.657913325134,632.0724547604323,217.03861428415377,-76.81269833942096,341.63664015014064,117.3098786514661,-41.51744310941741,829.8788785283638,284.960625103891,-100.85115317802745,1.791759469228055,7.001245622069476,3.784189633918261,9.192278229157774,1.791759469228055,0.0,0.0,7.001245622069476,0.0,0.0,3.784189633918261,0.0,0.0,9.192278229157774,0.0,0.0,0.0,0.0,0.0,0.0,0.4999999999999999,0.8660254037844387,0.0,1.0,0.0,0.0,0.0,0.0,0.0,0.0,0.0,0.0,0.0,0.0,0.0,0.0,-0.0,3198.127972056944,6.986194670297566,119.29612237303922,-10.971290322580646,0.0,0.0,0.0,0.0,-0.0,0.0,1.0,0.0,0.0,0.0,119.29612237303922,3198.127972056944,6.986194670297566,0.0,1.791759469228055,7.001245622069476,3.784189633918261,9.192278229157774,90.28,249.7,31.0,92.0,0.0,-10.427557347670252,288726.9933173009,99141.96713376528,3.294865920692235,21.769472954373565,0.0,0.0,0.0,0.02010855090909137,0.0,21.769472954373565,117076.0
-10.898214285714284,-6.488214285714286,-15.282142857142857,48.115,21.428214285714287,69.05535714285715,64.69285714285715,28,0.0,21.3875,20,1.0,1.0986122886681098,7.084226422097916,3.713572066704308,8.9947928972836,8.9947928972836,1.3701431492843312,1.0986122886681098,7.084226422097916,3.713572066704308,9294.0,4.0,1,1,1,1,1,1,1,1,1,0,1,1,0,0,1,1,1,1,1,83,24,18,24,1.2083333333333337,53,1,1,FED,NPS,1,II: National park,Fee,National Park,OPEN ACCESS,0,1,0,0,0,1,1,0,0,0,1,0,0,1,1,6.986194670297566,119.29612237303922,0.0,123,50,6,5,5.785727019830275,104.34657778417292,536.2075079648397,3198.127972056944,204.16357058124728,0.233408941903658,0.551434401061142,0.8660254037844386,0.5000000000000001,1,0,0,0,0,1.914821438590088,4.657255655471723,6.286384440658714,2.9444389791664403,3.218875824868201,4.789956389485572,0.0053541910092922,1.6657446477674875,2769.6600683549227,1599.0639860284723,0.0,3198.127972056944,0.0,103.3134725480291,59.64806118651963,0.0,6.050222060261143,6.986194670297566,0.0,0.0,0.0,0.8660254037844386,0.0,0.8660254037844386,1.0,0.8660254037844386,-34853.88395261344,89547.58321759444,153877.92737551988,5739.932927978783,-1300.1147050761754,2556.302873664278,-63.05409286075743,0.0,-54.491071428571416,5918.145,3444.0,-76.13704655861793,3513.50269083498,131.06018602947552,0.0,7.67511931581656,135.12931150617752,5.493061443340549,6.35627080286466,26.36669492803464,0.2564259318603796,22656.26268089623,845.1207421689109,0.0,49.491784873241656,871.3598499180437,35.42113211048958,40.98740022492746,170.02143413034997,1.6535217933878112,11876.478702776363,443.0147477106573,0.0,25.94373738017556,456.7693642046299,18.56786033352154,21.48571424641807,89.12572960090338,0.8667809267724329,28766.498767661808,1073.0439141944885,0.0,62.839374199433095,1106.3595263658829,44.973964486418005,52.04141630359117,215.8750295348064,2.099465092797504,0.0,1.0986122886681098,0.0,0.0,0.0,7.084226422097916,0.0,0.0,0.0,3.713572066704308,0.0,0.0,0.0,8.9947928972836,0.0,0.0,52.8597302692661,30.76114408270708,-11.97291213882406,340.85755429924126,198.35833981874163,-77.20541759654209,178.6785199894778,103.98001786772062,-40.47130414838641,432.7844602528005,251.8542011239408,-98.02718045021751,1.0986122886681098,7.084226422097916,3.713572066704308,8.9947928972836,1.0986122886681098,0.0,0.0,7.084226422097916,0.0,0.0,3.713572066704308,0.0,0.0,8.9947928972836,0.0,0.0,0.0,0.0,0.0,0.0,0.8660254037844386,0.5000000000000001,0.0,1.0,0.0,0.0,0.0,0.0,0.0,0.0,0.0,0.0,0.0,0.0,0.0,0.0,-0.0,3198.127972056944,6.986194670297566,119.29612237303922,-10.898214285714284,0.0,0.0,0.0,0.0,-0.0,0.0,1.0,0.0,0.0,0.0,119.29612237303922,3198.127972056944,6.986194670297566,0.0,1.0986122886681098,7.084226422097916,3.713572066704308,8.9947928972836,138.395,240.815,59.0,90.0,0.0,-10.931017665130568,442604.9206928208,188689.5503513597,3.5109130804288773,20.891203674753932,0.0,0.0,0.0,0.019297289995327527,0.0,20.891203674753932,116551.0
-9.715806451612902,-5.263225806451612,-14.266129032258064,75.19,20.94290322580645,67.72516129032257,75.71451612903226,31,0.0,23.80354838709677,23,1.0,1.3862943611198906,7.075808863978387,4.127134385045092,8.660773919893762,8.660773919893762,1.3701431492843312,1.3862943611198906,7.075808863978387,4.127134385045092,7017.0,4.0,1,1,1,1,1,1,1,1,1,0,1,1,0,0,1,1,1,1,1,83,24,18,24,1.2083333333333337,53,1,1,FED,NPS,1,II: National park,Fee,National Park,OPEN ACCESS,0,1,0,0,0,1,1,0,0,0,1,0,0,1,1,6.986194670297566,119.29612237303922,0.0,123,50,6,5,5.785727019830275,104.34657778417292,536.2075079648397,3198.127972056944,204.16357058124728,0.233408941903658,0.551434401061142,1.0,6.123233995736766e-17,0,1,0,0,0,1.914821438590088,4.657255655471723,6.286384440658714,2.9444389791664403,3.218875824868201,4.789956389485572,0.0053541910092922,1.6657446477674875,3198.127972056944,1.9582885921215768e-13,0.0,0.0,0.0,119.29612237303922,7.304780720741671e-15,0.0,6.986194670297566,0.0,0.0,0.0,0.0,1.0,0.0,1.0,0.0,1.0,-31072.392383994546,99141.96713376528,240467.2422189616,8969.87544122882,-1159.0580354043768,2498.407146072524,-56.21300390653808,0.0,-48.57903225806452,9248.37,3813.0,-67.87651524990076,4433.546773802333,165.3795417492127,0.0,9.684922277119348,170.51420641774655,6.931471805599453,8.020720742569699,33.27106466687737,0.3235734999960012,22629.342252817747,844.1165601254013,0.0,49.432978173570085,870.3244902693416,35.37904431989193,40.93869853147432,169.81941273548128,1.6515570600537195,13199.103921250742,492.3511286483172,0.0,28.832964244403843,507.6375293605463,20.63567192522546,23.878472926025992,99.0512252410822,0.9633100699075792,27698.263332873503,1033.1967453928728,0.0,60.50585259981396,1065.2751921469328,43.30386959946881,50.1088736809707,207.85857407745027,2.0215020767092,0.0,1.3862943611198906,0.0,0.0,0.0,7.075808863978387,0.0,0.0,0.0,4.127134385045092,0.0,0.0,0.0,8.660773919893762,0.0,0.0,104.23547301260456,42.97512519471661,-13.46896769760322,532.030068482535,219.35007478333,-68.74718941102097,310.31923441154044,127.94116593639784,-40.09843888489455,651.203591036812,268.4839915167066,-84.14640312686458,1.3862943611198906,7.075808863978387,4.127134385045092,8.660773919893762,1.3862943611198906,0.0,0.0,7.075808863978387,0.0,0.0,4.127134385045092,0.0,0.0,8.660773919893762,0.0,0.0,0.0,0.0,0.0,0.0,1.0,6.123233995736766e-17,0.0,0.0,0.0,0.0,0.0,0.0,0.0,0.0,0.0,0.0,0.0,0.0,0.0,0.0,-0.0,3198.127972056944,6.986194670297566,119.29612237303922,-9.715806451612902,0.0,0.0,0.0,0.0,-0.0,0.0,0.0,0.0,0.0,0.0,119.29612237303922,3198.127972056944,6.986194670297566,0.0,1.3862943611198906,7.075808863978387,4.127134385045092,8.660773919893762,213.585,213.585,90.0,90.0,0.0,-10.528437019969278,683072.1629117824,287831.517485125,3.221820331856079,21.250011530037128,0.0,0.0,0.0,0.019628722273897895,0.0,0.0,155616.0
-4.437166666666667,0.6034999999999999,-9.469666666666663,70.88,18.858666666666668,60.63516666666667,57.53833333333333,30,0.0,26.401166666666665,26,1.0,1.6094379124341005,7.135687347028144,4.574710978503383,8.620471540869739,8.620471540869739,1.3701431492843312,1.6094379124341005,7.135687347028144,4.574710978503383,6898.0,4.0,1,1,1,1,1,1,1,1,1,0,1,1,0,0,1,1,1,1,1,83,24,18,24,1.2083333333333337,53,1,1,FED,NPS,1,II: National park,Fee,National Park,OPEN ACCESS,0,1,0,0,0,1,1,0,0,0,1,0,0,1,1,6.986194670297566,119.29612237303922,0.0,123,50,6,5,5.785727019830275,104.34657778417292,536.2075079648397,3198.127972056944,204.16357058124728,0.233408941903658,0.551434401061142,0.8660254037844387,-0.4999999999999998,0,1,0,0,0,1.914821438590088,4.657255655471723,6.286384440658714,2.9444389791664403,3.218875824868201,4.789956389485572,0.0053541910092922,1.6657446477674875,2769.660068354923,-1599.0639860284714,0.0,0.0,0.0,103.31347254802913,-59.648061186519584,0.0,6.050222060261143,0.0,0.0,0.0,0.0,0.8660254037844387,0.0,0.8660254037844387,0.0,0.8660254037844387,-14190.62683334534,95943.83916170833,226683.3106593962,8455.709153801019,-529.3367776562372,2249.7658064590228,-25.67223507482357,0.0,-22.18583333333333,8718.24,3690.0,-30.998910117888688,5147.188407044431,191.99970215354725,0.0,11.243846566021954,197.9608632293944,8.047189562170502,9.311768416709208,38.62650989841841,0.3756572002008755,22820.84130438352,851.259830966817,0.0,49.8513009127178,877.6895436844617,35.67843673514072,41.28513908876175,171.25649632867544,1.6655332334251594,14630.511144427664,545.7452807128255,0.0,31.959821456172097,562.689450355916,22.87355489251692,26.468028916241217,109.7930634840812,1.0677784490075224,27569.371167176338,1028.3888278528984,0.0,60.224292334276015,1060.317999526978,43.10235770434869,49.87569511768797,206.8913169808737,2.012095141065002,0.0,1.6094379124341005,0.0,0.0,0.0,7.135687347028144,0.0,0.0,0.0,4.574710978503383,0.0,0.0,0.0,8.620471540869739,0.0,0.0,114.07695923332903,48.28313737302302,-7.141344257122177,505.7775191573548,214.0706204108444,-31.662234039988384,324.25551415631975,137.24132935510147,-20.298755063449264,611.019022816847,258.61414622609215,-38.250468972095845,1.6094379124341005,7.135687347028144,4.574710978503383,8.620471540869739,1.6094379124341005,0.0,0.0,7.135687347028144,0.0,0.0,4.574710978503383,0.0,0.0,8.620471540869739,0.0,0.0,0.0,-0.0,0.0,0.0,0.8660254037844387,-0.4999999999999998,0.0,0.0,0.0,-0.0,0.0,0.0,0.0,-0.0,0.0,0.0,0.0,0.0,0.0,0.0,-0.0,3198.127972056944,6.986194670297566,119.29612237303922,-4.437166666666667,0.0,0.0,0.0,0.0,-0.0,0.0,0.0,0.0,0.0,0.0,119.29612237303922,3198.127972056944,6.986194670297566,0.0,1.6094379124341005,7.135687347028144,4.574710978503383,8.620471540869739,284.46500000000003,194.185,120.0,89.0,0.0,-8.350395801331285,909755.4735711789,383775.3566468333,3.077041765223884,21.94030777883537,0.0,0.0,0.0,0.020266351732838264,0.0,0.0,164809.0
3.0064516129032257,8.055483870967743,-1.7632258064516129,82.7,12.96983870967742,43.59258064516128,59.63870967741936,31,0.0,35.980645161290326,27,1.0,1.9459101490553128,7.879291485082271,5.602118820879701,9.485013189834325,9.485013189834325,1.3701431492843312,1.9459101490553128,7.879291485082271,5.602118820879701,16077.0,4.0,1,1,1,1,1,1,1,1,1,0,1,1,0,0,1,1,1,1,1,83,24,18,24,1.2083333333333337,53,1,1,FED,NPS,1,II: National park,Fee,National Park,OPEN ACCESS,0,1,0,0,0,1,1,0,0,0,1,0,0,1,1,6.986194670297566,119.29612237303922,0.0,123,50,6,5,5.785727019830275,104.34657778417292,536.2075079648397,3198.127972056944,204.16357058124728,0.233408941903658,0.551434401061142,0.4999999999999999,-0.8660254037844387,0,1,0,0,0,1.914821438590088,4.657255655471723,6.286384440658714,2.9444389791664403,3.218875824868201,4.789956389485572,0.0053541910092922,1.6657446477674875,1599.0639860284718,-2769.660068354923,0.0,0.0,0.0,59.648061186519605,-103.31347254802913,0.0,3.493097335148782,0.0,0.0,0.0,0.0,0.4999999999999999,0.0,0.4999999999999999,0.0,0.4999999999999999,9615.016999861522,99141.96713376528,264485.18328910926,9865.789320250344,358.65801952152435,1547.2514658682587,17.394508330586504,0.0,15.032258064516128,10172.1,3813.0,21.00365623457204,6223.269678803294,232.1395352686416,0.0,13.594507112208168,239.34694833380348,9.729550745276564,11.25850492755128,46.70184357732751,0.45419282893059,25198.98249843171,939.9689212172206,0.0,55.04626417880275,969.1528526651192,39.39645742541136,45.58742964235911,189.1029956419745,1.839097088483555,17916.292903842037,668.3110524039711,0.0,39.13749264880345,689.0606149682033,28.010594104398507,32.41233023026341,134.4508517011128,1.3075846264000992,30334.28599773821,1131.525294204367,0.0,66.26414859452268,1166.656622349622,47.425065949171625,54.87769709587099,227.64031655602372,2.2138868925814696,0.0,1.9459101490553128,0.0,0.0,0.0,7.879291485082271,0.0,0.0,0.0,5.602118820879701,0.0,0.0,0.0,9.485013189834325,0.0,0.0,160.92676932687436,60.32321462071469,5.8502847061921015,651.6174058163039,244.2580360375504,23.688708593860245,463.2952264867513,173.66568344727074,16.842499164709295,784.4105907992987,294.03540888486407,28.516233202985774,1.9459101490553128,7.879291485082271,5.602118820879701,9.485013189834325,1.9459101490553128,0.0,0.0,7.879291485082271,0.0,0.0,5.602118820879701,0.0,0.0,9.485013189834325,0.0,0.0,0.0,-0.0,0.0,0.0,0.4999999999999999,-0.8660254037844387,0.0,0.0,0.0,-0.0,0.0,0.0,0.0,-0.0,0.0,0.0,0.0,0.0,0.0,0.0,0.0,3198.127972056944,6.986194670297566,119.29612237303922,3.0064516129032257,0.0,0.0,0.0,0.0,0.0,0.0,0.0,0.0,0.0,0.0,119.29612237303922,3198.127972056944,6.986194670297566,0.0,1.9459101490553128,7.879291485082271,5.602118820879701,9.485013189834325,367.165,228.77,151.0,92.0,0.0,-3.7155071684587817,1174240.656860288,482917.3237805986,3.2691955790158715,24.912333644851607,0.0,0.0,0.0,0.02301162414045148,0.0,0.0,334763.0
5.729,11.309333333333331,0.3083333333333333,104.925,14.263333333333332,45.2485,59.25333333333333,14,0.0,38.67816666666667,26,1.0,3.367295829986474,8.368925174747135,6.320768294250582,10.055006200175038,10.055006200175038,1.3701431492843312,3.367295829986474,8.368925174747135,6.320768294250582,28164.0,4.0,1,1,1,1,1,1,1,1,1,0,1,1,0,0,1,1,1,1,1,83,24,18,24,1.2083333333333337,53,1,1,FED,NPS,1,II: National park,Fee,National Park,OPEN ACCESS,0,1,0,0,0,1,1,0,0,0,1,0,0,1,1,6.986194670297566,119.29612237303922,0.0,123,50,6,5,5.785727019830275,104.34657778417292,536.2075079648397,3198.127972056944,204.16357058124728,0.233408941903658,0.551434401061142,1.2246467991473532e-16,-1.0,0,0,1,0,1,1.914821438590088,4.657255655471723,6.286384440658714,2.9444389791664403,3.218875824868201,4.789956389485572,0.0053541910092922,1.6657446477674875,3.916577184243153e-13,-3198.127972056944,3198.127972056944,0.0,119.29612237303922,1.4609561441483343e-14,-119.29612237303922,6.986194670297566,8.555620941200213e-16,0.0,0.0,0.0,1.0,1.2246467991473532e-16,1.0,1.2246467991473532e-16,0.0,1.2246467991473532e-16,18322.075151914232,44773.79160879722,335563.57746807486,12517.14563999114,683.4474850751417,1701.5603587807827,33.146430096607645,0.0,28.645,12905.775,1722.0,40.02390926613476,10769.042984070447,401.7053354002911,0.0,23.524584180766723,414.17738708833633,16.83647914993237,19.482254467314554,80.81509991967538,0.7859569567537428,26764.89369741036,998.3803217774428,0.0,58.46694045193756,1029.3777964938977,41.84462587373567,48.420316510472304,200.85420419393125,1.9533819699086148,20214.625886733444,754.0431479225439,0.0,44.15811776947925,777.4545001928216,31.60384147125292,36.57023990613211,151.69843906201396,1.4753238395792176,32157.1965879858,1199.5232501177495,0.0,70.24623072547183,1236.7657626215296,50.27503100087519,58.17552105691366,241.32014880420093,2.346928358017576,0.0,3.367295829986474,0.0,0.0,0.0,8.368925174747135,0.0,0.0,0.0,6.320768294250582,0.0,0.0,0.0,10.055006200175038,0.0,0.0,353.3135149613308,47.14214161981064,19.29123780999251,878.109473960343,117.16495244645988,47.94557232612634,663.2066132742423,88.49075611950815,36.21168155776159,1055.0215255533658,140.77008680245052,57.6051305208028,3.367295829986474,8.368925174747135,6.320768294250582,10.055006200175038,3.367295829986474,0.0,0.0,8.368925174747135,0.0,0.0,6.320768294250582,0.0,0.0,10.055006200175038,0.0,0.0,0.0,-0.0,0.0,0.0,1.2246467991473532e-16,-1.0,1.0,0.0,0.0,-0.0,0.0,0.0,0.0,-0.0,0.0,0.0,0.0,0.0,0.0,0.0,0.0,3198.127972056944,6.986194670297566,119.29612237303922,5.729,0.0,0.0,0.0,0.0,0.0,1.0,0.0,0.0,0.0,1.0,119.29612237303922,3198.127972056944,6.986194670297566,0.0,3.367295829986474,8.368925174747135,6.320768294250582,10.055006200175038,472.09,258.505,165.0,75.0,0.0,1.4327616487455188,1509804.2343283629,527691.1153893957,2.878760066772692,28.111995499159228,0.0,1.0,0.0,0.025967164838385383,28.111995499159228,0.0,576304.0
11.562903225806451,18.13096774193549,5.076935483870967,92.98,16.91483870967742,50.48854838709677,41.46290322580645,1,0.0,40.22822580645161,31,1.0,3.5263605246161616,8.594339400592892,6.450470422144176,10.07828084290929,10.07828084290929,1.3701431492843312,3.5263605246161616,8.594339400592892,6.450470422144176,29884.0,4.0,1,1,1,1,1,1,1,1,1,0,1,1,0,0,1,1,1,1,1,83,24,18,24,1.2083333333333337,53,1,1,FED,NPS,1,II: National park,Fee,National Park,OPEN ACCESS,0,1,0,0,0,1,1,0,0,0,1,0,0,1,1,6.986194670297566,119.29612237303922,0.0,123,50,6,5,5.785727019830275,104.34657778417292,536.2075079648397,3198.127972056944,204.16357058124728,0.233408941903658,0.551434401061142,-0.4999999999999997,-0.8660254037844388,0,0,1,0,1,1.914821438590088,4.657255655471723,6.286384440658714,2.9444389791664403,3.218875824868201,4.789956389485572,0.0053541910092922,1.6657446477674875,-1599.0639860284712,-2769.660068354924,3198.127972056944,0.0,119.29612237303922,-59.64806118651958,-103.31347254802913,6.986194670297566,-3.4930973351487813,0.0,0.0,-0.0,1.0,-0.4999999999999997,1.0,-0.4999999999999997,0.0,-0.4999999999999997,36979.64424463909,3198.127972056944,297361.9388418547,11092.153458245188,1379.4095182134165,2017.8746686298985,66.89980162123103,0.0,57.814516129032256,11436.54,123.0,80.78069288929557,11277.752233332349,420.6811366760644,0.0,24.63584110262116,433.7423445277879,17.63180262308081,20.40255936893459,84.63265259078787,0.8230840788214866,27485.79723838724,1025.271364848562,0.0,60.04172811515044,1057.1037462729255,42.97169700296446,49.72450168760222,206.2641456142294,2.0059956658533054,20629.42988998525,769.5161088437816,0.0,45.06424208409573,793.4078619237337,32.25235211072088,37.32066101201556,154.81129013146025,1.5055974760135142,32231.63187395384,1202.2998247455637,0.0,70.40883191049494,1239.6285436778428,50.391404214546455,58.31018178625812,241.87874022982297,2.352360867751364,0.0,3.5263605246161616,0.0,0.0,0.0,8.594339400592892,0.0,0.0,0.0,6.450470422144176,0.0,0.0,0.0,10.07828084290929,0.0,0.0,327.8810015788107,3.5263605246161616,40.774965485440745,799.1016774671272,8.594339400592892,99.37551477879104,599.7647398509655,6.450470422144176,74.58616525218,937.0785527737058,10.07828084290929,116.5341860690592,3.5263605246161616,8.594339400592892,6.450470422144176,10.07828084290929,3.5263605246161616,0.0,0.0,8.594339400592892,0.0,0.0,6.450470422144176,0.0,0.0,10.07828084290929,0.0,0.0,-0.0,-0.0,0.0,0.0,-0.4999999999999997,-0.8660254037844388,1.0,0.0,-0.0,-0.0,0.0,0.0,-0.0,-0.0,0.0,0.0,0.0,0.0,0.0,0.0,0.0,3198.127972056944,6.986194670297566,119.29612237303922,11.562903225806451,0.0,0.0,0.0,0.0,0.0,1.0,0.0,0.0,0.0,1.0,119.29612237303922,3198.127972056944,6.986194670297566,0.0,3.5263605246161616,8.594339400592892,6.450470422144176,10.07828084290929,565.07,280.605,166.0,46.0,0.0,6.766118279569891,1807166.1731702173,530889.2433614527,2.8449041180008856,28.649451190262518,0.0,1.0,0.0,0.026463614851143277,28.649451190262518,0.0,734323.0
11.090806451612902,17.358225806451614,5.377903225806452,103.395,15.35241935483871,46.31145161290323,38.5,0,0.0,42.51983870967742,30,1.0,3.258096538021482,8.506536611227709,6.09807428216624,9.750977193313805,9.750977193313805,1.3701431492843312,3.258096538021482,8.506536611227709,6.09807428216624,22585.0,4.0,1,1,1,1,1,1,1,1,1,0,1,1,0,0,1,1,1,1,1,83,24,18,24,1.2083333333333337,53,1,1,FED,NPS,1,II: National park,Fee,National Park,OPEN ACCESS,0,1,0,0,0,1,1,0,0,0,1,0,0,1,1,6.986194670297566,119.29612237303922,0.0,123,50,6,5,5.785727019830275,104.34657778417292,536.2075079648397,3198.127972056944,204.16357058124728,0.233408941903658,0.551434401061142,-0.8660254037844385,-0.5000000000000004,0,0,1,0,1,1.914821438590088,4.657255655471723,6.286384440658714,2.9444389791664403,3.218875824868201,4.789956389485572,0.0053541910092922,1.6657446477674875,-2769.6600683549223,-1599.0639860284734,3198.127972056944,0.0,119.29612237303922,-103.31347254802908,-59.64806118651966,6.986194670297566,-6.050222060261142,0.0,0.0,-0.0,1.0,-0.8660254037844385,1.0,-0.8660254037844385,0.0,-0.8660254037844385,35469.81834557284,0.0,330670.44167082774,12334.62257276039,1323.0902036673058,1831.4840980770548,64.1683785588047,0.0,55.45403225806452,12717.585,0.0,77.48253292155992,10419.809673908394,388.6782833029862,0.0,22.76169666924063,400.7458741766423,16.29048269010741,18.850457173246365,78.19431691251557,0.7604688655595654,27204.992681693824,1014.7968325437593,0.0,59.42832073605014,1046.3040031810085,42.53268305613855,49.216498716755616,204.15687866946504,1.985501709691388,19502.421937476924,727.4766158051871,0.0,42.602334049148446,750.0631367064475,30.4903714108312,35.281793143261325,146.35378277198976,1.4233450658503308,31184.8729168262,1163.2537685102782,0.0,68.12222489812203,1199.370194777598,48.75488596656902,56.416492217104455,234.0234526395313,2.275965269218076,0.0,3.258096538021482,0.0,0.0,0.0,8.506536611227709,0.0,0.0,0.0,6.09807428216624,0.0,0.0,0.0,9.750977193313805,0.0,0.0,336.87089154873115,0.0,36.13491810386632,879.5333529178889,0.0,94.34435112868564,630.5103904045784,0.0,67.63256159106406,1008.2022869026808,0.0,108.14620076513502,3.258096538021482,8.506536611227709,6.09807428216624,9.750977193313805,3.258096538021482,0.0,0.0,8.506536611227709,0.0,0.0,6.09807428216624,0.0,0.0,9.750977193313805,0.0,0.0,-0.0,-0.0,0.0,0.0,-0.8660254037844385,-0.5000000000000004,1.0,0.0,-0.0,-0.0,0.0,0.0,-0.0,-0.0,0.0,0.0,0.0,0.0,0.0,0.0,0.0,3198.127972056944,6.986194670297566,119.29612237303922,11.090806451612902,0.0,0.0,0.0,0.0,0.0,1.0,0.0,0.0,0.0,1.0,119.29612237303922,3198.127972056944,6.986194670297566,0.0,3.258096538021482,8.506536611227709,6.09807428216624,9.750977193313805,668.465,301.3,166.0,15.0,0.0,9.460903225806453,2137836.6148410453,530889.2433614527,2.8644679381499034,27.613684624729235,0.0,1.0,0.0,0.025506873052358648,27.613684624729235,0.0,656651.0
7.262666666666666,13.8885,1.5185,44.85,15.414833333333332,46.1345,33.605,8,0.0,34.974333333333334,28,1.0,2.772588722239781,8.40200678160712,6.025865973825314,9.342070142654077,9.342070142654077,1.3701431492843312,2.772588722239781,8.40200678160712,6.025865973825314,16290.0,4.0,1,1,1,1,1,1,1,1,1,0,1,1,0,0,1,1,1,1,1,83,24,18,24,1.2083333333333337,53,1,1,FED,NPS,1,II: National park,Fee,National Park,OPEN ACCESS,0,1,0,0,0,1,1,0,0,0,1,0,0,1,1,6.986194670297566,119.29612237303922,0.0,123,50,6,5,5.785727019830275,104.34657778417292,536.2075079648397,3198.127972056944,204.16357058124728,0.233408941903658,0.551434401061142,-1.0,-1.8369701987210292e-16,0,0,0,1,0,1.914821438590088,4.657255655471723,6.286384440658714,2.9444389791664403,3.218875824868201,4.789956389485572,0.0053541910092922,1.6657446477674875,-3198.127972056944,-5.874865776364728e-13,0.0,0.0,0.0,-119.29612237303922,-2.1914342162225013e-14,0.0,-6.986194670297566,0.0,0.0,-0.0,0.0,-1.0,0.0,-1.0,0.0,-1.0,23226.93741839223,25585.02377645556,143436.03954675395,5350.43108843081,866.4079714212595,1838.9298436933373,42.019806769354005,0.0,36.31333333333333,5516.55,984.0,50.73840315881446,8867.093547604665,330.7590834984254,0.0,19.369844554238696,341.0284128354931,13.862943611198906,16.041441485139398,66.54212933375474,0.6471469999920024,26870.69290966988,1002.3268291977084,0.0,58.69805499746767,1033.4468341376758,42.0100339080356,48.611717657141526,201.6481627585709,1.961103512762277,19271.490526756894,718.8624446169979,0.0,42.09787275026586,741.1815147805137,30.12932986912657,34.864015582636995,144.62078337180753,1.4064910010038223,29877.13584014001,1114.472742955577,0.0,65.26552064015593,1149.0746275464514,46.71035071327039,54.05066764550336,224.20968342369784,2.180522707186644,0.0,2.772588722239781,0.0,0.0,0.0,8.40200678160712,0.0,0.0,0.0,6.025865973825314,0.0,0.0,0.0,9.342070142654077,0.0,0.0,124.35060419245418,22.18070977791825,20.136387693386784,376.83000415507934,67.21605425285696,61.02097458588531,270.2600889260653,48.20692779060251,43.76385594590198,418.99184589803536,74.73656114123261,67.84834142271566,2.772588722239781,8.40200678160712,6.025865973825314,9.342070142654077,2.772588722239781,0.0,0.0,8.40200678160712,0.0,0.0,6.025865973825314,0.0,0.0,9.342070142654077,0.0,0.0,-0.0,-0.0,0.0,0.0,-1.0,-1.8369701987210292e-16,0.0,0.0,-0.0,-0.0,0.0,0.0,-0.0,-0.0,0.0,0.0,0.0,0.0,0.0,0.0,0.0,3198.127972056944,6.986194670297566,119.29612237303922,7.262666666666666,0.0,0.0,0.0,0.0,0.0,0.0,0.0,0.0,0.0,0.0,119.29612237303922,3198.127972056944,6.986194670297566,0.0,2.772588722239781,8.40200678160712,6.025865973825314,9.342070142654077,713.315,241.225,174.0,9.0,0.0,9.972125448028672,2281272.654387799,556474.2671379083,2.929152622723988,26.542531620326294,0.0,0.0,0.0,0.024517444655740742,0.0,0.0,595167.0
0.519032258064516,6.45032258064516,-4.847741935483871,43.755,16.986612903225808,50.61741935483871,33.00806451612903,30,0.0,30.85935483870968,28,1.0,3.044522437723423,8.041734711487537,5.442417710521793,9.303739636234733,9.303739636234733,1.3701431492843312,3.044522437723423,8.041734711487537,5.442417710521793,14335.0,4.0,1,1,1,1,1,1,1,1,1,0,1,1,0,0,1,1,1,1,1,83,24,18,24,1.2083333333333337,53,1,1,FED,NPS,1,II: National park,Fee,National Park,OPEN ACCESS,0,1,0,0,0,1,1,0,0,0,1,0,0,1,1,6.986194670297566,119.29612237303922,0.0,123,50,6,5,5.785727019830275,104.34657778417292,536.2075079648397,3198.127972056944,204.16357058124728,0.233408941903658,0.551434401061142,-0.8660254037844386,0.5000000000000001,0,0,0,1,0,1.914821438590088,4.657255655471723,6.286384440658714,2.9444389791664403,3.218875824868201,4.789956389485572,0.0053541910092922,1.6657446477674875,-2769.6600683549227,1599.0639860284723,0.0,0.0,0.0,-103.3134725480291,59.64806118651963,0.0,-6.050222060261143,0.0,0.0,-0.0,0.0,-0.8660254037844386,0.0,-0.8660254037844386,0.0,-0.8660254037844386,1659.931582916007,95943.83916170833,139934.0894173516,5219.801834432332,61.91853577361938,2026.437051606673,3.0029789596473906,0.0,2.59516129032258,5381.865000000001,3690.0,3.626060395002833,9736.772369638276,363.19972129811714,0.0,21.269626428024733,374.476259839981,15.222612188617116,17.614775730415943,73.06853850536216,0.7106187607909696,25718.49672466957,959.3477682331344,0.0,56.18112418134117,989.1333695129672,40.208673557437685,46.52728180656047,193.0016330757009,1.8770127900782243,17405.548315637858,649.2593291996038,0.0,38.02178960278044,669.4173783941806,27.212088552608968,31.488343200968764,130.61802505252302,1.2703089592106205,29754.5499753772,1109.900062171154,0.0,64.99773626049931,1144.359975256872,46.51869818117366,53.82889779882918,223.2897512696336,2.171576024240673,0.0,3.044522437723423,0.0,0.0,0.0,8.041734711487537,0.0,0.0,0.0,5.442417710521793,0.0,0.0,0.0,9.303739636234733,0.0,0.0,133.2130792625884,91.33567313170268,1.5802053555796731,351.86610230113723,241.2520413446261,4.173919726059176,238.13298692388108,163.2725313156538,2.82479035362244,407.08512778345073,279.112189087042,4.828940991839252,3.044522437723423,8.041734711487537,5.442417710521793,9.303739636234733,3.044522437723423,0.0,0.0,8.041734711487537,0.0,0.0,5.442417710521793,0.0,0.0,9.303739636234733,0.0,0.0,-0.0,0.0,0.0,0.0,-0.8660254037844386,0.5000000000000001,0.0,0.0,-0.0,0.0,0.0,0.0,-0.0,0.0,0.0,0.0,0.0,0.0,0.0,0.0,0.0,3198.127972056944,6.986194670297566,119.29612237303922,0.519032258064516,0.0,0.0,0.0,0.0,0.0,0.0,0.0,0.0,0.0,0.0,119.29612237303922,3198.127972056944,6.986194670297566,0.0,3.044522437723423,8.041734711487537,5.442417710521793,9.303739636234733,757.07,192.0,204.0,38.0,0.0,6.290835125448027,2421206.743805151,652418.1062996166,2.7862571145728583,25.832414495967484,0.0,0.0,0.0,0.023861506573247204,0.0,0.0,393340.0
-6.107666666666668,-0.7083333333333334,-11.376333333333331,17.34,16.505333333333333,50.39533333333333,55.93,30,0.0,25.71733333333333,22,1.0,1.3862943611198906,7.103322062526113,5.075173815233827,9.259987311865595,9.259987311865595,1.3701431492843312,1.3862943611198906,7.103322062526113,5.075173815233827,11885.0,4.0,1,1,1,1,1,1,1,1,1,0,1,1,0,0,1,1,1,1,1,83,24,18,24,1.2083333333333337,53,1,1,FED,NPS,1,II: National park,Fee,National Park,OPEN ACCESS,0,1,0,0,0,1,1,0,0,0,1,0,0,1,1,6.986194670297566,119.29612237303922,0.0,123,50,6,5,5.785727019830275,104.34657778417292,536.2075079648397,3198.127972056944,204.16357058124728,0.233408941903658,0.551434401061142,-0.5000000000000004,0.8660254037844384,0,0,0,1,0,1.914821438590088,4.657255655471723,6.286384440658714,2.9444389791664403,3.218875824868201,4.789956389485572,0.0053541910092922,1.6657446477674875,-1599.0639860284734,2769.6600683549223,0.0,0.0,0.0,-59.64806118651966,103.31347254802908,0.0,-3.493097335148786,0.0,0.0,-0.0,0.0,-0.5000000000000004,0.0,-0.5000000000000004,0.0,-0.5000000000000004,-19533.099610666464,95943.83916170833,55455.53903546741,2068.5947619485,-728.6209500803993,1969.0222651411368,-35.33729206145005,0.0,-30.538333333333338,2132.82,3690.0,-42.66934831462078,4433.546773802333,165.3795417492127,0.0,9.684922277119348,170.51420641774655,6.931471805599453,8.020720742569699,33.27106466687737,0.3235734999960012,22717.332982693988,847.3987780262245,0.0,49.62519073462704,873.7086136907119,35.51661031263056,41.097882387713845,170.47972950062672,1.6579788866151297,16231.055341550262,605.448556526579,0.0,35.456152258820325,624.2463792737607,25.37586907616913,29.36357027313345,121.80417156561184,1.1845909501908785,29614.62444296975,1104.6805795291086,0.0,64.69207400517851,1138.9784393594682,46.299936559327975,53.575758793546285,222.2396954847743,2.1613638405038467,0.0,1.3862943611198906,0.0,0.0,0.0,7.103322062526113,0.0,0.0,0.0,5.075173815233827,0.0,0.0,0.0,9.259987311865595,0.0,0.0,24.038344221818903,41.58883083359672,-8.46702385959992,123.1716045642028,213.09966187578337,-43.38472338388866,88.00351395615455,152.2552144570148,-30.99746993884314,160.56817998774943,277.7996193559679,-56.556915838437774,1.3862943611198906,7.103322062526113,5.075173815233827,9.259987311865595,1.3862943611198906,0.0,0.0,7.103322062526113,0.0,0.0,5.075173815233827,0.0,0.0,9.259987311865595,0.0,0.0,-0.0,0.0,0.0,0.0,-0.5000000000000004,0.8660254037844384,0.0,0.0,-0.0,0.0,0.0,0.0,-0.0,0.0,0.0,0.0,0.0,0.0,0.0,0.0,-0.0,3198.127972056944,6.986194670297566,119.29612237303922,-6.107666666666668,0.0,0.0,0.0,0.0,-0.0,0.0,0.0,0.0,0.0,0.0,119.29612237303922,3198.127972056944,6.986194670297566,0.0,1.3862943611198906,7.103322062526113,5.075173815233827,9.259987311865595,774.41,105.945,234.0,68.0,0.0,0.5580107526881708,2476662.282840618,748361.9454613249,3.3486879565055943,22.824777550745424,0.0,0.0,0.0,0.021083340066606476,0.0,0.0,148217.0
-9.091129032258063,-3.977258064516129,-13.784354838709678,55.075,16.74274193548387,50.53306451612904,66.63548387096773,31,0.0,26.286290322580644,13,1.0,1.791759469228055,6.79346613258001,4.174387269895637,9.274253697719836,9.274253697719836,1.3701431492843312,1.791759469228055,6.79346613258001,4.174387269895637,11619.0,4.0,1,1,1,1,1,1,1,1,1,0,1,1,0,0,1,1,1,1,1,83,24,18,24,1.2083333333333337,53,1,1,FED,NPS,1,II: National park,Fee,National Park,OPEN ACCESS,0,1,0,0,0,1,1,0,0,0,1,0,0,1,1,6.986194670297566,119.29612237303922,0.0,123,50,6,5,5.785727019830275,104.34657778417292,536.2075079648397,3198.127972056944,204.16357058124728,0.233408941903658,0.551434401061142,-2.4492935982947064e-16,1.0,1,0,0,0,0,1.914821438590088,4.657255655471723,6.286384440658714,2.9444389791664403,3.218875824868201,4.789956389485572,0.0053541910092922,1.6657446477674875,-7.833154368486305e-13,3198.127972056944,0.0,3198.127972056944,0.0,-2.9219122882966686e-14,119.29612237303922,0.0,-1.7111241882400426e-15,6.986194670297566,0.0,-0.0,0.0,-2.4492935982947064e-16,0.0,-2.4492935982947064e-16,1.0,-2.4492935982947064e-16,-29074.59405564349,99141.96713376528,176136.89806103622,6570.233939695136,-1084.5364415413476,1997.3441907957,-52.598790882698935,0.0,-45.45564516129032,6774.225,3813.0,-63.512397192148754,5730.276077736146,213.74995690408184,0.0,12.517580454376231,220.3864147150508,8.958797346140274,10.366631174149507,43.00222726147332,0.4182126818583802,21726.37406582564,810.4341670893623,0.0,47.46047688827748,835.5963343073412,33.967330662900046,39.30514056157004,163.04318718192025,1.5856557418638355,13350.224694051656,497.988214581927,0.0,29.163082096702905,513.4496341971633,20.871936349478183,24.15186521867072,100.18529447749528,0.9743393157624402,29660.250170630352,1106.3825040417971,0.0,64.79174175399781,1140.73320481954,46.37126848859918,53.65830020765849,222.58208874527605,2.1646937425308743,0.0,1.791759469228055,0.0,0.0,0.0,6.79346613258001,0.0,0.0,0.0,4.174387269895637,0.0,0.0,0.0,9.274253697719836,0.0,0.0,98.68115276773511,55.5445435460697,-16.28911652952247,374.150147251844,210.5974501099803,-61.76027718756003,229.9043788895022,129.40600536676473,-37.9498933012367,510.77952240192,287.5018646293149,-84.3134370438675,1.791759469228055,6.79346613258001,4.174387269895637,9.274253697719836,1.791759469228055,0.0,0.0,6.79346613258001,0.0,0.0,4.174387269895637,0.0,0.0,9.274253697719836,0.0,0.0,-0.0,0.0,0.0,0.0,-2.4492935982947064e-16,1.0,0.0,1.0,-0.0,0.0,0.0,0.0,-0.0,0.0,0.0,0.0,0.0,0.0,0.0,0.0,-0.0,3198.127972056944,6.986194670297566,119.29612237303922,-9.091129032258063,0.0,0.0,0.0,0.0,-0.0,0.0,1.0,0.0,0.0,0.0,119.29612237303922,3198.127972056944,6.986194670297566,0.0,1.791759469228055,6.79346613258001,4.174387269895637,9.274253697719836,829.485,116.17,265.0,91.0,0.0,-4.893254480286739,2652799.1809016545,847503.9125950902,3.236564836315748,22.033866569423537,0.0,0.0,0.0,0.020352772369087856,0.0,22.033866569423537,123020.0
-11.38258064516129,-6.392580645161291,-16.33483870967742,69.205,18.646451612903224,55.142580645161296,72.5241935483871,31,0.0,25.760967741935485,11,1.0,1.6094379124341005,6.777646593635117,4.290459441148391,9.458683724312134,9.458683724312134,2.3701431492843312,3.218875824868201,13.555293187270234,8.580918882296782,13771.0,4.0,1,1,1,1,1,1,1,1,1,0,1,1,0,0,1,1,1,1,1,83,24,18,24,1.2083333333333337,53,1,1,FED,NPS,1,II: National park,Fee,National Park,OPEN ACCESS,0,1,0,0,0,1,1,0,0,0,1,0,0,1,1,6.986194670297566,119.29612237303922,0.0,123,50,6,5,5.785727019830275,104.34657778417292,536.2075079648397,3198.127972056944,204.16357058124728,0.233408941903658,0.551434401061142,0.4999999999999999,0.8660254037844387,1,0,0,0,0,1.914821438590088,4.657255655471723,6.286384440658714,2.9444389791664403,3.218875824868201,4.789956389485572,0.0053541910092922,1.6657446477674875,1599.0639860284718,2769.660068354923,0.0,3198.127972056944,0.0,59.648061186519605,103.31347254802913,0.0,3.493097335148782,6.986194670297566,0.0,0.0,0.0,0.4999999999999999,0.0,0.4999999999999999,1.0,0.4999999999999999,-36402.9495554843,99141.96713376528,221326.4463062008,8255.88814882618,-1357.897733566149,2224.449373435857,-65.8565043941068,0.0,-56.91290322580645,8512.215,3813.0,-79.52092423745803,5147.188407044431,191.99970215354725,0.0,11.243846566021954,197.9608632293944,8.047189562170502,9.311768416709208,38.62650989841841,0.3756572002008755,21675.78115582093,808.5469574355074,0.0,47.349958509614105,833.6505310171194,33.888232968175586,39.21361302765532,162.6635182472428,1.5819633200173044,13721.438351712472,511.8351745278,0.0,29.973984880878763,527.7265112612521,21.45229720574196,24.823427116138145,102.97102658756138,1.0014315984390056,30250.08099756239,1128.3842910634148,0.0,66.08020582281976,1163.4180980903925,47.29341862156068,54.72536199578157,227.00840938349123,2.2077413598930464,0.0,1.6094379124341005,0.0,0.0,0.0,6.777646593635117,0.0,0.0,0.0,4.290459441148391,0.0,0.0,0.0,9.458683724312134,0.0,0.0,111.38115073000192,49.89257528545711,-18.319556831661185,469.04703251251823,210.10704440268864,-77.14710893645443,296.9212456246744,133.00424267560012,-48.8365005936652,654.5882071410213,293.2191954536761,-107.6642302890574,1.6094379124341005,6.777646593635117,4.290459441148391,9.458683724312134,1.6094379124341005,0.0,0.0,6.777646593635117,0.0,0.0,4.290459441148391,0.0,0.0,9.458683724312134,0.0,0.0,0.0,0.0,0.0,0.0,0.4999999999999999,0.8660254037844387,0.0,1.0,0.0,0.0,0.0,0.0,0.0,0.0,0.0,0.0,0.0,0.0,0.0,0.0,-0.0,3198.127972056944,6.986194670297566,119.29612237303922,-11.38258064516129,0.0,0.0,0.0,0.0,-0.0,0.0,1.0,0.0,0.0,0.0,119.29612237303922,3198.127972056944,6.986194670297566,0.0,1.6094379124341005,6.777646593635117,4.290459441148391,9.458683724312134,69.205,141.62,31.0,92.0,0.0,-8.860458781362007,221326.4463062008,99141.96713376528,3.361466935404383,22.136227671529745,0.0,0.0,0.0,0.020447323736368424,0.0,22.136227671529745,110891.0
-9.119827586206895,-3.915,-14.790172413793105,64.295,20.58034482758621,61.241551724137935,59.91724137931034,29,0.0,24.783620689655173,16,0.0,0.0,6.637258031284457,4.0943445622221,0.0,0.0,2.3701431492843312,0.0,13.274516062568914,8.1886891244442,821.0,2.0,1,1,1,1,1,1,1,1,1,0,1,1,0,0,1,1,1,1,1,83,24,18,24,1.2083333333333337,53,1,1,FED,NPS,1,II: National park,Fee,National Park,OPEN ACCESS,0,1,0,0,0,1,1,0,0,0,1,0,0,1,1,6.986194670297566,119.29612237303922,0.0,123,50,6,5,5.785727019830275,104.34657778417292,536.2075079648397,3198.127972056944,204.16357058124728,0.233408941903658,0.551434401061142,0.8660254037844386,0.5000000000000001,1,0,0,0,0,1.914821438590088,4.657255655471723,6.286384440658714,2.9444389791664403,3.218875824868201,4.789956389485572,0.0053541910092922,1.6657446477674875,2769.6600683549227,1599.0639860284723,0.0,3198.127972056944,0.0,103.3134725480291,59.64806118651963,0.0,6.050222060261143,6.986194670297566,0.0,0.0,0.0,0.8660254037844386,0.0,0.8660254037844386,1.0,0.8660254037844386,-29166.37570378484,92745.71118965138,205623.63796340124,7670.144187974557,-1087.9600677451567,2455.155335031069,-52.76483288171075,0.0,-45.59913793103448,7908.285,3567.0,-63.71289087679133,0.0,0.0,0.0,0.0,0.0,0.0,0.0,0.0,0.0,21226.800567610426,791.7991463215479,0.0,46.36917668354919,816.3827378479882,33.18629015642229,38.40136312918798,159.29419275082697,1.5491953742236613,13094.237871681742,488.4394299322354,0.0,28.60388815895785,503.6043811533184,20.471722811110503,23.688759962143564,98.2642694933304,0.9556566320572564,0.0,0.0,0.0,0.0,0.0,0.0,0.0,0.0,0.0,0.0,0.0,0.0,0.0,0.0,6.637258031284457,0.0,0.0,0.0,4.0943445622221,0.0,0.0,0.0,0.0,0.0,0.0,0.0,0.0,-0.0,426.7425051214342,192.48048290724924,-60.53064889048126,263.24588362807,118.73599230444091,-37.33971648598931,0.0,0.0,-0.0,0.0,6.637258031284457,4.0943445622221,0.0,0.0,0.0,0.0,6.637258031284457,0.0,0.0,4.0943445622221,0.0,0.0,0.0,0.0,0.0,0.0,0.0,0.0,0.0,0.8660254037844386,0.5000000000000001,0.0,1.0,0.0,0.0,0.0,0.0,0.0,0.0,0.0,0.0,0.0,0.0,0.0,0.0,-0.0,3198.127972056944,6.986194670297566,119.29612237303922,-9.119827586206895,0.0,0.0,0.0,0.0,-0.0,0.0,1.0,0.0,0.0,0.0,119.29612237303922,3198.127972056944,6.986194670297566,0.0,0.0,6.637258031284457,4.0943445622221,0.0,133.5,188.575,60.0,91.0,0.0,-9.864512421208753,426950.084269602,191887.67832341665,3.2672632794541543,10.731602593506558,0.0,0.0,0.0,0.009912825061954898,0.0,10.731602593506558,105737.0
-7.291774193548387,-1.6587096774193546,-13.049032258064516,112.1,18.640806451612903,55.347096774193545,64.20967741935483,31,0.0,27.02516129032258,22,0.0,0.6931471805599453,6.921658184151129,4.060443010546419,0.0,0.0,2.3701431492843312,1.3862943611198906,13.843316368302258,8.120886021092838,1071.0,3.0,1,1,1,1,1,1,1,1,1,0,1,1,0,0,1,1,1,1,1,83,24,18,24,1.2083333333333337,53,1,1,FED,NPS,1,II: National park,Fee,National Park,OPEN ACCESS,0,1,0,0,0,1,1,0,0,0,1,0,0,1,1,6.986194670297566,119.29612237303922,0.0,123,50,6,5,5.785727019830275,104.34657778417292,536.2075079648397,3198.127972056944,204.16357058124728,0.233408941903658,0.551434401061142,1.0,6.123233995736766e-17,0,1,0,0,0,1.914821438590088,4.657255655471723,6.286384440658714,2.9444389791664403,3.218875824868201,4.789956389485572,0.0053541910092922,1.6657446477674875,3198.127972056944,1.9582885921215768e-13,0.0,0.0,0.0,119.29612237303922,7.304780720741671e-15,0.0,6.986194670297566,0.0,0.0,0.0,0.0,1.0,0.0,1.0,0.0,1.0,-23320.027014310064,99141.96713376528,358510.14566758345,13373.095318017697,-869.8803865101178,2223.775927583752,-42.18821497411402,0.0,-36.45887096774194,13788.3,3813.0,-50.94175400798108,2216.7733869011663,82.68977087460635,0.0,4.842461138559674,85.25710320887327,3.4657359027997265,4.0103603712848495,16.635532333438686,0.1617867499980006,22136.3486517506,825.7269817608416,0.0,48.35605151573815,851.3639566505889,34.60829092075564,40.04682477807254,166.1197964196271,1.6155769129815096,12985.816370971612,484.3951062748974,0.0,28.3670453193264,499.4344902972096,20.30221505273209,23.4926148385994,97.45063225311408,0.9477437067517432,0.0,0.0,0.0,0.0,0.0,0.0,0.0,0.0,0.0,0.0,0.6931471805599453,0.0,0.0,0.0,6.921658184151129,0.0,0.0,0.0,4.060443010546419,0.0,0.0,0.0,0.0,0.0,0.0,77.70179894076986,21.487562597358306,-5.054272723537833,775.9178824433415,214.57140370868493,-50.47116852375619,455.17566148225353,125.873733326939,-29.6078335586763,0.0,0.0,-0.0,0.6931471805599453,6.921658184151129,4.060443010546419,0.0,0.6931471805599453,0.0,0.0,6.921658184151129,0.0,0.0,4.060443010546419,0.0,0.0,0.0,0.0,0.0,0.0,0.0,0.0,0.0,1.0,6.123233995736766e-17,0.0,0.0,0.0,0.0,0.0,0.0,0.0,0.0,0.0,0.0,0.0,0.0,0.0,0.0,-0.0,3198.127972056944,6.986194670297566,119.29612237303922,-7.291774193548387,0.0,0.0,0.0,0.0,-0.0,0.0,0.0,0.0,0.0,0.0,119.29612237303922,3198.127972056944,6.986194670297566,0.0,0.6931471805599453,6.921658184151129,4.060443010546419,0.0,245.6,245.6,91.0,91.0,0.0,-9.264727474972192,785460.2299371854,291029.6454571819,3.204119552391452,11.675248375257492,0.0,0.0,0.0,0.01078447451723837,0.0,0.0,145605.0
-2.874833333333333,2.565166666666667,-8.462833333333332,95.85,20.209,60.30033333333333,55.236666666666665,30,0.0,29.466833333333334,24,0.0,1.6094379124341005,7.002155954403621,4.31748811353631,0.0,0.0,2.3701431492843312,3.218875824868201,14.004311908807242,8.63497622707262,1176.0,3.0,1,1,1,1,1,1,1,1,1,0,1,1,0,0,1,1,1,1,1,83,24,18,24,1.2083333333333337,53,1,1,FED,NPS,1,II: National park,Fee,National Park,OPEN ACCESS,0,1,0,0,0,1,1,0,0,0,1,0,0,1,1,6.986194670297566,119.29612237303922,0.0,123,50,6,5,5.785727019830275,104.34657778417292,536.2075079648397,3198.127972056944,204.16357058124728,0.233408941903658,0.551434401061142,0.8660254037844387,-0.4999999999999998,0,1,0,0,0,1.914821438590088,4.657255655471723,6.286384440658714,2.9444389791664403,3.218875824868201,4.789956389485572,0.0053541910092922,1.6657446477674875,2769.660068354923,-1599.0639860284714,0.0,0.0,0.0,103.31347254802913,-59.648061186519584,0.0,6.050222060261143,0.0,0.0,0.0,0.0,0.8660254037844387,0.0,0.8660254037844387,0.0,0.8660254037844387,-9194.084898335035,95943.83916170833,306540.5661216581,11434.53332945581,-342.95646913542555,2410.855337036749,-16.6330008941754,0.0,-14.374166666666666,11789.55,3690.0,-20.08414531132712,5147.188407044431,191.99970215354725,0.0,11.243846566021954,197.9608632293944,8.047189562170502,9.311768416709208,38.62650989841841,0.3756572002008755,22393.790822483308,835.3300536116396,0.0,48.91842460924695,861.2651823916455,35.010779772018104,40.51256290245848,168.05174290568692,1.6343658123617475,13807.879504923842,515.05959033657,0.0,30.162812447860464,531.0510379649661,21.58744056768155,24.97980763628307,103.61971472487144,1.0077403322621306,0.0,0.0,0.0,0.0,0.0,0.0,0.0,0.0,0.0,0.0,1.6094379124341005,0.0,0.0,0.0,7.002155954403621,0.0,0.0,0.0,4.31748811353631,0.0,0.0,0.0,0.0,0.0,0.0,154.26462390680854,48.28313737302302,-4.626865758595966,671.1566482295871,210.06467863210864,-20.13003134291801,413.8312356824553,129.5246434060893,-12.412058745064634,0.0,0.0,-0.0,1.6094379124341005,7.002155954403621,4.31748811353631,0.0,1.6094379124341005,0.0,0.0,7.002155954403621,0.0,0.0,4.31748811353631,0.0,0.0,0.0,0.0,0.0,0.0,-0.0,0.0,0.0,0.8660254037844387,-0.4999999999999998,0.0,0.0,0.0,-0.0,0.0,0.0,0.0,-0.0,0.0,0.0,0.0,0.0,0.0,0.0,-0.0,3198.127972056944,6.986194670297566,119.29612237303922,-2.874833333333333,0.0,0.0,0.0,0.0,-0.0,0.0,0.0,0.0,0.0,0.0,119.29612237303922,3198.127972056944,6.986194670297566,0.0,1.6094379124341005,7.002155954403621,4.31748811353631,0.0,341.45,272.245,121.0,90.0,0.0,-6.4288117043628725,1092000.7960588436,386973.4846188902,3.0806326082202404,12.929081980374033,0.0,0.0,0.0,0.011942645729415106,0.0,0.0,158901.0
-0.0924193548387096,5.444193548387097,-6.404354838709677,53.225,20.723064516129032,62.43048387096774,52.03709677419355,31,0.0,31.96483870967742,29,0.0,2.3978952727983707,8.287025025165063,5.765191102784844,0.0,0.0,2.3701431492843312,4.795790545596741,16.574050050330126,11.530382205569689,4299.0,3.0,1,1,1,1,1,1,1,1,1,0,1,1,0,0,1,1,1,1,1,83,24,18,24,1.2083333333333337,53,1,1,FED,NPS,1,II: National park,Fee,National Park,OPEN ACCESS,0,1,0,0,0,1,1,0,0,0,1,0,0,1,1,6.986194670297566,119.29612237303922,0.0,123,50,6,5,5.785727019830275,104.34657778417292,536.2075079648397,3198.127972056944,204.16357058124728,0.233408941903658,0.551434401061142,0.4999999999999999,-0.8660254037844387,0,1,0,0,0,1.914821438590088,4.657255655471723,6.286384440658714,2.9444389791664403,3.218875824868201,4.789956389485572,0.0053541910092922,1.6657446477674875,1599.0639860284718,-2769.660068354923,0.0,0.0,0.0,59.648061186519605,-103.31347254802913,0.0,3.493097335148782,0.0,0.0,0.0,0.0,0.4999999999999999,0.0,0.4999999999999999,0.0,0.4999999999999999,-295.56892386913347,99141.96713376528,170220.36131273085,6349.536113305013,-11.025270664476034,2472.181240460516,-0.534713158445604,0.0,-0.462096774193548,6546.675,3813.0,-0.6456596042065326,7668.775945999586,286.0596079014867,0.0,16.752163174755704,294.9411185541996,11.989476363991852,13.87356747055282,57.549486547160896,0.5596901984196511,26502.96653811629,988.6099515105298,0.0,57.89477006343071,1019.3040780953028,41.43512512582532,47.94646460210717,198.8886006039615,1.934265742652912,18437.818930070032,687.7649433017777,0.0,40.27674735552242,709.1185056425359,28.82595551392422,33.355821937867375,138.36458646683627,1.3456471551733935,0.0,0.0,0.0,0.0,0.0,0.0,0.0,0.0,0.0,0.0,2.3978952727983707,0.0,0.0,0.0,8.287025025165063,0.0,0.0,0.0,5.765191102784844,0.0,0.0,0.0,0.0,0.0,0.0,127.62797589469328,74.3347534567495,-0.2216119340828169,441.07690696441045,256.89777578011694,-0.7658815063579962,306.85229644572337,178.72092418633017,-0.532815242241244,0.0,0.0,-0.0,2.3978952727983707,8.287025025165063,5.765191102784844,0.0,2.3978952727983707,0.0,0.0,8.287025025165063,0.0,0.0,5.765191102784844,0.0,0.0,0.0,0.0,0.0,0.0,-0.0,0.0,0.0,0.4999999999999999,-0.8660254037844387,0.0,0.0,0.0,-0.0,0.0,0.0,0.0,-0.0,0.0,0.0,0.0,0.0,0.0,0.0,-0.0,3198.127972056944,6.986194670297566,119.29612237303922,-0.0924193548387096,0.0,0.0,0.0,0.0,-0.0,0.0,0.0,0.0,0.0,0.0,119.29612237303922,3198.127972056944,6.986194670297566,0.0,2.3978952727983707,8.287025025165063,5.765191102784844,0.0,394.675,261.17499999999995,152.0,92.0,0.0,-3.419675627240144,1262221.1573715743,486115.4517526555,3.651966259628421,16.450111400748277,0.0,0.0,0.0,0.015195034958148338,0.0,0.0,324802.0
8.6855,15.191333333333334,2.492833333333333,48.735,18.25733333333333,56.2965,39.48833333333334,4,0.0,39.056333333333335,30,0.0,3.1780538303479458,8.941807118363164,6.577861357721047,0.0,0.0,2.3701431492843312,6.356107660695892,17.883614236726327,13.155722715442094,8385.0,3.0,1,1,1,1,1,1,1,1,1,0,1,1,0,0,1,1,1,1,1,83,24,18,24,1.2083333333333337,53,1,1,FED,NPS,1,II: National park,Fee,National Park,OPEN ACCESS,0,1,0,0,0,1,1,0,0,0,1,0,0,1,1,6.986194670297566,119.29612237303922,0.0,123,50,6,5,5.785727019830275,104.34657778417292,536.2075079648397,3198.127972056944,204.16357058124728,0.233408941903658,0.551434401061142,1.2246467991473532e-16,-1.0,0,0,1,0,1,1.914821438590088,4.657255655471723,6.286384440658714,2.9444389791664403,3.218875824868201,4.789956389485572,0.0053541910092922,1.6657446477674875,3.916577184243153e-13,-3198.127972056944,3198.127972056944,0.0,119.29612237303922,1.4609561441483343e-14,-119.29612237303922,6.986194670297566,8.555620941200213e-16,0.0,0.0,0.0,1.0,1.2246467991473532e-16,1.0,1.2246467991473532e-16,0.0,1.2246467991473532e-16,27777.340501300587,12792.511888227777,155860.76671819517,5813.896523850067,1036.146470871032,2178.0290715387014,50.25193203073585,0.0,43.4275,5994.405,492.0,60.67859380886951,10163.82285153848,379.1294986532946,0.0,22.202502731495585,390.9006211327973,15.890269151739728,18.38735191671921,76.2732919283507,0.7417861818543814,28597.043465975134,1066.7229162283652,0.0,62.46920523313757,1099.8422755586691,44.70903559181582,51.73485505082444,214.6033708407159,2.087097738203743,21036.84240444015,784.7133534835759,0.0,45.95421995926709,809.0769469996887,32.88930678860523,38.05771019006412,157.86867258530512,1.535331659494629,0.0,0.0,0.0,0.0,0.0,0.0,0.0,0.0,0.0,0.0,3.1780538303479458,0.0,0.0,0.0,8.941807118363164,0.0,0.0,0.0,6.577861357721047,0.0,0.0,0.0,0.0,0.0,0.0,154.88245342200713,12.712215321391785,27.60298654348708,435.7789699134288,35.767228473452654,77.66406572654326,320.57207326853523,26.311445430884188,57.13201482248615,0.0,0.0,0.0,3.1780538303479458,8.941807118363164,6.577861357721047,0.0,3.1780538303479458,0.0,0.0,8.941807118363164,0.0,0.0,6.577861357721047,0.0,0.0,0.0,0.0,0.0,0.0,-0.0,0.0,0.0,1.2246467991473532e-16,-1.0,1.0,0.0,0.0,-0.0,0.0,0.0,0.0,-0.0,0.0,0.0,0.0,0.0,0.0,0.0,0.0,3198.127972056944,6.986194670297566,119.29612237303922,8.6855,0.0,0.0,0.0,0.0,0.0,1.0,0.0,0.0,0.0,1.0,119.29612237303922,3198.127972056944,6.986194670297566,0.0,3.1780538303479458,8.941807118363164,6.577861357721047,0.0,443.41,197.81,156.0,65.0,0.0,1.9060824372759848,1418081.9240897696,498907.9636408833,3.9125011552665607,18.697722306432155,0.0,1.0,0.0,0.017271162313895513,18.697722306432155,0.0,641278.0
11.085806451612902,17.51290322580645,4.672741935483871,88.265,15.883225806451613,48.02,30.914516129032258,2,0.0,37.71322580645161,31,0.0,2.9444389791664403,9.098067129493398,6.405228458030842,0.0,0.0,2.3701431492843312,5.8888779583328805,18.196134258986795,12.810456916061684,9559.0,3.0,1,1,1,1,1,1,1,1,1,0,1,1,0,0,1,1,1,1,1,83,24,18,24,1.2083333333333337,53,1,1,FED,NPS,1,II: National park,Fee,National Park,OPEN ACCESS,0,1,0,0,0,1,1,0,0,0,1,0,0,1,1,6.986194670297566,119.29612237303922,0.0,123,50,6,5,5.785727019830275,104.34657778417292,536.2075079648397,3198.127972056944,204.16357058124728,0.233408941903658,0.551434401061142,-0.4999999999999997,-0.8660254037844388,0,0,1,0,1,1.914821438590088,4.657255655471723,6.286384440658714,2.9444389791664403,3.218875824868201,4.789956389485572,0.0053541910092922,1.6657446477674875,-1599.0639860284712,-2769.660068354924,3198.127972056944,0.0,119.29612237303922,-59.64806118651958,-103.31347254802913,6.986194670297566,-3.4930973351487813,0.0,0.0,-0.0,1.0,-0.4999999999999997,1.0,-0.4999999999999997,0.0,-0.4999999999999997,35453.82770571256,6396.255944113888,282282.7654536062,10529.672241256309,1322.4937230554403,1894.8072494850664,64.13944992370554,0.0,55.42903225806451,10856.595,246.0,77.44760194820843,9416.692661286988,351.2601527785864,0.0,20.570423903268992,362.16599443747214,14.7221948958322,17.035720160004747,70.66653549999457,0.6872583866271257,29096.78297848466,1085.36412963817,0.0,63.56086809007625,1119.062256927688,45.49033564746699,52.638932819339615,218.3536111078416,2.123570222063505,20484.7402990436,764.1189179565206,0.0,44.74817291553337,787.8431003377935,32.02614229015421,37.05890335781485,153.7254829927402,1.4950375970401777,0.0,0.0,0.0,0.0,0.0,0.0,0.0,0.0,0.0,0.0,2.9444389791664403,0.0,0.0,0.0,9.098067129493398,0.0,0.0,0.0,6.405228458030842,0.0,0.0,0.0,0.0,0.0,0.0,259.89090649612587,5.8888779583328805,32.64148063162383,803.0408951847347,18.196134258986795,100.85941128134516,565.3574898480923,12.810456916061684,71.00712296409286,0.0,0.0,0.0,2.9444389791664403,9.098067129493398,6.405228458030842,0.0,2.9444389791664403,0.0,0.0,9.098067129493398,0.0,0.0,6.405228458030842,0.0,0.0,0.0,0.0,0.0,-0.0,-0.0,0.0,0.0,-0.4999999999999997,-0.8660254037844388,1.0,0.0,-0.0,-0.0,0.0,0.0,-0.0,-0.0,0.0,0.0,0.0,0.0,0.0,0.0,0.0,3198.127972056944,6.986194670297566,119.29612237303922,11.085806451612902,0.0,0.0,0.0,0.0,0.0,1.0,0.0,0.0,0.0,1.0,119.29612237303922,3198.127972056944,6.986194670297566,0.0,2.9444389791664403,9.098067129493398,6.405228458030842,0.0,531.675,190.225,158.0,37.0,0.0,6.559629032258063,1700364.6895433755,505304.2195849972,3.9745763016789,18.44773456669068,0.0,1.0,0.0,0.017040247619645635,18.44773456669068,0.0,758522.0
11.59290322580645,18.129193548387097,5.9037096774193545,72.45,16.218064516129033,49.17741935483871,47.07903225806452,0,0.0,41.405,29,0.0,3.044522437723423,9.002331708246244,6.003887067106539,0.0,0.0,2.3701431492843312,6.089044875446846,18.004663416492487,12.007774134213076,8545.0,3.0,1,1,1,1,1,1,1,1,1,0,1,1,0,0,1,1,1,1,1,83,24,18,24,1.2083333333333337,53,1,1,FED,NPS,1,II: National park,Fee,National Park,OPEN ACCESS,0,1,0,0,0,1,1,0,0,0,1,0,0,1,1,6.986194670297566,119.29612237303922,0.0,123,50,6,5,5.785727019830275,104.34657778417292,536.2075079648397,3198.127972056944,204.16357058124728,0.233408941903658,0.551434401061142,-0.8660254037844385,-0.5000000000000004,0,0,1,0,1,1.914821438590088,4.657255655471723,6.286384440658714,2.9444389791664403,3.218875824868201,4.789956389485572,0.0053541910092922,1.6657446477674875,-2769.6600683549223,-1599.0639860284734,3198.127972056944,0.0,119.29612237303922,-103.31347254802908,-59.64806118651966,6.986194670297566,-6.050222060261142,0.0,0.0,-0.0,1.0,-0.8660254037844385,1.0,-0.8660254037844385,0.0,-0.8660254037844385,37075.58808380079,0.0,231704.3715755256,8643.004065926692,1382.9884018846076,1934.7522091699743,67.07337343182593,0.0,57.964516129032255,8911.35,0.0,80.9902787294045,9736.772369638276,363.19972129811714,0.0,21.269626428024733,374.476259839981,15.222612188617116,17.614775730415943,73.06853850536216,0.7106187607909696,28790.608849877484,1073.9432651096351,0.0,62.89204180040069,1107.286800114288,45.01165854123122,52.08503380587513,216.05596099790984,2.1012247186875057,19201.19917038435,716.2404462714492,0.0,41.94432382928819,738.4781092541043,30.01943533553269,34.73685162816784,144.09328961055692,1.4013609276423935,0.0,0.0,0.0,0.0,0.0,0.0,0.0,0.0,0.0,0.0,3.044522437723423,0.0,0.0,0.0,9.002331708246244,0.0,0.0,0.0,6.003887067106539,0.0,0.0,0.0,0.0,0.0,0.0,220.575650613062,0.0,35.29485398932399,652.2189322624404,0.0,104.36316030030756,434.9816180118688,0.0,69.60248174763703,0.0,0.0,0.0,3.044522437723423,9.002331708246244,6.003887067106539,0.0,3.044522437723423,0.0,0.0,9.002331708246244,0.0,0.0,6.003887067106539,0.0,0.0,0.0,0.0,0.0,-0.0,-0.0,0.0,0.0,-0.8660254037844385,-0.5000000000000004,1.0,0.0,-0.0,-0.0,0.0,0.0,-0.0,-0.0,0.0,0.0,0.0,0.0,0.0,0.0,0.0,3198.127972056944,6.986194670297566,119.29612237303922,11.59290322580645,0.0,0.0,0.0,0.0,0.0,1.0,0.0,0.0,0.0,1.0,119.29612237303922,3198.127972056944,6.986194670297566,0.0,3.044522437723423,9.002331708246244,6.003887067106539,0.0,604.125,209.45,158.0,6.0,0.0,10.454736559139784,1932069.0611189008,505304.2195849972,3.868696524166949,18.050741213076204,0.0,1.0,0.0,0.0166735432406072,18.050741213076204,0.0,624133.0
8.3935,15.1595,2.7180000000000004,40.745,14.8355,44.57616666666667,26.771666666666665,3,0.0,35.035999999999994,30,0.0,3.091042453358316,8.852378886511985,6.253828811575473,0.0,0.0,2.3701431492843312,6.182084906716632,17.70475777302397,12.507657623150946,7530.0,3.0,1,1,1,1,1,1,1,1,1,0,1,1,0,0,1,1,1,1,1,83,24,18,24,1.2083333333333337,53,1,1,FED,NPS,1,II: National park,Fee,National Park,OPEN ACCESS,0,1,0,0,0,1,1,0,0,0,1,0,0,1,1,6.986194670297566,119.29612237303922,0.0,123,50,6,5,5.785727019830275,104.34657778417292,536.2075079648397,3198.127972056944,204.16357058124728,0.233408941903658,0.551434401061142,-1.0,-1.8369701987210292e-16,0,0,0,1,0,1.914821438590088,4.657255655471723,6.286384440658714,2.9444389791664403,3.218875824868201,4.789956389485572,0.0053541910092922,1.6657446477674875,-3198.127972056944,-5.874865776364728e-13,0.0,0.0,0.0,-119.29612237303922,-2.1914342162225013e-14,0.0,-6.986194670297566,0.0,0.0,-0.0,0.0,-1.0,0.0,-1.0,0.0,-1.0,26843.48713345996,9594.383916170833,130307.7242214602,4860.720506089483,1001.3120031381048,1769.8176234652233,48.56249974094541,0.0,41.9675,5011.634999999999,369.0,58.63862496514262,9885.549332900751,368.74937877609307,0.0,21.594624313315386,380.19822176307287,15.45521226679158,17.88392784183767,74.18501888059959,0.7214769484176516,28311.04053620029,1056.0544749378423,0.0,61.844442196404735,1088.8426030409742,44.26189443255993,51.21744771346744,212.45709327628765,2.066224389231045,20000.54485475516,746.057527205746,0.0,43.690465512381934,769.2209438237832,31.26914405787737,36.18294633252527,150.09189147781134,1.459699565756442,0.0,0.0,0.0,0.0,0.0,0.0,0.0,0.0,0.0,0.0,3.091042453358316,0.0,0.0,0.0,8.852378886511985,0.0,0.0,0.0,6.253828811575473,0.0,0.0,0.0,0.0,0.0,0.0,125.94452476208458,9.273127360074948,25.944664832263022,360.6901777309308,26.55713665953596,74.30244218393834,254.81225492764264,18.76148643472641,52.49151212995873,0.0,0.0,0.0,3.091042453358316,8.852378886511985,6.253828811575473,0.0,3.091042453358316,0.0,0.0,8.852378886511985,0.0,0.0,6.253828811575473,0.0,0.0,0.0,0.0,0.0,-0.0,-0.0,0.0,0.0,-1.0,-1.8369701987210292e-16,0.0,0.0,-0.0,-0.0,0.0,0.0,-0.0,-0.0,0.0,0.0,0.0,0.0,0.0,0.0,0.0,3198.127972056944,6.986194670297566,119.29612237303922,8.3935,0.0,0.0,0.0,0.0,0.0,0.0,0.0,0.0,0.0,0.0,119.29612237303922,3198.127972056944,6.986194670297566,0.0,3.091042453358316,8.852378886511985,6.253828811575473,0.0,644.87,201.46,161.0,5.0,0.0,10.357403225806449,2062376.7853403613,514898.603501168,3.840336440762482,18.197250151445775,0.0,0.0,0.0,0.01680887414420859,0.0,0.0,615714.0
3.889032258064516,9.840967741935485,-1.1662903225806451,29.3,17.626290322580644,52.86258064516129,36.04838709677419,15,0.0,30.47209677419355,24,0.0,2.6390573296152584,8.452974619089586,6.729824070489475,0.0,0.0,2.3701431492843312,5.278114659230517,16.905949238179172,13.45964814097895,5537.0,3.0,1,1,1,1,1,1,1,1,1,0,1,1,0,0,1,1,1,1,1,83,24,18,24,1.2083333333333337,53,1,1,FED,NPS,1,II: National park,Fee,National Park,OPEN ACCESS,0,1,0,0,0,1,1,0,0,0,1,0,0,1,1,6.986194670297566,119.29612237303922,0.0,123,50,6,5,5.785727019830275,104.34657778417292,536.2075079648397,3198.127972056944,204.16357058124728,0.233408941903658,0.551434401061142,-0.8660254037844386,0.5000000000000001,0,0,0,1,0,1.914821438590088,4.657255655471723,6.286384440658714,2.9444389791664403,3.218875824868201,4.789956389485572,0.0053541910092922,1.6657446477674875,-2769.6600683549227,1599.0639860284723,0.0,0.0,0.0,-103.3134725480291,59.64806118651963,0.0,-6.050222060261143,0.0,0.0,-0.0,0.0,-0.8660254037844386,0.0,-0.8660254037844386,0.0,-0.8660254037844386,12437.622848747907,47971.91958085416,93705.14958126846,3495.376385530049,463.94646817076153,2102.7480873052978,22.500879016475416,0.0,19.44516129032258,3603.9,1845.0,27.16953643390563,8440.04306570446,314.829306143248,0.0,18.436968250767844,324.6040515426768,13.195286648076292,15.268865298836133,63.3373759107662,0.6159795789285907,27033.6945763978,1008.407094575106,0.0,59.05412623204427,1039.715878148019,42.26487309544793,48.90660365160614,202.87139085815005,1.9729998617801767,21522.838606854515,802.8419158621374,0.0,47.01586105329385,827.7683606702054,33.649120352447376,38.93692496333512,161.51577769174742,1.570801115490717,0.0,0.0,0.0,0.0,0.0,0.0,0.0,0.0,0.0,0.0,2.6390573296152584,0.0,0.0,0.0,8.452974619089586,0.0,0.0,0.0,6.729824070489475,0.0,0.0,0.0,0.0,0.0,0.0,77.32437975772707,39.58585994422888,10.26337908575534,247.67215633932489,126.7946192863438,32.87389097024001,197.18384526534163,100.94736105734214,26.17250290123261,0.0,0.0,0.0,2.6390573296152584,8.452974619089586,6.729824070489475,0.0,2.6390573296152584,0.0,0.0,8.452974619089586,0.0,0.0,6.729824070489475,0.0,0.0,0.0,0.0,0.0,-0.0,0.0,0.0,0.0,-0.8660254037844386,0.5000000000000001,0.0,0.0,-0.0,0.0,0.0,0.0,-0.0,0.0,0.0,0.0,0.0,0.0,0.0,0.0,0.0,3198.127972056944,6.986194670297566,119.29612237303922,3.889032258064516,0.0,0.0,0.0,0.0,0.0,0.0,0.0,0.0,0.0,0.0,119.29612237303922,3198.127972056944,6.986194670297566,0.0,2.6390573296152584,8.452974619089586,6.729824070489475,0.0,674.17,142.495,176.0,18.0,0.0,7.958478494623655,2156081.9349216297,562870.5230820222,3.84288509358464,17.82185601919432,0.0,0.0,0.0,0.0164621210539903,0.0,0.0,398638.0
-7.576,-2.4375,-12.557,78.17999999999999,18.59983333333333,56.883,58.86666666666667,30,0.0,24.734,17,0.0,1.0986122886681098,7.195937226475569,4.110873864173311,0.0,0.0,2.3701431492843312,2.19722457733622,14.391874452951138,8.221747728346623,1395.0,3.0,1,1,1,1,1,1,1,1,1,0,1,1,0,0,1,1,1,1,1,83,24,18,24,1.2083333333333337,53,1,1,FED,NPS,1,II: National park,Fee,National Park,OPEN ACCESS,0,1,0,0,0,1,1,0,0,0,1,0,0,1,1,6.986194670297566,119.29612237303922,0.0,123,50,6,5,5.785727019830275,104.34657778417292,536.2075079648397,3198.127972056944,204.16357058124728,0.233408941903658,0.551434401061142,-0.5000000000000004,0.8660254037844384,0,0,0,1,0,1.914821438590088,4.657255655471723,6.286384440658714,2.9444389791664403,3.218875824868201,4.789956389485572,0.0053541910092922,1.6657446477674875,-1599.0639860284734,2769.6600683549223,0.0,0.0,0.0,-59.64806118651966,103.31347254802908,0.0,-3.493097335148786,0.0,0.0,-0.0,0.0,-0.5000000000000004,0.0,-0.5000000000000004,0.0,-0.5000000000000004,-24229.017516303407,95943.83916170833,250029.64485541187,9326.570847124203,-903.7874230981452,2218.887993451467,-43.83266790223416,0.0,-37.88,9616.14,3690.0,-52.92741082217436,3513.50269083498,131.06018602947552,0.0,7.67511931581656,135.12931150617752,5.493061443340549,6.35627080286466,26.36669492803464,0.2564259318603796,23013.52812915738,858.447407958338,0.0,50.27221829939947,885.1002788564949,35.97968613237784,41.63372844422223,172.70249343541366,1.6795960940368058,13147.100694610486,490.411311560548,0.0,28.71936508015315,505.6374852933173,20.55436932086656,23.78439399106162,98.66097274015948,0.9595147189360944,0.0,0.0,0.0,0.0,0.0,0.0,0.0,0.0,0.0,0.0,1.0986122886681098,0.0,0.0,0.0,7.195937226475569,0.0,0.0,0.0,4.110873864173311,0.0,0.0,0.0,0.0,0.0,0.0,85.88950872807281,32.95836866004329,-8.323086698949599,562.5783723658599,215.87811679426707,-54.5164204277789,321.38811870106946,123.32621592519934,-31.143980394977007,0.0,0.0,-0.0,1.0986122886681098,7.195937226475569,4.110873864173311,0.0,1.0986122886681098,0.0,0.0,7.195937226475569,0.0,0.0,4.110873864173311,0.0,0.0,0.0,0.0,0.0,-0.0,0.0,0.0,0.0,-0.5000000000000004,0.8660254037844384,0.0,0.0,-0.0,0.0,0.0,0.0,-0.0,0.0,0.0,0.0,0.0,0.0,0.0,0.0,-0.0,3198.127972056944,6.986194670297566,119.29612237303922,-7.576,0.0,0.0,0.0,0.0,-0.0,0.0,0.0,0.0,0.0,0.0,119.29612237303922,3198.127972056944,6.986194670297566,0.0,1.0986122886681098,7.195937226475569,4.110873864173311,0.0,752.35,148.22500000000002,206.0,48.0,0.0,1.5688440860215047,2406111.579777042,658814.3622437305,3.235949791035421,12.40542337931699,0.0,0.0,0.0,0.011458940144975425,0.0,0.0,140097.0
-8.153387096774193,-2.987741935483871,-12.40532258064516,48.0,20.196129032258067,60.37112903225806,58.9741935483871,31,0.0,24.766774193548382,16,0.0,0.6931471805599453,7.013915474810528,3.6375861597263857,0.0,0.0,2.3701431492843312,1.3862943611198906,14.027830949621055,7.275172319452771,1149.0,3.0,1,1,1,1,1,1,1,1,1,0,1,1,0,0,1,1,1,1,1,83,24,18,24,1.2083333333333337,53,1,1,FED,NPS,1,II: National park,Fee,National Park,OPEN ACCESS,0,1,0,0,0,1,1,0,0,0,1,0,0,1,1,6.986194670297566,119.29612237303922,0.0,123,50,6,5,5.785727019830275,104.34657778417292,536.2075079648397,3198.127972056944,204.16357058124728,0.233408941903658,0.551434401061142,-2.4492935982947064e-16,1.0,1,0,0,0,0,1.914821438590088,4.657255655471723,6.286384440658714,2.9444389791664403,3.218875824868201,4.789956389485572,0.0053541910092922,1.6657446477674875,-7.833154368486305e-13,3198.127972056944,0.0,3198.127972056944,0.0,-2.9219122882966686e-14,119.29612237303922,0.0,-1.7111241882400426e-15,6.986194670297566,0.0,-0.0,0.0,-2.4492935982947064e-16,0.0,-2.4492935982947064e-16,1.0,-2.4492935982947064e-16,-26075.575341201704,99141.96713376528,153510.14265873333,5726.213873905883,-972.667464851533,2409.319880493949,-47.173272028941966,0.0,-40.76693548387097,5904.0,3813.0,-56.96114948035681,2216.7733869011663,82.68977087460635,0.0,4.842461138559674,85.25710320887327,3.4657359027997265,4.0103603712848495,16.635532333438686,0.1617867499980006,22431.39927363461,836.7329187971502,0.0,49.00057890803893,862.7116034016949,35.06957737405264,40.58060027741696,168.33397139545266,1.6371105895772182,11633.466048188153,433.9499236531927,0.0,25.412885041828662,447.4230976463454,18.18793079863193,21.0460805312896,87.30206783343326,0.8490451366251264,0.0,0.0,0.0,0.0,0.0,0.0,0.0,0.0,0.0,0.0,0.6931471805599453,0.0,0.0,0.0,7.013915474810528,0.0,0.0,0.0,3.6375861597263857,0.0,0.0,0.0,0.0,0.0,0.0,33.27106466687737,21.487562597358306,-5.65149727814287,336.66794279090533,217.4313797191264,-57.18716793018499,174.6041356668665,112.76517095151796,-29.6586480581175,0.0,0.0,-0.0,0.6931471805599453,7.013915474810528,3.6375861597263857,0.0,0.6931471805599453,0.0,0.0,7.013915474810528,0.0,0.0,3.6375861597263857,0.0,0.0,0.0,0.0,0.0,-0.0,0.0,0.0,0.0,-2.4492935982947064e-16,1.0,0.0,1.0,-0.0,0.0,0.0,0.0,-0.0,0.0,0.0,0.0,0.0,0.0,0.0,0.0,-0.0,3198.127972056944,6.986194670297566,119.29612237303922,-8.153387096774193,0.0,0.0,0.0,0.0,-0.0,0.0,1.0,0.0,0.0,0.0,119.29612237303922,3198.127972056944,6.986194670297566,0.0,0.6931471805599453,7.013915474810528,3.6375861597263857,0.0,800.35,155.48000000000002,237.0,76.0,0.0,-3.94678494623656,2559621.722435775,757956.3293774958,3.200637029648322,11.344648815096859,0.0,0.0,0.0,0.010479098355861081,0.0,11.344648815096859,130031.0
0.8638709677419354,5.836129032258064,-3.846290322580645,74.355,15.89306451612903,47.22129032258065,57.483870967741936,23,0.0,35.47435483870967,19,1.0,0.6931471805599453,5.707110264748875,3.044522437723423,8.634086942887738,8.634086942887738,-0.6298568507156688,-0.6931471805599453,-5.707110264748875,-3.044522437723423,5940.0,4.0,1,1,1,1,1,1,1,1,1,1,1,1,0,0,1,0,1,0,0,54,16,9,16,2.3125,53,1,1,FED,USFS,3,Other Conservation Area,Fee,National Forest,OPEN ACCESS,1,0,0,0,0,1,1,0,0,0,1,0,0,3,0,8.531807242822001,226.46090610274217,0.0,185,60,9,15,10.483726327255328,546.2389902031962,1576.5004026387949,2864.3033672245406,129.7072702796371,0.1420828211375,0.831273044625179,-0.8660254037844386,0.5000000000000001,0,0,0,1,0,2.4409309311890124,6.304885617796202,7.363596849653875,2.302585092994046,2.833213344056216,5.4269783823179685,0.0020667334870461,0.1774235687081781,-2480.55948016176,1432.1516836122703,0.0,0.0,0.0,-196.1208976490172,113.23045305137111,0.0,-7.388761812475922,0.0,0.0,-0.0,0.0,-0.8660254037844386,0.0,-0.8660254037844386,0.0,-0.0,2474.388521750748,65878.97744616443,212975.2768699808,16838.500673269395,195.63300211069145,3599.15779107192,9.056586807867664,0.0,12.958064516129031,13755.675,4255.0,7.370380579444296,1985.383803260048,156.97073857216623,0.0,5.913798135442991,128.2322284035899,10.39720770839918,7.266765345499101,11.090354888959125,0.0984843068774611,16346.895148441943,1292.4373617832912,0.0,48.691964692368245,1055.815398978542,85.60665397123313,59.83178213509691,91.313764235982,0.8108823269583048,8720.435869961868,689.4653098969758,0.0,25.9752785851028,563.2366509788333,45.66783656585135,31.91794003428062,48.71235900357477,0.4325743369681626,24730.644303422785,1955.283152456212,0.0,73.66436551448447,1597.3060844342317,129.51130414331607,90.51740459496364,138.1453910862038,1.2267554307919426,0.6931471805599453,0.0,0.0,0.0,5.707110264748875,0.0,0.0,0.0,3.044522437723423,0.0,0.0,0.0,8.634086942887738,0.0,0.0,0.0,51.538958610534735,15.942385152878742,0.598789725657914,424.35218373540266,131.26353608922415,4.930206867418544,226.3754658569252,70.02401606763873,2.6300745445881697,641.9875346384177,198.583999686418,7.458737042920438,0.6931471805599453,5.707110264748875,3.044522437723423,8.634086942887738,0.6931471805599453,0.0,0.0,5.707110264748875,0.0,0.0,3.044522437723423,0.0,0.0,8.634086942887738,0.0,0.0,-0.0,0.0,0.0,0.0,-0.0,0.0,0.0,0.0,-0.8660254037844386,0.5000000000000001,0.0,0.0,-0.0,0.0,0.0,0.0,2864.3033672245406,8.531807242822001,226.46090610274217,0.0,0.8638709677419354,0.0,0.0,0.0,0.0,0.0,0.0,0.0,0.0,0.0,0.0,0.0,0.0,0.0,0.0,0.0,0.0,25.595421728466004,0.0,0.6931471805599453,5.707110264748875,3.044522437723423,8.634086942887738,74.355,74.355,23.0,23.0,0.0,0.8638709677419354,212975.2768699808,65878.97744616443,3.423291708854144,18.07886682591998,0.0,0.0,0.0,0.0035626143188465017,0.0,0.0,74977.0
-2.8921666666666668,1.1523333333333334,-7.081999999999999,54.22,16.563,48.859,64.03666666666666,30,0.0,32.1295,18,1.0,0.0,4.477336814478207,1.791759469228055,8.449770515098804,8.449770515098804,-0.6298568507156688,-0.0,-4.477336814478207,-1.791759469228055,4765.0,3.0,1,1,1,1,1,1,1,1,1,1,1,1,0,0,1,0,1,0,0,54,16,9,16,2.3125,53,1,1,FED,USFS,3,Other Conservation Area,Fee,National Forest,OPEN ACCESS,1,0,0,0,0,1,1,0,0,0,1,0,0,3,0,8.531807242822001,226.46090610274217,0.0,185,60,9,15,10.483726327255328,546.2389902031962,1576.5004026387949,2864.3033672245406,129.7072702796371,0.1420828211375,0.831273044625179,-0.5000000000000004,0.8660254037844384,0,0,0,1,0,2.4409309311890124,6.304885617796202,7.363596849653875,2.302585092994046,2.833213344056216,5.4269783823179685,0.0020667334870461,0.1774235687081781,-1432.1516836122717,2480.5594801617594,0.0,0.0,0.0,-113.2304530513712,196.12089764901708,0.0,-4.265903621411004,0.0,0.0,-0.0,0.0,-0.5000000000000004,0.0,-0.5000000000000004,0.0,-0.0,-8284.042721907908,85929.10101673621,155302.52857091458,12278.71032889068,-654.9626839334809,3750.8719877797184,-30.32068382614362,0.0,-43.3825,10030.7,5550.0,-24.67540851411504,0.0,0.0,0.0,0.0,0.0,0.0,0.0,0.0,0.0,12824.450913908326,1013.9417519339,0.0,38.19977466231875,828.3073106784683,67.1600522171731,46.93917383793468,71.63738903165131,0.6361526457838511,5132.1426809663735,405.7634729195537,0.0,15.286946416954825,331.47550180719014,26.876392038420825,18.784315919655192,28.66815150764888,0.2545782401877516,24202.706138672143,1913.5426872095093,0.0,72.09181328090376,1563.2075452932786,126.74655772648204,88.58508160840714,135.19632824158086,1.2005672327497046,0.0,0.0,0.0,0.0,4.477336814478207,0.0,0.0,0.0,1.791759469228055,0.0,0.0,0.0,8.449770515098804,0.0,0.0,0.0,0.0,0.0,-0.0,242.7612020810084,134.3201044343462,-12.949204290273387,97.14919842154514,53.75278407684165,-5.18206701158574,458.14655732865714,253.4931154529641,-24.43814462475159,0.0,4.477336814478207,1.791759469228055,8.449770515098804,0.0,0.0,0.0,4.477336814478207,0.0,0.0,1.791759469228055,0.0,0.0,8.449770515098804,0.0,0.0,-0.0,0.0,0.0,0.0,-0.0,0.0,0.0,0.0,-0.5000000000000004,0.8660254037844384,0.0,0.0,-0.0,0.0,0.0,0.0,2864.3033672245406,8.531807242822001,226.46090610274217,0.0,-2.8921666666666668,0.0,0.0,0.0,-0.0,0.0,0.0,0.0,0.0,-0.0,0.0,0.0,0.0,0.0,0.0,0.0,0.0,25.595421728466004,0.0,0.0,4.477336814478207,1.791759469228055,8.449770515098804,128.575,128.575,53.0,53.0,0.0,-1.0141478494623657,368277.80544089526,151808.07846290065,3.673976444464582,14.718866798805065,0.0,0.0,0.0,0.0029004940475271684,0.0,0.0,80135.0
-7.618225806451613,-3.889677419354839,-11.233387096774194,137.145,20.63629032258065,60.99306451612903,69.64354838709677,31,0.0,27.771290322580644,13,1.0,0.0,4.07753744390572,1.9459101490553128,9.141847375530883,9.141847375530883,-0.6298568507156688,-0.0,-4.07753744390572,-1.9459101490553128,9401.0,3.0,1,1,1,1,1,1,1,1,1,1,1,1,0,0,1,0,1,0,0,54,16,9,16,2.3125,53,1,1,FED,USFS,3,Other Conservation Area,Fee,National Forest,OPEN ACCESS,1,0,0,0,0,1,1,0,0,0,1,0,0,3,0,8.531807242822001,226.46090610274217,0.0,185,60,9,15,10.483726327255328,546.2389902031962,1576.5004026387949,2864.3033672245406,129.7072702796371,0.1420828211375,0.831273044625179,-2.4492935982947064e-16,1.0,1,0,0,0,0,2.4409309311890124,6.304885617796202,7.363596849653875,2.302585092994046,2.833213344056216,5.4269783823179685,0.0020667334870461,0.1774235687081781,-7.015519900917039e-13,2864.3033672245406,0.0,2864.3033672245406,0.0,-5.54669247581465e-14,226.46090610274217,0.0,-2.0896900861728337e-15,8.531807242822001,0.0,-0.0,0.0,-2.4492935982947064e-16,0.0,-2.4492935982947064e-16,0.0,-0.0,-21820.909829696247,88793.40438396076,392824.88529800967,31057.98096746058,-1725.230319024326,4673.313005050864,-79.86739445407272,0.0,-114.2733870967742,25371.825,5735.0,-64.99723411293735,0.0,0.0,0.0,0.0,0.0,0.0,0.0,0.0,0.0,11679.3042305633,923.4028242147484,0.0,34.78876349679273,754.3444271225582,61.1630616585858,42.74778665104379,65.24059910249152,0.5793480233239153,5573.67699225554,440.6725755495882,0.0,16.602130303590958,359.99337757523284,29.188652235829693,20.40038946012452,31.134562384885005,0.2764804036578719,26185.02422038593,2070.271040115699,0.0,77.99647965132769,1691.2417644732134,137.12771063296324,95.84062601060316,146.26955800849413,1.2988994655238784,0.0,0.0,0.0,0.0,4.07753744390572,0.0,0.0,0.0,1.9459101490553128,0.0,0.0,0.0,9.141847375530883,0.0,0.0,0.0,0.0,0.0,-0.0,559.21387274445,126.4036607610773,-31.0636009819353,266.8718473921909,60.32321462071469,-14.824382914569288,1253.758658317183,283.3972686414574,-69.64465759491132,0.0,4.07753744390572,1.9459101490553128,9.141847375530883,0.0,0.0,0.0,4.07753744390572,0.0,0.0,1.9459101490553128,0.0,0.0,9.141847375530883,0.0,0.0,-0.0,0.0,0.0,0.0,-0.0,0.0,0.0,0.0,-2.4492935982947064e-16,1.0,0.0,1.0,-0.0,0.0,0.0,0.0,2864.3033672245406,8.531807242822001,226.46090610274217,0.0,-7.618225806451613,0.0,0.0,0.0,-0.0,0.0,0.0,0.0,0.0,-0.0,0.0,1.0,0.0,0.0,0.0,0.0,0.0,25.595421728466004,0.0,0.0,4.07753744390572,1.9459101490553128,9.141847375530883,265.72,265.72,84.0,84.0,0.0,-3.2155071684587817,761102.690738905,240601.4828468614,3.936568238191272,15.165294968491915,0.0,0.0,0.0,0.0029884670053998683,0.0,15.165294968491915,208716.0
-9.43758064516129,-5.220645161290323,-13.37451612903226,64.15499999999999,15.73983870967742,45.20709677419355,55.18387096774194,31,0.0,22.976935483870967,21,1.0,0.0,4.61512051684126,2.9444389791664403,9.01225522000275,9.01225522000275,0.3701431492843312,0.0,0.0,0.0,8320.0,3.0,1,1,1,1,1,1,1,1,1,1,1,1,0,0,1,0,1,0,0,54,16,9,16,2.3125,53,1,1,FED,USFS,3,Other Conservation Area,Fee,National Forest,OPEN ACCESS,1,0,0,0,0,1,1,0,0,0,1,0,0,3,0,8.531807242822001,226.46090610274217,0.0,185,60,9,15,10.483726327255328,546.2389902031962,1576.5004026387949,2864.3033672245406,129.7072702796371,0.1420828211375,0.831273044625179,0.4999999999999999,0.8660254037844387,1,0,0,0,0,2.4409309311890124,6.304885617796202,7.363596849653875,2.302585092994046,2.833213344056216,5.4269783823179685,0.0020667334870461,0.1774235687081781,1432.15168361227,2480.5594801617603,0.0,2864.3033672245406,0.0,113.23045305137109,196.1208976490172,0.0,4.265903621411,8.531807242822001,0.0,0.0,0.0,0.4999999999999999,0.0,0.4999999999999999,0.0,0.0,-27032.094020388635,88793.40438396076,183759.38252429035,14528.59943102142,-2137.243064320928,3564.458136104565,-98.94101267527276,0.0,-141.56370967741935,11868.674999999996,5735.0,-80.51961890310383,0.0,0.0,0.0,0.0,0.0,0.0,0.0,0.0,0.0,13219.105236535484,1045.1443740172274,0.0,39.37531865208268,853.7972956156331,69.2268077526189,48.38366046586493,73.84192826946015,0.6557293429223633,8433.766482613624,666.8003191862653,0.0,25.121385808499657,544.7212111457915,44.1665846874966,30.86869244488401,47.11102366666304,0.4183541968271884,25813.83297294081,2040.9234831509907,0.0,76.89082436017985,1667.2672157005088,135.18382830004126,94.48201731788708,144.196083520044,1.2804866464691516,0.0,0.0,0.0,0.0,4.61512051684126,0.0,0.0,0.0,2.9444389791664403,0.0,0.0,0.0,9.01225522000275,0.0,0.0,0.0,0.0,0.0,-0.0,296.08305675795094,143.06873602207904,-43.55557206482784,188.9004827084229,91.27760835415964,-27.788380320639664,578.1812336392763,279.3799118200852,-85.05388543355176,0.0,4.61512051684126,2.9444389791664403,9.01225522000275,0.0,0.0,0.0,4.61512051684126,0.0,0.0,2.9444389791664403,0.0,0.0,9.01225522000275,0.0,0.0,0.0,0.0,0.0,0.0,0.0,0.0,0.0,0.0,0.4999999999999999,0.8660254037844387,0.0,1.0,0.0,0.0,0.0,0.0,2864.3033672245406,8.531807242822001,226.46090610274217,0.0,-9.43758064516129,0.0,0.0,0.0,-0.0,0.0,0.0,0.0,0.0,-0.0,0.0,1.0,0.0,0.0,0.0,0.0,0.0,25.595421728466004,0.0,0.0,4.61512051684126,2.9444389791664403,9.01225522000275,64.15499999999999,255.52,31.0,92.0,0.0,-6.649324372759857,183759.38252429035,88793.40438396076,3.7653482217021015,16.57181471601045,0.0,0.0,0.0,0.003265635228414029,0.0,16.57181471601045,224407.0
-10.89482142857143,-6.615892857142858,-15.06607142857143,36.05,15.995714285714286,47.37357142857143,56.06785714285714,28,0.0,22.63017857142857,19,1.0,1.6094379124341005,4.859812404361672,3.49650756146648,9.428189934829282,9.428189934829282,0.3701431492843312,0.0,0.0,0.0,12597.0,4.0,1,1,1,1,1,1,1,1,1,1,1,1,0,0,1,0,1,0,0,54,16,9,16,2.3125,53,1,1,FED,USFS,3,Other Conservation Area,Fee,National Forest,OPEN ACCESS,1,0,0,0,0,1,1,0,0,0,1,0,0,3,0,8.531807242822001,226.46090610274217,0.0,185,60,9,15,10.483726327255328,546.2389902031962,1576.5004026387949,2864.3033672245406,129.7072702796371,0.1420828211375,0.831273044625179,0.8660254037844386,0.5000000000000001,1,0,0,0,0,2.4409309311890124,6.304885617796202,7.363596849653875,2.302585092994046,2.833213344056216,5.4269783823179685,0.0020667334870461,0.1774235687081781,2480.55948016176,1432.1516836122703,0.0,2864.3033672245406,0.0,196.1208976490172,113.23045305137111,0.0,7.388761812475922,8.531807242822001,0.0,0.0,0.0,0.8660254037844386,0.0,0.8660254037844386,0.0,0.0,-31206.073703167225,80200.49428228714,103258.13638844468,8163.915665003855,-2467.2511325418577,3622.403950903434,-114.2183262414598,0.0,-163.42232142857145,6669.249999999999,5180.0,-92.95251637353806,4609.918431923829,364.4747679659322,0.0,13.73141403817758,297.7460138003086,24.14156868651151,16.872906614668235,25.751006598945608,0.2286734790442857,13919.977033892728,1100.5575205810903,0.0,41.46298267028912,899.0652948069093,72.89718606542507,50.94894324912848,77.75699846978675,0.6904958566107233,10015.058381834506,791.8222705647885,0.0,29.831528537501605,646.8538988712987,52.4476134219972,36.65642837559346,55.94412098346368,0.4967936584617581,27005.196177164034,2135.116435550193,0.0,80.43949917267796,1744.2151379434172,141.42284902243924,98.84256303813343,150.8510389572685,1.3395838241607267,1.6094379124341005,0.0,0.0,0.0,4.859812404361672,0.0,0.0,0.0,3.49650756146648,0.0,0.0,0.0,9.428189934829282,0.0,0.0,0.0,58.02023674324932,45.06426154815482,-17.534538656342306,175.19623717723826,136.07474732212685,-52.94678832187678,126.04909759086658,97.90221172106143,-38.09382550582704,339.8862471505956,263.9893181752199,-102.71844573461954,1.6094379124341005,4.859812404361672,3.49650756146648,9.428189934829282,1.6094379124341005,0.0,0.0,4.859812404361672,0.0,0.0,3.49650756146648,0.0,0.0,9.428189934829282,0.0,0.0,0.0,0.0,0.0,0.0,0.0,0.0,0.0,0.0,0.8660254037844386,0.5000000000000001,0.0,1.0,0.0,0.0,0.0,0.0,2864.3033672245406,8.531807242822001,226.46090610274217,0.0,-10.89482142857143,0.0,0.0,0.0,-0.0,0.0,0.0,0.0,0.0,-0.0,0.0,1.0,0.0,0.0,0.0,0.0,0.0,25.595421728466004,0.0,1.6094379124341005,4.859812404361672,3.49650756146648,9.428189934829282,100.20499999999998,237.35,59.0,90.0,0.0,-9.316875960061443,287017.51891273505,168993.8986662479,3.331320790614777,19.393947813091536,0.0,0.0,0.0,0.0038217636560507026,0.0,19.393947813091536,201565.0
-5.668225806451613,-1.3870967741935485,-10.05741935483871,57.915,16.099516129032256,47.70338709677419,64.35161290322581,31,0.0,27.351129032258065,24,1.0,1.9459101490553128,4.7535901911063645,3.58351893845611,9.733647773244227,9.733647773244227,0.3701431492843312,0.0,0.0,0.0,17031.0,4.0,1,1,1,1,1,1,1,1,1,1,1,1,0,0,1,0,1,0,0,54,16,9,16,2.3125,53,1,1,FED,USFS,3,Other Conservation Area,Fee,National Forest,OPEN ACCESS,1,0,0,0,0,1,1,0,0,0,1,0,0,3,0,8.531807242822001,226.46090610274217,0.0,185,60,9,15,10.483726327255328,546.2389902031962,1576.5004026387949,2864.3033672245406,129.7072702796371,0.1420828211375,0.831273044625179,1.0,6.123233995736766e-17,0,1,0,0,0,2.4409309311890124,6.304885617796202,7.363596849653875,2.302585092994046,2.833213344056216,5.4269783823179685,0.0020667334870461,0.1774235687081781,2864.3033672245406,1.7538799752292597e-13,0.0,0.0,0.0,226.46090610274217,1.3866731189536623e-14,0.0,8.531807242822001,0.0,0.0,0.0,0.0,1.0,0.0,1.0,0.0,0.0,-16235.518263608392,88793.40438396076,165886.12951280928,13115.483376940312,-1283.6315521239787,3645.911010396357,-59.42412811592483,0.0,-85.02338709677419,10714.275,5735.0,-48.360209989434445,5573.67699225554,440.6725755495882,0.0,16.602130303590958,359.99337757523284,29.188652235829693,20.40038946012452,31.134562384885005,0.2764804036578719,13615.724390791507,1076.5023419190543,0.0,40.5567152218889,879.4141853546774,71.30385286659546,49.83533863548448,76.05744305770183,0.6754035048839401,10264.285361932749,811.5269458391074,0.0,30.57389283390965,662.9510036143803,53.75278407684165,37.56863183931039,57.33630301529776,0.5091564803755033,27880.120092281093,2204.2906944138263,0.0,83.04560657084335,1800.724838050182,146.0047165986634,102.0448994205907,155.73836437190764,1.3829841355812849,1.9459101490553128,0.0,0.0,0.0,4.7535901911063645,0.0,0.0,0.0,3.58351893845611,0.0,0.0,0.0,9.733647773244227,0.0,0.0,0.0,112.69738628253845,60.32321462071469,-11.029858123911428,275.3041759179251,147.3612959242973,-26.944422594524347,207.5394993206856,111.0890870921394,-20.31219452486501,563.7242107874395,301.74308097057104,-55.1725134992132,1.9459101490553128,4.7535901911063645,3.58351893845611,9.733647773244227,1.9459101490553128,0.0,0.0,4.7535901911063645,0.0,0.0,3.58351893845611,0.0,0.0,9.733647773244227,0.0,0.0,0.0,0.0,0.0,0.0,0.0,0.0,0.0,0.0,1.0,6.123233995736766e-17,0.0,0.0,0.0,0.0,0.0,0.0,2864.3033672245406,8.531807242822001,226.46090610274217,0.0,-5.668225806451613,0.0,0.0,0.0,-0.0,0.0,0.0,0.0,0.0,-0.0,0.0,0.0,0.0,0.0,0.0,0.0,0.0,25.595421728466004,0.0,1.9459101490553128,4.7535901911063645,3.58351893845611,9.733647773244227,158.11999999999998,158.11999999999998,90.0,90.0,0.0,-8.666875960061445,452903.64842554426,257787.30305020863,3.356682538993941,20.016667051862015,0.0,0.0,0.0,0.0039444764620040155,0.0,0.0,220047.0
-2.614,2.5780000000000003,-7.635333333333333,84.35499999999999,21.806,63.806,68.34833333333333,30,0.0,27.425166666666662,24,1.0,1.0986122886681098,4.31748811353631,3.828641396489095,9.397317740306333,9.397317740306333,0.3701431492843312,0.0,0.0,0.0,12176.0,4.0,1,1,1,1,1,1,1,1,1,1,1,1,0,0,1,0,1,0,0,54,16,9,16,2.3125,53,1,1,FED,USFS,3,Other Conservation Area,Fee,National Forest,OPEN ACCESS,1,0,0,0,0,1,1,0,0,0,1,0,0,3,0,8.531807242822001,226.46090610274217,0.0,185,60,9,15,10.483726327255328,546.2389902031962,1576.5004026387949,2864.3033672245406,129.7072702796371,0.1420828211375,0.831273044625179,0.8660254037844387,-0.4999999999999998,0,1,0,0,0,2.4409309311890124,6.304885617796202,7.363596849653875,2.302585092994046,2.833213344056216,5.4269783823179685,0.0020667334870461,0.1774235687081781,2480.5594801617603,-1432.1516836122696,0.0,0.0,0.0,196.1208976490172,-113.23045305137104,0.0,7.388761812475923,0.0,0.0,0.0,0.0,0.8660254037844387,0.0,0.8660254037844387,0.0,0.0,-7487.289001924949,85929.10101673621,241618.3105422261,19103.109734296813,-591.968808552568,4938.206518476396,-27.404460619445427,0.0,-39.21,15605.674999999996,5550.0,-22.30214413273671,3146.7588777063256,248.7927343473875,0.0,9.373148281511837,203.2432734036003,16.479184330021646,11.517550574156092,17.577796618689757,0.1560939333102905,12366.595741553983,977.7422702792518,0.0,36.83597635786699,798.7353010042174,64.76232170304465,45.26336380349255,69.07980981658096,0.6134408913988619,10966.390443858982,867.0375997913886,0.0,32.665230396733804,708.2986583504826,57.42962094733642,40.13842860599233,61.25826234382552,0.5439841707369883,26916.76884643834,2128.125090405146,0.0,80.17610355984526,1738.5037819566717,140.959766104595,98.51890739963304,150.35708384490133,1.3351974156682005,1.0986122886681098,0.0,0.0,0.0,4.31748811353631,0.0,0.0,0.0,3.828641396489095,0.0,0.0,0.0,9.397317740306333,0.0,0.0,0.0,92.6734396105984,32.95836866004329,-2.8717725225784387,364.2017098173554,129.5246434060893,-11.285913928783916,322.9650450008376,114.85924189467283,-10.008068610422496,792.7107379835406,281.91953220919,-24.56458857316075,1.0986122886681098,4.31748811353631,3.828641396489095,9.397317740306333,1.0986122886681098,0.0,0.0,4.31748811353631,0.0,0.0,3.828641396489095,0.0,0.0,9.397317740306333,0.0,0.0,0.0,-0.0,0.0,0.0,0.0,-0.0,0.0,0.0,0.8660254037844387,-0.4999999999999998,0.0,0.0,0.0,-0.0,0.0,0.0,2864.3033672245406,8.531807242822001,226.46090610274217,0.0,-2.614,0.0,0.0,0.0,-0.0,0.0,0.0,0.0,0.0,-0.0,0.0,0.0,0.0,0.0,0.0,0.0,0.0,25.595421728466004,0.0,1.0986122886681098,4.31748811353631,3.828641396489095,9.397317740306333,242.475,178.32,120.0,89.0,0.0,-6.392349078341014,694521.9589677703,343716.40406694484,3.460931101241504,18.642059538999845,0.0,0.0,0.0,0.003673596851281094,0.0,0.0,121538.0
2.5629032258064512,8.060967741935483,-2.6570967741935485,70.985,18.373870967741937,55.15596774193549,68.35161290322581,22,0.0,31.967741935483872,27,1.0,1.791759469228055,5.170483995038151,2.4849066497880004,9.113388845899731,9.113388845899731,0.3701431492843312,0.0,0.0,0.0,9266.0,4.0,1,1,1,1,1,1,1,1,1,1,1,1,0,0,1,0,1,0,0,54,16,9,16,2.3125,53,1,1,FED,USFS,3,Other Conservation Area,Fee,National Forest,OPEN ACCESS,1,0,0,0,0,1,1,0,0,0,1,0,0,3,0,8.531807242822001,226.46090610274217,0.0,185,60,9,15,10.483726327255328,546.2389902031962,1576.5004026387949,2864.3033672245406,129.7072702796371,0.1420828211375,0.831273044625179,0.4999999999999999,-0.8660254037844387,0,1,0,0,0,2.4409309311890124,6.304885617796202,7.363596849653875,2.302585092994046,2.833213344056216,5.4269783823179685,0.0020667334870461,0.1774235687081781,1432.15168361227,-2480.5594801617603,0.0,0.0,0.0,113.23045305137109,-196.1208976490172,0.0,4.265903621411,0.0,0.0,0.0,0.0,0.4999999999999999,0.0,0.4999999999999999,0.0,0.0,7340.932339548055,63014.67407893989,203322.574522434,16075.327419703151,580.3973867697698,4160.963467969707,26.86877602259469,0.0,38.44354838709677,13132.225,4070.0,21.86619630458735,5132.1426809663735,405.7634729195537,0.0,15.286946416954825,331.47550180719014,26.876392038420825,18.784315919655192,28.66815150764888,0.2545782401877516,14809.83471716837,1170.912490506066,0.0,44.11357279776173,956.539539082058,77.55725992557227,54.20593918343377,82.72774392061042,0.7346369526613121,7117.526484226421,562.73421149172,0.0,21.20074455239781,459.7077302107801,37.27359974682,26.05108126515429,39.758506396608006,0.3530625470652128,26103.51035813717,2063.826295709077,0.0,77.75367696210057,1685.9769364914505,136.70083268849598,95.54227457427406,145.8142215343957,1.2948559973484592,1.791759469228055,0.0,0.0,0.0,5.170483995038151,0.0,0.0,0.0,2.4849066497880004,0.0,0.0,0.0,9.113388845899731,0.0,0.0,0.0,127.18804592315348,39.418708323017206,4.592106123553837,367.0268063877832,113.75064789083932,13.251450109863905,176.3910985352012,54.66794629533601,6.368575268569567,646.9139072261925,200.49455460979408,23.35673367118495,1.791759469228055,5.170483995038151,2.4849066497880004,9.113388845899731,1.791759469228055,0.0,0.0,5.170483995038151,0.0,0.0,2.4849066497880004,0.0,0.0,9.113388845899731,0.0,0.0,0.0,-0.0,0.0,0.0,0.0,-0.0,0.0,0.0,0.4999999999999999,-0.8660254037844387,0.0,0.0,0.0,-0.0,0.0,0.0,2864.3033672245406,8.531807242822001,226.46090610274217,0.0,2.5629032258064512,0.0,0.0,0.0,0.0,0.0,0.0,0.0,0.0,0.0,0.0,0.0,0.0,0.0,0.0,0.0,0.0,25.595421728466004,0.0,1.791759469228055,5.170483995038151,2.4849066497880004,9.113388845899731,313.46,213.255,142.0,83.0,0.0,-1.906440860215053,897844.5334902045,406731.07814588473,3.319112453264795,18.560538959953938,0.0,0.0,0.0,0.0036575324383404987,0.0,0.0,24683.0
9.678666666666668,16.3165,2.9011666666666667,44.23,16.308666666666667,49.04783333333333,44.08666666666667,5,0.0,35.36033333333333,30,1.0,0.0,6.511745329644728,3.784189633918261,9.177507214880942,9.177507214880942,0.3701431492843312,0.0,0.0,0.0,10391.0,3.0,1,1,1,1,1,1,1,1,1,1,1,1,0,0,1,0,1,0,0,54,16,9,16,2.3125,53,1,1,FED,USFS,3,Other Conservation Area,Fee,National Forest,OPEN ACCESS,1,0,0,0,0,1,1,0,0,0,1,0,0,3,0,8.531807242822001,226.46090610274217,0.0,185,60,9,15,10.483726327255328,546.2389902031962,1576.5004026387949,2864.3033672245406,129.7072702796371,0.1420828211375,0.831273044625179,1.2246467991473532e-16,-1.0,0,0,1,0,1,2.4409309311890124,6.304885617796202,7.363596849653875,2.302585092994046,2.833213344056216,5.4269783823179685,0.0020667334870461,0.1774235687081781,3.50775995045852e-13,-2864.3033672245406,2864.3033672245406,0.0,226.46090610274217,2.7733462379073253e-14,-226.46090610274217,8.531807242822001,1.0448450430864168e-15,0.0,0.0,0.0,1.0,1.2246467991473532e-16,1.0,1.2246467991473532e-16,0.0,0.0,27722.637523577258,14321.516836122702,126688.1379323414,10016.365876924285,2191.839623199741,3693.275430660921,101.46849254606192,0.0,145.18000000000004,8182.549999999999,925.0,82.57651836752656,0.0,0.0,0.0,0.0,0.0,0.0,0.0,0.0,0.0,18651.61407421007,1474.655747661645,0.0,55.55695596687523,1204.672885984275,97.67617994467092,68.26735594877836,104.18792527431565,0.925207146964863,10839.067110648277,856.9710133617335,0.0,32.28597652687576,700.0750822748782,56.76284450877392,39.67240849243557,60.547034142692176,0.5376683389063899,26287.164818311,2078.346599646392,0.0,78.3007225269724,1697.8388347529742,137.66260822321414,96.21447400722305,146.84011543809507,1.3039661161000446,0.0,0.0,0.0,0.0,6.511745329644728,0.0,0.0,0.0,3.784189633918261,0.0,0.0,0.0,9.177507214880942,0.0,0.0,0.0,0.0,0.0,0.0,288.0144959301863,32.55872664822364,63.02501246385479,167.37470750820466,18.920948169591306,36.62591007015021,405.921144114184,45.88753607440471,88.82603316376102,0.0,6.511745329644728,3.784189633918261,9.177507214880942,0.0,0.0,0.0,6.511745329644728,0.0,0.0,3.784189633918261,0.0,0.0,9.177507214880942,0.0,0.0,0.0,-0.0,0.0,0.0,0.0,-0.0,0.0,0.0,1.2246467991473532e-16,-1.0,1.0,0.0,0.0,-0.0,0.0,0.0,2864.3033672245406,8.531807242822001,226.46090610274217,0.0,9.678666666666668,0.0,0.0,0.0,0.0,0.0,0.0,0.0,0.0,0.0,1.0,0.0,0.0,0.0,0.0,0.0,0.0,25.595421728466004,0.0,0.0,6.511745329644728,3.784189633918261,9.177507214880942,357.68999999999994,199.57,147.0,57.0,0.0,3.2091899641577064,1024532.6714225458,421052.59498200746,3.9219816221520936,19.473442178443932,1.0,0.0,0.0,0.003837428784125324,19.473442178443932,0.0,80801.0
15.223548387096775,21.60322580645161,8.871612903225806,69.89,14.465967741935485,42.83370967741936,42.906451612903226,0,0.0,40.92193548387097,30,1.0,1.3862943611198906,7.138866999945524,4.477336814478207,9.000976444070345,9.000976444070345,0.3701431492843312,0.0,0.0,0.0,9459.0,4.0,1,1,1,1,1,1,1,1,1,1,1,1,0,0,1,0,1,0,0,54,16,9,16,2.3125,53,1,1,FED,USFS,3,Other Conservation Area,Fee,National Forest,OPEN ACCESS,1,0,0,0,0,1,1,0,0,0,1,0,0,3,0,8.531807242822001,226.46090610274217,0.0,185,60,9,15,10.483726327255328,546.2389902031962,1576.5004026387949,2864.3033672245406,129.7072702796371,0.1420828211375,0.831273044625179,-0.4999999999999997,-0.8660254037844388,0,0,1,0,1,2.4409309311890124,6.304885617796202,7.363596849653875,2.302585092994046,2.833213344056216,5.4269783823179685,0.0020667334870461,0.1774235687081781,-1432.1516836122696,-2480.5594801617603,2864.3033672245406,0.0,226.46090610274217,-113.23045305137104,-196.1208976490172,8.531807242822001,-4.265903621410998,0.0,0.0,-0.0,1.0,-0.4999999999999997,1.0,-0.4999999999999997,0.0,-0.0,43604.860906267015,0.0,200186.1623353232,15827.35272752065,3447.538561840875,3275.976162491749,159.59951502005185,0.0,228.35322580645163,12929.65,0.0,129.88438039048347,3970.767606520096,313.9414771443325,0.0,11.827596270885982,256.4644568071798,20.79441541679836,14.533530690998202,22.18070977791825,0.1969686137549222,20447.88078611212,1616.674289354628,0.0,60.90743717567819,1320.690394989922,107.08300499918286,74.84192791410315,114.22187199912838,1.014310363077661,12824.450913908326,1013.9417519339,0.0,38.19977466231875,828.3073106784683,67.1600522171731,46.93917383793468,71.63738903165131,0.6361526457838511,25781.52713705946,2038.3692813336083,0.0,76.79459601798959,1665.1806421530137,135.01464666105517,94.36377371770531,144.0156231051255,1.2788841261656976,1.3862943611198906,0.0,0.0,0.0,7.138866999945524,0.0,0.0,0.0,4.477336814478207,0.0,0.0,0.0,9.000976444070345,0.0,0.0,0.0,96.88811289866916,0.0,21.104319285268065,498.9354146261927,0.0,108.67888720271908,312.9210699638819,0.0,68.16095364053872,629.0782436760763,0.0,137.02680042742315,1.3862943611198906,7.138866999945524,4.477336814478207,9.000976444070345,1.3862943611198906,0.0,0.0,7.138866999945524,0.0,0.0,4.477336814478207,0.0,0.0,9.000976444070345,0.0,0.0,-0.0,-0.0,0.0,0.0,-0.0,-0.0,0.0,0.0,-0.4999999999999997,-0.8660254037844388,1.0,0.0,-0.0,-0.0,0.0,0.0,2864.3033672245406,8.531807242822001,226.46090610274217,0.0,15.223548387096775,0.0,0.0,0.0,0.0,0.0,0.0,0.0,0.0,0.0,1.0,0.0,0.0,0.0,0.0,0.0,0.0,25.595421728466004,0.0,1.3862943611198906,7.138866999945524,4.477336814478207,9.000976444070345,427.5799999999999,185.105,147.0,27.0,0.0,9.155039426523295,1224718.833757869,421052.59498200746,3.3121560028464896,22.003474619613968,1.0,0.0,0.0,0.004335995972481161,22.003474619613968,0.0,134004.0
14.402903225806453,20.752741935483872,8.380161290322581,57.790000000000006,13.426129032258064,39.88629032258064,40.39677419354839,0,0.0,40.97467741935483,31,1.0,1.0986122886681098,6.976348070447749,4.262679877041316,9.382274835883653,9.382274835883653,0.3701431492843312,0.0,0.0,0.0,13017.0,4.0,1,1,1,1,1,1,1,1,1,1,1,1,0,0,1,0,1,0,0,54,16,9,16,2.3125,53,1,1,FED,USFS,3,Other Conservation Area,Fee,National Forest,OPEN ACCESS,1,0,0,0,0,1,1,0,0,0,1,0,0,3,0,8.531807242822001,226.46090610274217,0.0,185,60,9,15,10.483726327255328,546.2389902031962,1576.5004026387949,2864.3033672245406,129.7072702796371,0.1420828211375,0.831273044625179,-0.8660254037844385,-0.5000000000000004,0,0,1,0,1,2.4409309311890124,6.304885617796202,7.363596849653875,2.302585092994046,2.833213344056216,5.4269783823179685,0.0020667334870461,0.1774235687081781,-2480.5594801617594,-1432.1516836122717,2864.3033672245406,0.0,226.46090610274217,-196.1208976490171,-113.2304530513712,8.531807242822001,-7.388761812475921,0.0,0.0,-0.0,1.0,-0.8660254037844385,1.0,-0.8660254037844385,0.0,-0.0,41254.28420748662,0.0,165528.0915919062,13087.175763677473,3261.694515026237,3040.493346097494,150.9960957372978,0.0,216.0435483870968,10691.15,0.0,122.88279405959986,3146.7588777063256,248.7927343473875,0.0,9.373148281511837,203.2432734036003,16.479184330021646,11.517550574156092,17.577796618689757,0.1560939333102905,19982.37726911392,1579.8701053217142,0.0,59.5208569958934,1290.6243930328335,104.64522105671622,73.13812393424998,111.62156912716398,0.9912192150863708,12209.608325209732,965.330347380702,0.0,36.3683630487727,788.5957772526435,63.94019815561975,44.68876925159955,68.20287803266106,0.6056535825360819,26873.68140464762,2124.718460639169,0.0,80.04776039893875,1735.7208446384757,140.73412253825478,98.3612017064986,150.11639737413844,1.3330600773697243,1.0986122886681098,0.0,0.0,0.0,6.976348070447749,0.0,0.0,0.0,4.262679877041316,0.0,0.0,0.0,9.382274835883653,0.0,0.0,0.0,63.48880416213007,0.0,15.823206476368528,403.1631549911754,0.0,100.4796661282005,246.3402700942177,0.0,61.39496575161863,542.2016627657164,0.0,135.13199649915137,1.0986122886681098,6.976348070447749,4.262679877041316,9.382274835883653,1.0986122886681098,0.0,0.0,6.976348070447749,0.0,0.0,4.262679877041316,0.0,0.0,9.382274835883653,0.0,0.0,-0.0,-0.0,0.0,0.0,-0.0,-0.0,0.0,0.0,-0.8660254037844385,-0.5000000000000004,1.0,0.0,-0.0,-0.0,0.0,0.0,2864.3033672245406,8.531807242822001,226.46090610274217,0.0,14.402903225806453,0.0,0.0,0.0,0.0,0.0,0.0,0.0,0.0,0.0,1.0,0.0,0.0,0.0,0.0,0.0,0.0,25.595421728466004,0.0,1.0986122886681098,6.976348070447749,4.262679877041316,9.382274835883653,485.37,171.91,147.0,5.0,0.0,13.101706093189966,1390246.925349775,421052.59498200746,3.5653529281533323,21.719915072040827,1.0,0.0,0.0,0.004280117840618308,21.719915072040827,0.0,129225.0
11.500666666666667,17.911833333333334,5.450833333333334,46.495000000000005,15.597166666666665,45.74666666666667,26.87333333333333,0,0.0038333333333333,34.87983333333333,27,1.0,0.0,6.794586580876499,3.8501476017100575,9.595806833577658,9.595806833577658,0.3701431492843312,0.0,0.0,0.0,15640.0,3.0,1,1,1,1,1,1,1,1,1,1,1,1,0,0,1,0,1,0,0,54,16,9,16,2.3125,53,1,1,FED,USFS,3,Other Conservation Area,Fee,National Forest,OPEN ACCESS,1,0,0,0,0,1,1,0,0,0,1,0,0,3,0,8.531807242822001,226.46090610274217,0.0,185,60,9,15,10.483726327255328,546.2389902031962,1576.5004026387949,2864.3033672245406,129.7072702796371,0.1420828211375,0.831273044625179,-1.0,-1.8369701987210292e-16,0,0,0,1,0,2.4409309311890124,6.304885617796202,7.363596849653875,2.302585092994046,2.833213344056216,5.4269783823179685,0.0020667334870461,0.1774235687081781,-2864.3033672245406,-5.261639925687778e-13,0.0,0.0,0.0,-226.46090610274217,-4.160019356860987e-14,0.0,-8.531807242822001,0.0,0.0,-0.0,0.0,-1.0,0.0,-1.0,0.0,-0.0,32941.39825866037,0.0,133175.78505910502,10529.299829246998,2604.451394118937,3532.14849596882,120.56984191432112,0.0401876175878117,172.51000000000002,8601.575,0.0,98.12147116394824,0.0,0.0,0.0,0.0,0.0,0.0,0.0,0.0,0.0,19461.757222503235,1538.7082336988246,0.0,57.97010300270329,1256.9985174621522,101.91879871314748,71.2325862207507,108.71338529402398,0.9653940298739332,11027.990739889608,871.9079145125593,0.0,32.84871719420363,712.2773063163606,57.75221402565087,40.36389377586669,61.60236162736092,0.5470398330467448,27485.301824652743,2173.075110318882,0.0,81.86957424343872,1775.2242642118667,143.93710250366487,100.59981273243469,153.53290933724253,1.3633993060052148,0.0,0.0,0.0,0.0,6.794586580876499,0.0,0.0,0.0,3.8501476017100575,0.0,0.0,0.0,9.595806833577658,0.0,0.0,0.0,0.0,0.0,0.0,315.9143030778528,0.0,78.14227540446699,179.01261274150914,0.0,44.27926418473347,446.15703872719325,0.0,110.3581757906988,0.0,6.794586580876499,3.8501476017100575,9.595806833577658,0.0,0.0,0.0,6.794586580876499,0.0,0.0,3.8501476017100575,0.0,0.0,9.595806833577658,0.0,0.0,-0.0,-0.0,0.0,0.0,-0.0,-0.0,0.0,0.0,-1.0,-1.8369701987210292e-16,0.0,0.0,-0.0,-0.0,0.0,0.0,2864.3033672245406,8.531807242822001,226.46090610274217,0.0,11.500666666666667,0.0,0.0,0.0,0.0,0.0,0.0,0.0,0.0,0.0,0.0,0.0,0.0,0.0,0.0,0.0,0.0,25.595421728466004,0.0,0.0,6.794586580876499,3.8501476017100575,9.595806833577658,531.865,174.175,147.0,0.0,0.0038333333333333,13.7090394265233,1523422.7104088804,421052.59498200746,4.1089202551911335,20.240541016164215,0.0,0.0,0.0,0.003988592976524519,0.0,0.0,110718.0
5.987096774193549,13.468870967741935,-0.9964516129032258,28.11,14.978870967741935,47.80629032258064,15.406451612903227,9,0.0,25.90806451612903,29,0.0,2.079441541679836,6.47543271670409,4.158883083359672,0.0,0.0,-1.6298568507156688,-4.158883083359672,-12.95086543340818,-8.317766166719343,718.0,3.0,1,0,0,0,1,1,1,1,1,0,1,1,0,0,0,1,1,0,0,59,11,27,11,3.8181818181818175,53,1,1,FED,USFS,3,Other Conservation Area,Fee,National Forest,OPEN ACCESS,1,0,0,0,0,1,1,0,0,0,1,0,0,3,0,8.928167567761715,436.3351548676656,2.429304,180,56,8,29,27.01930884521512,1191.714503482821,2867.837825682869,2889.668438971151,146.2321089903203,0.197597060212821,1.744018603138522,-0.8660254037844386,0.5000000000000001,0,0,0,1,0,3.332893874124093,7.083987083720985,7.96166228795736,3.332204510175204,2.4849066497880004,6.080699845920998,0.0035832566784772,0.3580695970911907,-2502.5262766631395,1444.8342194855757,0.0,0.0,0.0,-377.8773286796156,218.1675774338329,0.0,-7.732019922925969,0.0,0.0,-2.103838977515152,0.0,-0.8660254037844386,0.0,-0.8660254037844386,0.0,-0.0,17300.724589453086,26007.01595074036,81228.57981947906,12265.38120333008,2612.380798175443,6535.807983452458,161.76721682812666,0.0,173.6258064516129,5059.8,1620.0,53.45380324440563,6008.896593677736,907.3334471271288,5.051595654968993,18.56560253148233,374.2994775023705,60.30380470871525,56.18507324021777,22.8738569584782,0.4108915355203519,18711.853550141022,2825.458937278228,15.730794600420117,57.8137483685006,1165.5778890067363,187.78754878441865,174.96171647903822,71.22975988374499,1.2795264684266492,12017.793187355472,1814.6668942542567,10.103191309937984,37.13120506296467,748.598955004741,120.6076094174305,112.37014648043554,45.7477139169564,0.8217830710407038,0.0,0.0,0.0,0.0,0.0,0.0,0.0,0.0,0.0,2.079441541679836,0.0,0.0,0.0,6.47543271670409,0.0,0.0,0.0,4.158883083359672,0.0,0.0,0.0,0.0,0.0,0.0,0.0,58.45310173662019,18.714973875118524,12.449817746315407,182.024413666552,58.278894450336814,38.76904232968643,116.90620347324038,37.42994775023705,24.89963549263081,0.0,0.0,0.0,2.079441541679836,6.47543271670409,4.158883083359672,0.0,2.079441541679836,0.0,0.0,6.47543271670409,0.0,0.0,4.158883083359672,0.0,0.0,0.0,0.0,0.0,-0.0,0.0,0.0,0.0,-0.0,0.0,0.0,0.0,-0.8660254037844386,0.5000000000000001,0.0,0.0,-0.0,0.0,0.0,0.0,2889.668438971151,8.928167567761715,436.3351548676656,2.429304,5.987096774193549,0.0,0.0,0.0,0.0,0.0,0.0,0.0,0.0,0.0,0.0,0.0,0.0,0.0,0.0,0.0,0.0,26.784502703285145,7.287912,2.079441541679836,6.47543271670409,4.158883083359672,0.0,28.11,28.11,9.0,9.0,0.0,5.987096774193549,81228.57981947906,26007.01595074036,2.777391345531268,12.713757341743598,0.0,0.0,0.0,0.001685630675066653,0.0,0.0,112246.0
-2.4045,3.4599999999999995,-8.32,84.425,13.6805,46.6535,34.915,28,0.0,28.553,23,0.0,2.079441541679836,4.983606621708336,3.828641396489095,0.0,0.0,-1.6298568507156688,-4.158883083359672,-9.967213243416673,-7.65728279297819,197.0,3.0,1,0,0,0,1,1,1,1,1,0,1,1,0,0,0,1,1,0,0,59,11,27,11,3.8181818181818175,53,1,1,FED,USFS,3,Other Conservation Area,Fee,National Forest,OPEN ACCESS,1,0,0,0,0,1,1,0,0,0,1,0,0,3,0,8.928167567761715,436.3351548676656,2.429304,180,56,8,29,27.01930884521512,1191.714503482821,2867.837825682869,2889.668438971151,146.2321089903203,0.197597060212821,1.744018603138522,-0.5000000000000004,0.8660254037844384,0,0,0,1,0,3.332893874124093,7.083987083720985,7.96166228795736,3.332204510175204,2.4849066497880004,6.080699845920998,0.0035832566784772,0.3580695970911907,-1444.8342194855768,2502.5262766631386,0.0,0.0,0.0,-218.167577433833,377.8773286796156,0.0,-4.464083783880861,0.0,0.0,-1.2146520000000012,0.0,-0.5000000000000004,0.0,-0.5000000000000004,0.0,-0.0,-6948.207761506133,80910.71629119222,243960.2579601394,36837.59544970267,-1049.167879879302,5969.283086167099,-64.96792811831976,0.0,-69.7305,15196.5,5040.0,-21.467778916683045,6008.896593677736,907.3334471271288,5.051595654968993,18.56560253148233,374.2994775023705,60.30380470871525,56.18507324021777,22.8738569584782,0.4108915355203519,14400.97076699822,2174.5227670826307,12.10669550054255,44.494475010418896,897.0491919075006,144.52459202954176,134.6536064749967,54.8196728387917,0.9847460177067155,11063.50420757297,1670.5708366698248,9.300933859056546,34.18275194472386,689.1554513680371,111.03060049818376,103.4472443493146,42.11505536138005,0.7565282845553548,0.0,0.0,0.0,0.0,0.0,0.0,0.0,0.0,0.0,2.079441541679836,0.0,0.0,0.0,4.983606621708336,0.0,0.0,0.0,3.828641396489095,0.0,0.0,0.0,0.0,0.0,0.0,0.0,175.55685215632016,58.22436316703541,-5.000017186969166,420.7409890377263,139.54098540783343,-11.983082121897697,323.23304989859184,107.20195910169464,-9.205968237858029,0.0,0.0,-0.0,2.079441541679836,4.983606621708336,3.828641396489095,0.0,2.079441541679836,0.0,0.0,4.983606621708336,0.0,0.0,3.828641396489095,0.0,0.0,0.0,0.0,0.0,-0.0,0.0,0.0,0.0,-0.0,0.0,0.0,0.0,-0.5000000000000004,0.8660254037844384,0.0,0.0,-0.0,0.0,0.0,0.0,2889.668438971151,8.928167567761715,436.3351548676656,2.429304,-2.4045,0.0,0.0,0.0,-0.0,0.0,0.0,0.0,0.0,-0.0,0.0,0.0,0.0,0.0,0.0,0.0,0.0,26.784502703285145,7.287912,2.079441541679836,4.983606621708336,3.828641396489095,0.0,112.535,112.535,37.0,37.0,0.0,1.7912983870967742,325188.83777961845,106917.73224193258,2.1726851022735354,10.891689559877268,0.0,0.0,0.0,0.0014440550918139894,0.0,0.0,86601.0
-7.708225806451613,-1.5601612903225806,-13.23951612903226,50.765,13.769193548387095,45.41403225806452,33.88709677419355,31,0.0,22.740161290322582,21,0.0,0.6931471805599453,4.382026634673881,3.1354942159291497,0.0,0.0,-1.6298568507156688,-1.3862943611198906,-8.764053269347762,-6.270988431858299,102.0,3.0,1,0,0,0,1,1,1,1,1,0,1,1,0,0,0,1,1,0,0,59,11,27,11,3.8181818181818175,53,1,1,FED,USFS,3,Other Conservation Area,Fee,National Forest,OPEN ACCESS,1,0,0,0,0,1,1,0,0,0,1,0,0,3,0,8.928167567761715,436.3351548676656,2.429304,180,56,8,29,27.01930884521512,1191.714503482821,2867.837825682869,2889.668438971151,146.2321089903203,0.197597060212821,1.744018603138522,-2.4492935982947064e-16,1.0,1,0,0,0,0,3.332893874124093,7.083987083720985,7.96166228795736,3.332204510175204,2.4849066497880004,6.080699845920998,0.0035832566784772,0.3580695970911907,-7.0776464087663e-13,2889.668438971151,0.0,2889.668438971151,0.0,-1.0687129015283029e-13,436.3351548676656,0.0,-2.186770366822119e-15,8.928167567761715,0.0,-5.950078735511724e-16,0.0,-2.4492935982947064e-16,0.0,-2.4492935982947064e-16,0.0,-0.0,-22274.21683336617,89579.72160810568,146694.0183043705,22150.554136857045,-3363.3699010130013,6007.983199338345,-208.27093371317352,0.0,-223.5385483870968,9137.7,5580.0,-68.82033165014518,2002.9655312259115,302.4444823757095,1.6838652183229974,6.188534177160777,124.76649250079016,20.10126823623841,18.728357746739253,7.6246189861593985,0.1369638451734506,12662.60406494808,1912.032270274664,10.6452748317198,39.12346808076336,788.7647942412987,127.07877240554257,118.39933101021224,48.2022929814127,0.8658755807858403,9060.538676347058,1368.1263542941151,7.617068640733548,27.99421776756308,564.388958867247,90.92933226194536,84.71888660257532,34.490436375220646,0.6195644393819042,0.0,0.0,0.0,0.0,0.0,0.0,0.0,0.0,0.0,0.6931471805599453,0.0,0.0,0.0,4.382026634673881,0.0,0.0,0.0,3.1354942159291497,0.0,0.0,0.0,0.0,0.0,0.0,0.0,35.18761662112562,21.487562597358306,-5.342934984861346,222.4535821092196,135.84282567489032,-33.77765078995152,159.1733638716433,97.20032069380365,-24.16909743120484,0.0,0.0,-0.0,0.6931471805599453,4.382026634673881,3.1354942159291497,0.0,0.6931471805599453,0.0,0.0,4.382026634673881,0.0,0.0,3.1354942159291497,0.0,0.0,0.0,0.0,0.0,-0.0,0.0,0.0,0.0,-0.0,0.0,0.0,0.0,-2.4492935982947064e-16,1.0,0.0,1.0,-0.0,0.0,0.0,0.0,2889.668438971151,8.928167567761715,436.3351548676656,2.429304,-7.708225806451613,0.0,0.0,0.0,-0.0,0.0,0.0,0.0,0.0,-0.0,0.0,1.0,0.0,0.0,0.0,0.0,0.0,26.784502703285145,7.287912,0.6931471805599453,4.382026634673881,3.1354942159291497,0.0,163.3,163.3,68.0,68.0,0.0,-1.375209677419355,471882.85608398897,196497.45385003823,2.0542774106356902,8.210668031162976,0.0,0.0,0.0,0.0010885966692690831,0.0,8.210668031162976,63319.0
-7.410322580645161,-2.079354838709677,-12.445806451612905,59.04,12.87548387096774,43.55209677419355,45.06612903225806,31,0.0,25.430806451612906,23,0.0,1.3862943611198906,4.110873864173311,3.4339872044851463,0.0,0.0,-0.6298568507156688,-1.3862943611198906,-4.110873864173311,-3.4339872044851463,93.0,3.0,1,0,0,0,1,1,1,1,1,0,1,1,0,0,0,1,1,0,0,59,11,27,11,3.8181818181818175,53,1,1,FED,USFS,3,Other Conservation Area,Fee,National Forest,OPEN ACCESS,1,0,0,0,0,1,1,0,0,0,1,0,0,3,0,8.928167567761715,436.3351548676656,2.429304,180,56,8,29,27.01930884521512,1191.714503482821,2867.837825682869,2889.668438971151,146.2321089903203,0.197597060212821,1.744018603138522,0.4999999999999999,0.8660254037844387,1,0,0,0,0,3.332893874124093,7.083987083720985,7.96166228795736,3.332204510175204,2.4849066497880004,6.080699845920998,0.0035832566784772,0.3580695970911907,1444.8342194855752,2502.5262766631395,0.0,2889.668438971151,0.0,218.1675774338328,377.8773286796157,0.0,4.464083783880857,8.928167567761715,0.0,1.2146519999999998,0.0,0.4999999999999999,0.0,0.4999999999999999,0.0,0.0,-21413.375283885573,89579.72160810568,170606.02463685675,25761.227543386976,-3233.3842508451658,5618.026248834839,-200.2217944491232,0.0,-214.89935483870968,10627.2,5580.0,-66.16060173116843,4005.931062451823,604.888964751419,3.367730436645995,12.377068354321556,249.5329850015803,40.20253647247683,37.456715493478505,15.249237972318795,0.2739276903469012,11879.062461892996,1793.718784165501,9.986562321731682,36.70257070927144,739.957295551196,119.21534206102604,111.0729705598216,45.219612505906426,0.8122965904663659,9923.0844446315,1498.3693386826085,8.342198851804584,30.659213187193,618.1176968073263,99.58562893006923,92.78396084850108,37.77385924933661,0.6785457764147084,0.0,0.0,0.0,0.0,0.0,0.0,0.0,0.0,0.0,1.3862943611198906,0.0,0.0,0.0,4.110873864173311,0.0,0.0,0.0,3.4339872044851463,0.0,0.0,0.0,0.0,0.0,0.0,0.0,81.84681908051834,42.97512519471661,-10.272888407627782,242.7059929407923,127.43708978937264,-30.46290142186752,202.74260455280304,106.45360333903952,-25.44695292304284,0.0,0.0,-0.0,1.3862943611198906,4.110873864173311,3.4339872044851463,0.0,1.3862943611198906,0.0,0.0,4.110873864173311,0.0,0.0,3.4339872044851463,0.0,0.0,0.0,0.0,0.0,0.0,0.0,0.0,0.0,0.0,0.0,0.0,0.0,0.4999999999999999,0.8660254037844387,0.0,1.0,0.0,0.0,0.0,0.0,2889.668438971151,8.928167567761715,436.3351548676656,2.429304,-7.410322580645161,0.0,0.0,0.0,-0.0,0.0,0.0,0.0,0.0,-0.0,0.0,1.0,0.0,0.0,0.0,0.0,0.0,26.784502703285145,7.287912,1.3862943611198906,4.110873864173311,3.4339872044851463,0.0,59.04,194.23,31.0,90.0,0.0,-5.841016129032258,170606.02463685675,89579.72160810568,1.8860876416247565,8.931155429778348,0.0,0.0,0.0,0.001184121196555561,0.0,8.931155429778348,64399.0
-7.210178571428571,-2.6010714285714287,-12.021607142857144,59.575,13.793214285714283,47.51803571428572,47.707142857142856,28,0.0,26.344285714285714,20,0.0,0.6931471805599453,3.80666248977032,2.3978952727983707,0.0,0.0,-0.6298568507156688,-0.6931471805599453,-3.80666248977032,-2.3978952727983707,55.0,3.0,1,0,0,0,1,1,1,1,1,0,1,1,0,0,0,1,1,0,0,59,11,27,11,3.8181818181818175,53,1,1,FED,USFS,3,Other Conservation Area,Fee,National Forest,OPEN ACCESS,1,0,0,0,0,1,1,0,0,0,1,0,0,3,0,8.928167567761715,436.3351548676656,2.429304,180,56,8,29,27.01930884521512,1191.714503482821,2867.837825682869,2889.668438971151,146.2321089903203,0.197597060212821,1.744018603138522,0.8660254037844386,0.5000000000000001,1,0,0,0,0,3.332893874124093,7.083987083720985,7.96166228795736,3.332204510175204,2.4849066497880004,6.080699845920998,0.0035832566784772,0.3580695970911907,2502.5262766631395,1444.8342194855757,0.0,2889.668438971151,0.0,377.8773286796156,218.1675774338329,0.0,7.732019922925969,8.928167567761715,0.0,2.103838977515152,0.0,0.8660254037844386,0.0,0.8660254037844386,0.0,0.0,-20835.025457203243,80910.71629119222,172151.9972517063,25994.66685124118,-3146.0543835878098,6018.46429148004,-194.8140416505805,0.0,-209.09517857142856,10723.5,5040.0,-64.37368247919906,2002.9655312259115,302.4444823757095,1.6838652183229974,6.188534177160777,124.76649250079016,20.10126823623841,18.728357746739253,7.6246189861593985,0.1369638451734506,10999.992454504636,1660.980667002866,9.247540413048998,33.98652058258244,685.1992481586576,110.39321220333927,102.85338948059984,41.87328738747352,0.7521853172010331,6929.12228976357,1046.2860052129204,5.825216577790173,21.408810805487544,431.6211491037067,69.53896291115275,64.78947295422054,26.37684800078208,0.4738170566031784,0.0,0.0,0.0,0.0,0.0,0.0,0.0,0.0,0.0,0.6931471805599453,0.0,0.0,0.0,3.80666248977032,0.0,0.0,0.0,2.3978952727983707,0.0,0.0,0.0,0.0,0.0,0.0,0.0,41.29424328185874,19.408121055678468,-4.997714948119448,226.78191782806684,106.58654971356896,-27.44671631240289,142.85461087696294,67.14106763835437,-17.28925311246068,0.0,0.0,-0.0,0.6931471805599453,3.80666248977032,2.3978952727983707,0.0,0.6931471805599453,0.0,0.0,3.80666248977032,0.0,0.0,2.3978952727983707,0.0,0.0,0.0,0.0,0.0,0.0,0.0,0.0,0.0,0.0,0.0,0.0,0.0,0.8660254037844386,0.5000000000000001,0.0,1.0,0.0,0.0,0.0,0.0,2889.668438971151,8.928167567761715,436.3351548676656,2.429304,-7.210178571428571,0.0,0.0,0.0,-0.0,0.0,0.0,0.0,0.0,-0.0,0.0,1.0,0.0,0.0,0.0,0.0,0.0,26.784502703285145,7.287912,0.6931471805599453,3.80666248977032,2.3978952727983707,0.0,118.615,169.38,59.0,90.0,0.0,-7.442908986175115,342758.02188856306,170490.4378992979,1.7152697254985916,6.897704943128636,0.0,0.0,0.0,0.0009145198171685378,0.0,6.897704943128636,57163.0
-4.003709677419355,1.008225806451613,-9.046290322580646,76.24,14.87983870967742,50.04532258064516,46.30483870967742,31,0.0,27.238225806451613,26,0.0,0.6931471805599453,4.07753744390572,3.5263605246161616,0.0,0.0,-0.6298568507156688,-0.6931471805599453,-4.07753744390572,-3.5263605246161616,92.0,3.0,1,0,0,0,1,1,1,1,1,0,1,1,0,0,0,1,1,0,0,59,11,27,11,3.8181818181818175,53,1,1,FED,USFS,3,Other Conservation Area,Fee,National Forest,OPEN ACCESS,1,0,0,0,0,1,1,0,0,0,1,0,0,3,0,8.928167567761715,436.3351548676656,2.429304,180,56,8,29,27.01930884521512,1191.714503482821,2867.837825682869,2889.668438971151,146.2321089903203,0.197597060212821,1.744018603138522,1.0,6.123233995736766e-17,0,1,0,0,0,3.332893874124093,7.083987083720985,7.96166228795736,3.332204510175204,2.4849066497880004,6.080699845920998,0.0035832566784772,0.3580695970911907,2889.668438971151,1.7694116021915744e-13,0.0,0.0,0.0,436.3351548676656,2.6717822538207572e-14,0.0,8.928167567761715,0.0,0.0,2.429304,0.0,1.0,0.0,1.0,0.0,0.0,-11569.393493642076,89579.72160810568,220308.32178716053,33266.19220711082,-1746.9592821419458,6492.596727792983,-108.17746830077016,0.0,-116.10758064516128,13723.2,5580.0,-35.745790892669206,2002.9655312259115,302.4444823757095,1.6838652183229974,6.188534177160777,124.76649250079016,20.10126823623841,18.728357746739253,7.6246189861593985,0.1369638451734506,11782.731260377455,1779.1729320653076,9.90557802262994,36.40493756301305,733.9567399030295,118.24858587326588,110.17224352481767,44.852911882962914,0.8057094118234708,10190.012712417072,1538.6750656276154,8.56660172789214,31.4839376681132,634.7448944309091,102.26445521386869,95.2798241141789,38.789965770777776,0.6967984729146948,0.0,0.0,0.0,0.0,0.0,0.0,0.0,0.0,0.0,0.6931471805599453,0.0,0.0,0.0,4.07753744390572,0.0,0.0,0.0,3.5263605246161616,0.0,0.0,0.0,0.0,0.0,0.0,0.0,52.84554104589022,21.487562597358306,-2.775160074683794,310.87145472337204,126.4036607610773,-16.32527612420511,268.8497263967361,109.317176263101,-14.11852375847532,0.0,0.0,-0.0,0.6931471805599453,4.07753744390572,3.5263605246161616,0.0,0.6931471805599453,0.0,0.0,4.07753744390572,0.0,0.0,3.5263605246161616,0.0,0.0,0.0,0.0,0.0,0.0,0.0,0.0,0.0,0.0,0.0,0.0,0.0,1.0,6.123233995736766e-17,0.0,0.0,0.0,0.0,0.0,0.0,2889.668438971151,8.928167567761715,436.3351548676656,2.429304,-4.003709677419355,0.0,0.0,0.0,-0.0,0.0,0.0,0.0,0.0,-0.0,0.0,0.0,0.0,0.0,0.0,0.0,0.0,26.784502703285145,7.287912,0.6931471805599453,4.07753744390572,3.5263605246161616,0.0,194.855,194.855,90.0,90.0,0.0,-6.208070276497696,563066.3436757235,260070.1595074036,2.027456832131245,8.297045149081827,0.0,0.0,0.0,0.0011000488242594738,0.0,0.0,55930.0
1.4183333333333334,7.288666666666667,-4.821,24.62,16.275166666666667,52.79283333333333,34.97833333333333,29,0.0,25.62833333333333,28,0.0,0.6931471805599453,5.135798437050262,4.418840607796598,0.0,0.0,-0.6298568507156688,-0.6931471805599453,-5.135798437050262,-4.418840607796598,252.0,3.0,1,0,0,0,1,1,1,1,1,0,1,1,0,0,0,1,1,0,0,59,11,27,11,3.8181818181818175,53,1,1,FED,USFS,3,Other Conservation Area,Fee,National Forest,OPEN ACCESS,1,0,0,0,0,1,1,0,0,0,1,0,0,3,0,8.928167567761715,436.3351548676656,2.429304,180,56,8,29,27.01930884521512,1191.714503482821,2867.837825682869,2889.668438971151,146.2321089903203,0.197597060212821,1.744018603138522,0.8660254037844387,-0.4999999999999998,0,1,0,0,0,3.332893874124093,7.083987083720985,7.96166228795736,3.332204510175204,2.4849066497880004,6.080699845920998,0.0035832566784772,0.3580695970911907,2502.5262766631395,-1444.8342194855747,0.0,0.0,0.0,377.8773286796157,-218.16757743383272,0.0,7.73201992292597,0.0,0.0,2.103838977515152,0.0,0.8660254037844387,0.0,0.8660254037844387,0.0,0.0,4098.513069274082,83800.38473016338,71143.63696746973,10742.571512841929,618.8686946539724,7101.427367997069,38.32238637879679,0.0,41.13166666666667,4431.6,5220.0,12.663117666942034,2002.9655312259115,302.4444823757095,1.6838652183229974,6.188534177160777,124.76649250079016,20.10126823623841,18.728357746739253,7.6246189861593985,0.1369638451734506,14840.754652461506,2240.929406399441,12.476415686319951,45.85326904023346,924.4437186690471,148.9381546744576,138.76572413743415,56.49378280755288,1.0148186730067326,12768.984241193928,1928.0955009384584,10.734707163882709,39.45214940163805,795.3913094033877,128.14637762610135,119.3940191198344,48.60724668576258,0.873149913649643,0.0,0.0,0.0,0.0,0.0,0.0,0.0,0.0,0.0,0.6931471805599453,0.0,0.0,0.0,5.135798437050262,0.0,0.0,0.0,4.418840607796598,0.0,0.0,0.0,0.0,0.0,0.0,0.0,17.065283585385853,20.10126823623841,0.9831137510941892,126.44335752017746,148.9381546744576,7.284274116549622,108.79185576395226,128.14637762610135,6.267388928724842,0.0,0.0,0.0,0.6931471805599453,5.135798437050262,4.418840607796598,0.0,0.6931471805599453,0.0,0.0,5.135798437050262,0.0,0.0,4.418840607796598,0.0,0.0,0.0,0.0,0.0,0.0,-0.0,0.0,0.0,0.0,-0.0,0.0,0.0,0.8660254037844387,-0.4999999999999998,0.0,0.0,0.0,-0.0,0.0,0.0,2889.668438971151,8.928167567761715,436.3351548676656,2.429304,1.4183333333333334,0.0,0.0,0.0,0.0,0.0,0.0,0.0,0.0,0.0,0.0,0.0,0.0,0.0,0.0,0.0,0.0,26.784502703285145,7.287912,0.6931471805599453,5.135798437050262,4.418840607796598,0.0,219.475,160.435,119.0,88.0,0.0,-3.265184971838197,634209.9806431934,343870.54423756694,2.5902863604003943,10.247786225406806,0.0,0.0,0.0,0.0013586843250779099,0.0,0.0,57904.0
6.337096774193548,12.082258064516129,0.1669354838709677,62.04,15.389677419354838,51.50016129032259,42.62580645161291,13,0.0,29.404838709677417,28,0.0,2.079441541679836,6.148468295917647,4.672828834461906,0.0,0.0,-0.6298568507156688,-2.079441541679836,-6.148468295917647,-4.672828834461906,580.0,3.0,1,0,0,0,1,1,1,1,1,0,1,1,0,0,0,1,1,0,0,59,11,27,11,3.8181818181818175,53,1,1,FED,USFS,3,Other Conservation Area,Fee,National Forest,OPEN ACCESS,1,0,0,0,0,1,1,0,0,0,1,0,0,3,0,8.928167567761715,436.3351548676656,2.429304,180,56,8,29,27.01930884521512,1191.714503482821,2867.837825682869,2889.668438971151,146.2321089903203,0.197597060212821,1.744018603138522,0.4999999999999999,-0.8660254037844387,0,1,0,0,0,3.332893874124093,7.083987083720985,7.96166228795736,3.332204510175204,2.4849066497880004,6.080699845920998,0.0035832566784772,0.3580695970911907,1444.8342194855752,-2502.5262766631395,0.0,0.0,0.0,218.1675774338328,-377.8773286796157,0.0,4.464083783880857,0.0,0.0,1.2146519999999998,0.0,0.4999999999999999,0.0,0.4999999999999999,0.0,0.0,18312.108543092985,37565.68970662496,179275.0299537702,27070.233007989973,2765.098102379126,6715.057280137609,171.22397492395194,0.0,183.7758064516129,11167.2,2340.0,56.578661893122224,6008.896593677736,907.3334471271288,5.051595654968993,18.56560253148233,374.2994775023705,60.30380470871525,56.18507324021777,22.8738569584782,0.4108915355203519,17767.03478272796,2682.792866098159,14.936498625145925,54.89455523102308,1106.7242932651766,178.30558058161176,166.12736381241243,67.63315125509412,1.2149192600850602,13502.926003658918,2038.919493155029,11.351721778873646,41.71979884954457,841.109190203143,135.51203619939523,126.25660545915284,51.40111717908096,0.9233372405673754,0.0,0.0,0.0,0.0,0.0,0.0,0.0,0.0,0.0,2.079441541679836,0.0,0.0,0.0,6.148468295917647,0.0,0.0,0.0,4.672828834461906,0.0,0.0,0.0,0.0,0.0,0.0,0.0,129.00855324581704,27.03274004183787,13.177622285903348,381.4509730787309,79.93008784692941,38.96343860429102,289.90230089001665,60.746774848004776,29.61216853322714,0.0,0.0,0.0,2.079441541679836,6.148468295917647,4.672828834461906,0.0,2.079441541679836,0.0,0.0,6.148468295917647,0.0,0.0,4.672828834461906,0.0,0.0,0.0,0.0,0.0,0.0,-0.0,0.0,0.0,0.0,-0.0,0.0,0.0,0.4999999999999999,-0.8660254037844387,0.0,0.0,0.0,-0.0,0.0,0.0,2889.668438971151,8.928167567761715,436.3351548676656,2.429304,6.337096774193548,0.0,0.0,0.0,0.0,0.0,0.0,0.0,0.0,0.0,0.0,0.0,0.0,0.0,0.0,0.0,0.0,26.784502703285145,7.287912,2.079441541679836,6.148468295917647,4.672828834461906,0.0,281.515,162.89999999999998,132.0,73.0,0.0,1.250573476702509,813485.0105969635,381436.2339441919,2.729823208937087,12.90073867205939,0.0,0.0,0.0,0.001710421258807796,0.0,0.0,151577.0
12.914166666666668,20.2745,5.141666666666667,31.41,13.66,43.8185,35.70166666666667,1,0.0,35.17333333333333,30,0.0,2.6390573296152584,6.996681488176539,5.214935757608986,0.0,0.0,-0.6298568507156688,-2.6390573296152584,-6.996681488176539,-5.214935757608986,1288.0,3.0,1,0,0,0,1,1,1,1,1,0,1,1,0,0,0,1,1,0,0,59,11,27,11,3.8181818181818175,53,1,1,FED,USFS,3,Other Conservation Area,Fee,National Forest,OPEN ACCESS,1,0,0,0,0,1,1,0,0,0,1,0,0,3,0,8.928167567761715,436.3351548676656,2.429304,180,56,8,29,27.01930884521512,1191.714503482821,2867.837825682869,2889.668438971151,146.2321089903203,0.197597060212821,1.744018603138522,1.2246467991473532e-16,-1.0,0,0,1,0,1,3.332893874124093,7.083987083720985,7.96166228795736,3.332204510175204,2.4849066497880004,6.080699845920998,0.0035832566784772,0.3580695970911907,3.5388232043831494e-13,-2889.668438971151,2889.668438971151,0.0,436.3351548676656,5.3435645076415144e-14,-436.3351548676656,8.928167567761715,1.0933851834110597e-15,0.0,2.429304,2.975039367755862e-16,1.0,1.2246467991473532e-16,1.0,1.2246467991473532e-16,0.0,0.0,37317.65983227994,2889.668438971151,90764.48566808384,13705.287214393376,5634.904912486846,5960.338215492312,348.931857645249,0.0,374.5108333333334,5653.8,180.0,115.29984399800276,7626.000674024698,1151.5134886223218,6.411072527063666,23.56194605973479,475.0303193307465,76.53266255884249,71.30550504910335,29.029630625767844,0.5214699700650728,20218.08967391745,3052.8981007032394,16.99706632595322,62.46754474469655,1259.402667871777,202.90376315711964,189.04549802064125,76.96349636994192,1.3825236933091496,15069.435270024796,2275.459801421244,12.66866429570254,46.55982029904542,938.6884363696174,151.23313697066058,140.90395984279309,57.364293333698846,1.0304559749022562,0.0,0.0,0.0,0.0,0.0,0.0,0.0,0.0,0.0,2.6390573296152584,0.0,0.0,0.0,6.996681488176539,0.0,0.0,0.0,5.214935757608986,0.0,0.0,0.0,0.0,0.0,0.0,0.0,82.89279072321527,2.6390573296152584,34.08122619753972,219.7657655436251,6.996681488176539,90.3563108518932,163.80113214649825,5.214935757608986,67.34654952972205,0.0,0.0,0.0,2.6390573296152584,6.996681488176539,5.214935757608986,0.0,2.6390573296152584,0.0,0.0,6.996681488176539,0.0,0.0,5.214935757608986,0.0,0.0,0.0,0.0,0.0,0.0,-0.0,0.0,0.0,0.0,-0.0,0.0,0.0,1.2246467991473532e-16,-1.0,1.0,0.0,0.0,-0.0,0.0,0.0,2889.668438971151,8.928167567761715,436.3351548676656,2.429304,12.914166666666668,0.0,0.0,0.0,0.0,0.0,0.0,0.0,0.0,0.0,1.0,0.0,0.0,0.0,0.0,0.0,0.0,26.784502703285145,7.287912,2.6390573296152584,6.996681488176539,5.214935757608986,0.0,312.925,118.07,133.0,43.0,0.0,6.88986559139785,904249.4962650476,384325.9023831631,3.05385529868194,14.850674575400783,1.0,0.0,0.0,0.001968950007212812,14.850674575400783,0.0,215099.0
15.393225806451612,21.958548387096776,8.809032258064516,102.685,11.781129032258066,37.86096774193548,46.92580645161291,0,0.077741935483871,46.04322580645161,30,0.0,2.9444389791664403,7.198931240688173,5.236441962829949,0.0,0.0,-0.6298568507156688,-2.9444389791664403,-7.198931240688173,-5.236441962829949,1542.0,3.0,1,0,0,0,1,1,1,1,1,0,1,1,0,0,0,1,1,0,0,59,11,27,11,3.8181818181818175,53,1,1,FED,USFS,3,Other Conservation Area,Fee,National Forest,OPEN ACCESS,1,0,0,0,0,1,1,0,0,0,1,0,0,3,0,8.928167567761715,436.3351548676656,2.429304,180,56,8,29,27.01930884521512,1191.714503482821,2867.837825682869,2889.668438971151,146.2321089903203,0.197597060212821,1.744018603138522,-0.4999999999999997,-0.8660254037844388,0,0,1,0,1,3.332893874124093,7.083987083720985,7.96166228795736,3.332204510175204,2.4849066497880004,6.080699845920998,0.0035832566784772,0.3580695970911907,-1444.8342194855743,-2502.52627666314,2889.668438971151,0.0,436.3351548676656,-218.1675774338327,-377.8773286796157,8.928167567761715,-4.464083783880855,0.0,2.429304,-1.2146519999999994,1.0,-0.4999999999999997,1.0,-0.4999999999999997,0.0,-0.0,44481.31878685947,0.0,296725.6036557526,44805.07537758625,6716.605566171011,5140.520760806275,415.9143221886517,2.100533365063499,446.4035483870968,18483.3,0.0,137.43329940839396,8508.452388573696,1284.7622379729798,7.152937389844951,26.288444599047224,529.9990162499593,85.38873039582677,79.55670615398799,32.38882877083084,0.5818124862593284,20802.524400540045,3141.1467777873504,17.488392458728743,64.27326442565875,1295.8076233238712,208.76900597995703,194.51014654762145,79.1882436475699,1.4224876498342192,15131.58107249385,2284.843714806949,12.720909406070648,46.75183130300485,942.5595533093908,151.85681692206853,141.48504264374688,57.60086159112944,1.034705537830252,0.0,0.0,0.0,0.0,0.0,0.0,0.0,0.0,0.0,2.9444389791664403,0.0,0.0,0.0,7.198931240688173,0.0,0.0,0.0,5.236441962829949,0.0,0.0,0.0,0.0,0.0,0.0,0.0,302.34971657570594,0.0,45.32441407962689,739.2222544500651,0.0,110.81477415303192,537.7040429531934,0.0,80.6057335562201,0.0,0.0,0.0,2.9444389791664403,7.198931240688173,5.236441962829949,0.0,2.9444389791664403,0.0,0.0,7.198931240688173,0.0,0.0,5.236441962829949,0.0,0.0,0.0,0.0,0.0,-0.0,-0.0,0.0,0.0,-0.0,-0.0,0.0,0.0,-0.4999999999999997,-0.8660254037844388,1.0,0.0,-0.0,-0.0,0.0,0.0,2889.668438971151,8.928167567761715,436.3351548676656,2.429304,15.393225806451612,0.0,0.0,0.0,0.0,0.0,0.0,0.0,0.0,0.0,1.0,0.0,0.0,0.0,0.0,0.0,0.0,26.784502703285145,7.287912,2.9444389791664403,7.198931240688173,5.236441962829949,0.0,415.61,196.135,133.0,14.0,0.077741935483871,11.548163082437275,1200975.0999208,384325.9023831631,3.0973106962123405,15.379812182684564,1.0,0.0,0.0,0.002039104766202934,15.379812182684564,0.0,244641.0
14.26274193548387,20.68564516129032,7.542903225806452,58.3,13.447096774193549,43.27145161290323,32.49032258064516,0,0.0,39.924838709677424,31,1.0,2.19722457733622,7.059617628291383,5.231108616854587,10.047631185616188,10.047631185616188,-0.6298568507156688,-2.19722457733622,-7.059617628291383,-5.231108616854587,24457.0,4.0,1,0,0,0,1,1,1,1,1,0,1,1,0,0,0,1,1,0,0,59,11,27,11,3.8181818181818175,53,1,1,FED,USFS,3,Other Conservation Area,Fee,National Forest,OPEN ACCESS,1,0,0,0,0,1,1,0,0,0,1,0,0,3,0,8.928167567761715,436.3351548676656,2.429304,180,56,8,29,27.01930884521512,1191.714503482821,2867.837825682869,2889.668438971151,146.2321089903203,0.197597060212821,1.744018603138522,-0.8660254037844385,-0.5000000000000004,0,0,1,0,1,3.332893874124093,7.083987083720985,7.96166228795736,3.332204510175204,2.4849066497880004,6.080699845920998,0.0035832566784772,0.3580695970911907,-2502.526276663139,-1444.8342194855768,2889.668438971151,0.0,436.3351548676656,-377.8773286796156,-218.167577433833,8.928167567761715,-7.732019922925968,0.0,2.429304,-2.103838977515152,1.0,-0.8660254037844385,1.0,-0.8660254037844385,0.0,-0.0,41214.595224158045,0.0,168467.66999201808,25438.339528784905,6223.335711256903,5867.441053488229,385.36942933444,0.0,413.6195161290322,10494.0,0.0,127.34014997574204,6349.250514460202,958.7263262310406,5.337726454621189,19.617189210462183,395.5004239205196,63.71951274275038,59.36748945734459,24.16947035069842,0.4341651171089952,20399.954251677977,3080.3593511470226,17.14995734287877,63.02944914971,1270.731173092449,204.7289112204501,190.74598902793,77.65579391120521,1.394959689576985,15116.16947095473,2282.5165884648263,12.707953087359316,46.704214296439964,941.5995510338256,151.70214988878303,141.3409393216602,57.54219478540045,1.0336516843444226,29034.322723497386,4384.134709429026,24.40875062974215,89.70693488424965,1808.5736134109136,291.3813043828695,271.4800501669788,110.52394304177808,1.98538238438042,2.19722457733622,0.0,0.0,0.0,7.059617628291383,0.0,0.0,0.0,5.231108616854587,0.0,0.0,0.0,10.047631185616188,0.0,0.0,0.0,128.09819285870162,0.0,31.33844712084913,411.5757077293876,0.0,100.68950439551269,304.9736323626224,0.0,74.60995223868294,585.7768981214238,0.0,143.30677066336352,2.19722457733622,7.059617628291383,5.231108616854587,10.047631185616188,2.19722457733622,0.0,0.0,7.059617628291383,0.0,0.0,5.231108616854587,0.0,0.0,10.047631185616188,0.0,0.0,-0.0,-0.0,0.0,0.0,-0.0,-0.0,0.0,0.0,-0.8660254037844385,-0.5000000000000004,1.0,0.0,-0.0,-0.0,0.0,0.0,2889.668438971151,8.928167567761715,436.3351548676656,2.429304,14.26274193548387,0.0,0.0,0.0,0.0,0.0,0.0,0.0,0.0,0.0,1.0,0.0,0.0,0.0,0.0,0.0,0.0,26.784502703285145,7.287912,2.19722457733622,7.059617628291383,5.231108616854587,10.047631185616188,473.91,192.395,133.0,1.0,0.077741935483871,14.190044802867384,1369442.769912818,384325.9023831631,3.2907289256029504,24.53558200809838,1.0,0.0,0.0,0.0032530060588518484,24.53558200809838,0.0,234608.0
11.595833333333331,18.103166666666667,5.180166666666667,54.92,13.700166666666666,43.46716666666667,29.73,2,0.0,37.47583333333333,27,1.0,2.4849066497880004,6.932447891572509,4.912654885736052,9.70698593216834,9.70698593216834,-0.6298568507156688,-2.4849066497880004,-6.932447891572509,-4.912654885736052,17601.0,4.0,1,0,0,0,1,1,1,1,1,0,1,1,0,0,0,1,1,0,0,59,11,27,11,3.8181818181818175,53,1,1,FED,USFS,3,Other Conservation Area,Fee,National Forest,OPEN ACCESS,1,0,0,0,0,1,1,0,0,0,1,0,0,3,0,8.928167567761715,436.3351548676656,2.429304,180,56,8,29,27.01930884521512,1191.714503482821,2867.837825682869,2889.668438971151,146.2321089903203,0.197597060212821,1.744018603138522,-1.0,-1.8369701987210292e-16,0,0,0,1,0,3.332893874124093,7.083987083720985,7.96166228795736,3.332204510175204,2.4849066497880004,6.080699845920998,0.0035832566784772,0.3580695970911907,-2889.668438971151,-5.308234806574725e-13,0.0,0.0,0.0,-436.3351548676656,-8.01534676146227e-14,0.0,-8.928167567761715,0.0,0.0,-2.429304,0.0,-1.0,0.0,-1.0,0.0,-0.0,33508.11360690297,5779.336877942302,158700.5906682956,23963.526705332195,5059.669733319638,5977.86434421283,313.3114021509736,0.0,336.2791666666666,9885.6,360.0,103.52954308783688,7180.556319681923,1084.2521278669392,6.036593663956589,22.185662959552644,447.2831969618401,72.062292843852,67.1404602221508,27.333973147668004,0.4910102489013988,20032.47587708918,3024.870724381313,16.841023392788664,61.89405643073576,1247.8406204830517,201.0409888556028,187.309950635758,76.2569268072976,1.369831323453297,14195.943774868896,2143.564030379034,11.934332164538136,43.86100602243476,884.2778794324894,142.46699168634552,132.7365396076574,54.03920374309658,0.970726163261596,28049.97088572381,4235.499210010924,23.58121975296028,86.6655969803046,1747.2574677903012,281.50259203288186,262.2760508574148,106.77684525385176,1.9180718837236737,2.4849066497880004,0.0,0.0,0.0,6.932447891572509,0.0,0.0,0.0,4.912654885736052,0.0,0.0,0.0,9.70698593216834,0.0,0.0,0.0,136.47107320635698,4.969813299576001,28.81456335983335,380.7300382051622,13.864895783145018,80.38751034269288,269.803006324624,9.825309771472105,56.966327279180966,533.1076673946852,19.41397186433668,112.56059103843536,2.4849066497880004,6.932447891572509,4.912654885736052,9.70698593216834,2.4849066497880004,0.0,0.0,6.932447891572509,0.0,0.0,4.912654885736052,0.0,0.0,9.70698593216834,0.0,0.0,-0.0,-0.0,0.0,0.0,-0.0,-0.0,0.0,0.0,-1.0,-1.8369701987210292e-16,0.0,0.0,-0.0,-0.0,0.0,0.0,2889.668438971151,8.928167567761715,436.3351548676656,2.429304,11.595833333333331,0.0,0.0,0.0,0.0,0.0,0.0,0.0,0.0,0.0,0.0,0.0,0.0,0.0,0.0,0.0,0.0,26.784502703285145,7.287912,2.4849066497880004,6.932447891572509,4.912654885736052,9.70698593216834,528.8299999999999,215.90500000000003,135.0,2.0,0.077741935483871,13.750600358422938,1528143.3605811135,390105.23926110537,3.063171682306784,24.036995359264903,0.0,0.0,0.0,0.003186901843798682,0.0,0.0,185364.0
5.23016129032258,12.95258064516129,-1.97758064516129,21.26,20.45725806451613,53.46935483870968,27.324193548387097,13,0.0,25.56967741935484,28,0.0,3.1354942159291497,7.773173680482536,5.099866427824199,0.0,0.0,-1.6298568507156688,-6.270988431858299,-15.546347360965072,-10.199732855648396,2560.0,3.0,0,0,0,0,0,0,0,0,0,0,0,0,0,0,0,0,1,0,0,3,2,4,2,25.5,53,0,0,FED,USFS,3,Other Conservation Area,Fee,National Forest,OPEN ACCESS,1,0,0,0,0,1,1,0,0,0,1,0,0,3,0,9.3181402163284,169.63423320726812,0.0,89,9,20,68,29.77414089551901,1250.0753586866388,3116.4674689884364,2764.736401754391,188.21935241066933,0.179432775195139,0.621982187713472,-0.8660254037844386,0.5000000000000001,0,0,0,1,0,3.4266747560194224,7.131758747410935,8.044776242532125,1.6094379124341005,1.0986122886681098,5.139522278510384,0.002673384062485,0.0359155157069522,-2394.3319586868824,1382.3682008771957,0.0,0.0,0.0,-146.907555308988,84.81711660363408,0.0,-8.069746143365819,0.0,0.0,-0.0,0.0,-0.0,0.0,-0.0,0.0,-0.0,14460.017306401553,35941.573222807085,58778.29590129836,3606.4237979865206,887.214400034207,3470.2512852973955,155.723559164354,0.0,355.65096774193546,1892.14,1157.0,48.73537625723887,8668.814996269663,531.8871570449656,0.0,29.216974751514496,279.0589852176943,213.21360668318212,93.35664656215944,6.270988431858299,0.5626104287724738,21490.77623158922,1318.5963568755733,0.0,72.43152228060977,691.8124575629457,528.5758102728124,231.43956836802712,15.546347360965072,1.3947621255627942,14099.786357090694,865.1119309434475,0.0,47.52127045901173,453.8881120763537,346.7909170920455,151.84414157036494,10.199732855648396,0.915083186269016,0.0,0.0,0.0,0.0,0.0,0.0,0.0,0.0,0.0,3.1354942159291497,0.0,0.0,0.0,7.773173680482536,0.0,0.0,0.0,5.099866427824199,0.0,0.0,0.0,0.0,0.0,0.0,0.0,66.66060703065372,40.76142480707895,16.39914047418299,165.25767244705872,101.05125784627296,40.65495208661406,108.42316025554248,66.29826356171458,26.673123976621817,0.0,0.0,0.0,3.1354942159291497,7.773173680482536,5.099866427824199,0.0,3.1354942159291497,0.0,0.0,7.773173680482536,0.0,0.0,5.099866427824199,0.0,0.0,0.0,0.0,0.0,-0.0,0.0,0.0,0.0,-0.0,0.0,0.0,0.0,-0.8660254037844386,0.5000000000000001,0.0,0.0,-0.0,0.0,0.0,0.0,2764.736401754391,9.3181402163284,169.63423320726812,0.0,5.23016129032258,0.0,0.0,0.0,0.0,0.0,0.0,0.0,0.0,0.0,0.0,0.0,0.0,0.0,0.0,0.0,0.0,27.9544206489852,0.0,3.1354942159291497,7.773173680482536,5.099866427824199,0.0,21.26,21.26,13.0,13.0,0.0,5.23016129032258,58778.29590129836,35941.573222807085,3.275866186937449,16.008534324235885,0.0,0.0,0.0,0.0014371288388015306,0.0,0.0,301007.0
-1.313833333333333,5.087000000000001,-7.360666666666666,24.295,19.517666666666667,51.874500000000005,26.175,29,0.0,25.74366666666667,28,0.0,2.772588722239781,7.04141166379481,4.795790545596741,0.0,0.0,-1.6298568507156688,-5.545177444479562,-14.08282332758962,-9.591581091193484,1277.0,3.0,0,0,0,0,0,0,0,0,0,0,0,0,0,0,0,0,1,0,0,3,2,4,2,25.5,53,0,0,FED,USFS,3,Other Conservation Area,Fee,National Forest,OPEN ACCESS,1,0,0,0,0,1,1,0,0,0,1,0,0,3,0,9.3181402163284,169.63423320726812,0.0,89,9,20,68,29.77414089551901,1250.0753586866388,3116.4674689884364,2764.736401754391,188.21935241066933,0.179432775195139,0.621982187713472,-0.5000000000000004,0.8660254037844384,0,0,0,1,0,3.4266747560194224,7.131758747410935,8.044776242532125,1.6094379124341005,1.0986122886681098,5.139522278510384,0.002673384062485,0.0359155157069522,-1382.3682008771966,2394.331958686881,0.0,0.0,0.0,-84.81711660363413,146.90755530898795,0.0,-4.6590701081642045,0.0,0.0,-0.0,0.0,-0.0,0.0,-0.0,0.0,-0.0,-3632.402842504976,80177.35565087733,67169.27088062293,4121.263695770579,-222.87111006214903,3310.864418995057,-39.11825877989605,0.0,-89.34066666666664,2162.255,2581.0,-12.242483220886127,7665.476967470017,470.3259618962646,0.0,25.83537047604108,246.7603962793405,188.53603311230512,82.55144726129427,5.545177444479562,0.4974932889062283,19467.64714663146,1194.464468284547,0.0,65.6128612041303,626.6856380777381,478.8159931380471,209.65198298117764,14.08282332758962,1.263460036126124,13259.096696600862,813.5302518249692,0.0,44.68784875201251,426.82535855811,326.1137571005784,142.7905434099954,9.591581091193484,0.8605220068510331,0.0,0.0,0.0,0.0,0.0,0.0,0.0,0.0,0.0,2.772588722239781,0.0,0.0,0.0,7.04141166379481,0.0,0.0,0.0,4.795790545596741,0.0,0.0,0.0,0.0,0.0,0.0,0.0,67.36004300681549,80.40507294495366,-3.6427194829026974,171.07109637189492,204.2009382500495,-9.251241357615744,116.51373130527284,139.0779258223055,-6.30086947848985,0.0,0.0,-0.0,2.772588722239781,7.04141166379481,4.795790545596741,0.0,2.772588722239781,0.0,0.0,7.04141166379481,0.0,0.0,4.795790545596741,0.0,0.0,0.0,0.0,0.0,-0.0,0.0,0.0,0.0,-0.0,0.0,0.0,0.0,-0.5000000000000004,0.8660254037844384,0.0,0.0,-0.0,0.0,0.0,0.0,2764.736401754391,9.3181402163284,169.63423320726812,0.0,-1.313833333333333,0.0,0.0,0.0,-0.0,0.0,0.0,0.0,0.0,-0.0,0.0,0.0,0.0,0.0,0.0,0.0,0.0,27.9544206489852,0.0,2.772588722239781,7.04141166379481,4.795790545596741,0.0,45.55500000000001,45.55500000000001,42.0,42.0,0.0,1.958163978494624,125947.5667819213,116118.92887368442,2.9948197292690604,14.609790931631332,0.0,0.0,0.0,0.0013115599124475532,0.0,0.0,236057.0
-7.469677419354839,-1.405,-13.20741935483871,30.410000000000004,17.63290322580645,46.77161290322581,38.50645161290323,31,0.0,21.914193548387097,21,0.0,2.19722457733622,6.47543271670409,4.59511985013459,0.0,0.0,-1.6298568507156688,-4.394449154672439,-12.95086543340818,-9.19023970026918,754.0,3.0,0,0,0,0,0,0,0,0,0,0,0,0,0,0,0,0,1,0,0,3,2,4,2,25.5,53,0,0,FED,USFS,3,Other Conservation Area,Fee,National Forest,OPEN ACCESS,1,0,0,0,0,1,1,0,0,0,1,0,0,3,0,9.3181402163284,169.63423320726812,0.0,89,9,20,68,29.77414089551901,1250.0753586866388,3116.4674689884364,2764.736401754391,188.21935241066933,0.179432775195139,0.621982187713472,-2.4492935982947064e-16,1.0,1,0,0,0,0,3.4266747560194224,7.131758747410935,8.044776242532125,1.6094379124341005,1.0986122886681098,5.139522278510384,0.002673384062485,0.0359155157069522,-6.771651169789371e-13,2764.736401754391,0.0,2764.736401754391,0.0,-4.1548404144619314e-14,169.63423320726812,0.0,-2.28228611798656e-15,9.3181402163284,0.0,-0.0,0.0,-0.0,0.0,-0.0,0.0,-0.0,-20651.689070653123,85706.82845438612,84075.63397735104,5158.577031833024,-1267.1130013379034,2991.144017927642,-222.40322792794785,0.0,-507.938064516129,2706.49,2759.0,-69.60350156429047,6074.746771790853,372.7245063605935,0.0,20.4740466983818,195.5529873829236,149.41127125886297,65.42047414470584,4.39444915467244,0.3942541036384043,17902.86454898313,1098.4550635833557,0.0,60.33899001564905,576.3135117866641,440.32942473587815,192.80044606660104,12.95086543340818,1.1619048629476132,12704.29512009128,779.489632273078,0.0,42.817971074388055,408.9656666619785,312.4681498091521,136.8157458497035,9.19023970026918,0.8245151070639207,0.0,0.0,0.0,0.0,0.0,0.0,0.0,0.0,0.0,2.19722457733622,0.0,0.0,0.0,6.47543271670409,0.0,0.0,0.0,4.59511985013459,0.0,0.0,0.0,0.0,0.0,0.0,0.0,66.81759939679446,68.11396189742283,-16.412558810579842,196.9179089149714,200.7384142178268,-48.3693935445161,139.73759464259288,142.4487153541723,-34.324062983779534,0.0,0.0,-0.0,2.19722457733622,6.47543271670409,4.59511985013459,0.0,2.19722457733622,0.0,0.0,6.47543271670409,0.0,0.0,4.59511985013459,0.0,0.0,0.0,0.0,0.0,-0.0,0.0,0.0,0.0,-0.0,0.0,0.0,0.0,-2.4492935982947064e-16,1.0,0.0,1.0,-0.0,0.0,0.0,0.0,2764.736401754391,9.3181402163284,169.63423320726812,0.0,-7.469677419354839,0.0,0.0,0.0,-0.0,0.0,0.0,0.0,0.0,-0.0,0.0,1.0,0.0,0.0,0.0,0.0,0.0,27.9544206489852,0.0,2.19722457733622,6.47543271670409,4.59511985013459,0.0,75.965,75.965,73.0,73.0,0.0,-1.1844498207885306,210023.20075927232,201825.75732807053,2.820500757078461,13.2677771441749,0.0,0.0,0.0,0.0011910837541084939,0.0,13.2677771441749,197151.0
-7.608548387096774,-1.784032258064516,-12.918064516129034,16.365,18.26048387096774,49.50645161290323,41.03870967741936,31,0.0,23.635,26,0.0,2.70805020110221,6.71901315438526,4.941642422609304,0.0,0.0,-0.6298568507156688,-2.70805020110221,-6.71901315438526,-4.941642422609304,980.0,3.0,0,0,0,0,0,0,0,0,0,0,0,0,0,0,0,0,1,0,0,3,2,4,2,25.5,53,0,0,FED,USFS,3,Other Conservation Area,Fee,National Forest,OPEN ACCESS,1,0,0,0,0,1,1,0,0,0,1,0,0,3,0,9.3181402163284,169.63423320726812,0.0,89,9,20,68,29.77414089551901,1250.0753586866388,3116.4674689884364,2764.736401754391,188.21935241066933,0.179432775195139,0.621982187713472,0.4999999999999999,0.8660254037844387,1,0,0,0,0,3.4266747560194224,7.131758747410935,8.044776242532125,1.6094379124341005,1.0986122886681098,5.139522278510384,0.002673384062485,0.0359155157069522,1382.3682008771952,2394.3319586868824,0.0,2764.736401754391,0.0,84.81711660363405,146.907555308988,0.0,4.659070108164199,9.3181402163284,0.0,0.0,0.0,0.0,0.0,0.0,0.0,0.0,-21035.63069031611,85706.82845438612,45244.911214710606,2776.0642264369426,-1290.670271465558,3097.6031794453,-226.5379916877933,0.0,-517.3812903225806,1456.485,2759.0,-70.89752071368703,7487.044968765579,459.3780193507616,0.0,25.233991486726715,241.0164678980967,184.1474136749503,80.62986823975581,5.41610040220442,0.4859129629515238,18576.30025179552,1139.7746443536914,0.0,62.60870668791683,597.9921707402881,456.8928944981977,200.0528443375124,13.43802630877052,1.205611176863992,13662.3386902417,838.2717231438361,0.0,46.046916992830255,439.80617561222806,336.03168473743267,147.13315774604334,9.883284845218608,0.8866926139108173,0.0,0.0,0.0,0.0,0.0,0.0,0.0,0.0,0.0,2.70805020110221,0.0,0.0,0.0,6.71901315438526,0.0,0.0,0.0,4.941642422609304,0.0,0.0,0.0,0.0,0.0,0.0,0.0,44.31724154103766,83.94955623416851,-20.60433098977332,109.95665027151476,208.28940778594304,-51.12193669867997,80.86997824600125,153.19091510088842,-37.598725484153015,0.0,0.0,-0.0,2.70805020110221,6.71901315438526,4.941642422609304,0.0,2.70805020110221,0.0,0.0,6.71901315438526,0.0,0.0,4.941642422609304,0.0,0.0,0.0,0.0,0.0,0.0,0.0,0.0,0.0,0.0,0.0,0.0,0.0,0.4999999999999999,0.8660254037844387,0.0,1.0,0.0,0.0,0.0,0.0,2764.736401754391,9.3181402163284,169.63423320726812,0.0,-7.608548387096774,0.0,0.0,0.0,-0.0,0.0,0.0,0.0,0.0,-0.0,0.0,1.0,0.0,0.0,0.0,0.0,0.0,27.9544206489852,0.0,2.70805020110221,6.71901315438526,4.941642422609304,0.0,16.365,71.07,31.0,91.0,0.0,-5.464019713261649,45244.911214710606,85706.82845438612,2.9030775083834697,14.368705778096773,0.0,0.0,0.0,0.0012899170549732822,0.0,14.368705778096773,200494.0
-8.203750000000001,-2.585714285714286,-13.589464285714286,31.015,20.03375,54.96178571428572,44.98214285714285,28,0.0,22.625714285714285,24,0.0,2.19722457733622,6.18826412308259,4.189654742026425,0.0,0.0,-0.6298568507156688,-2.19722457733622,-6.18826412308259,-4.189654742026425,559.0,3.0,0,0,0,0,0,0,0,0,0,0,0,0,0,0,0,0,1,0,0,3,2,4,2,25.5,53,0,0,FED,USFS,3,Other Conservation Area,Fee,National Forest,OPEN ACCESS,1,0,0,0,0,1,1,0,0,0,1,0,0,3,0,9.3181402163284,169.63423320726812,0.0,89,9,20,68,29.77414089551901,1250.0753586866388,3116.4674689884364,2764.736401754391,188.21935241066933,0.179432775195139,0.621982187713472,0.8660254037844386,0.5000000000000001,1,0,0,0,0,3.4266747560194224,7.131758747410935,8.044776242532125,1.6094379124341005,1.0986122886681098,5.139522278510384,0.002673384062485,0.0359155157069522,2394.3319586868824,1382.3682008771957,0.0,2764.736401754391,0.0,146.907555308988,84.81711660363408,0.0,8.069746143365819,9.3181402163284,0.0,0.0,0.0,0.0,0.0,0.0,0.0,0.0,-22681.206255892583,77412.61924912294,85748.29950041244,5261.205742923421,-1391.636840674126,3398.409819516108,-244.2596083716141,0.0,-557.8550000000001,2760.335,2492.0,-76.44369279970412,6074.746771790853,372.7245063605935,0.0,20.4740466983818,195.5529873829236,149.41127125886297,65.42047414470584,4.39444915467244,0.3942541036384043,17108.91908475715,1049.7414394031623,0.0,57.66311279455808,550.7555069543505,420.8019603696161,184.25024789934645,12.37652824616518,1.1103774052452222,11583.29097606336,710.7088695668474,0.0,39.03979034420742,372.8792720403519,284.8965224577969,124.74337059267415,8.37930948405285,0.7517613774712757,0.0,0.0,0.0,0.0,0.0,0.0,0.0,0.0,0.0,2.19722457733622,0.0,0.0,0.0,6.18826412308259,0.0,0.0,0.0,4.189654742026425,0.0,0.0,0.0,0.0,0.0,0.0,0.0,68.14692026608286,61.52228816541416,-18.025481126322017,191.9290117774065,173.2713954463125,-50.766971799738805,129.94214182394958,117.3103327767399,-34.37088008989929,0.0,0.0,-0.0,2.19722457733622,6.18826412308259,4.189654742026425,0.0,2.19722457733622,0.0,0.0,6.18826412308259,0.0,0.0,4.189654742026425,0.0,0.0,0.0,0.0,0.0,0.0,0.0,0.0,0.0,0.0,0.0,0.0,0.0,0.8660254037844386,0.5000000000000001,0.0,1.0,0.0,0.0,0.0,0.0,2764.736401754391,9.3181402163284,169.63423320726812,0.0,-8.203750000000001,0.0,0.0,0.0,-0.0,0.0,0.0,0.0,0.0,-0.0,0.0,1.0,0.0,0.0,0.0,0.0,0.0,27.9544206489852,0.0,2.19722457733622,6.18826412308259,4.189654742026425,0.0,47.38,77.78999999999999,59.0,90.0,0.0,-7.760658602150538,130993.21071512304,163119.44770350907,2.654685003796598,12.575143442445235,0.0,0.0,0.0,0.0011289041786819926,0.0,12.575143442445235,178687.0
-3.730806451612904,2.045806451612904,-9.476935483870967,63.64,19.073709677419355,49.79274193548388,44.17580645161291,31,0.0,26.888548387096773,26,0.0,2.302585092994046,6.198478716492308,3.784189633918261,0.0,0.0,-0.6298568507156688,-2.302585092994046,-6.198478716492308,-3.784189633918261,543.0,3.0,0,0,0,0,0,0,0,0,0,0,0,0,0,0,0,0,1,0,0,3,2,4,2,25.5,53,0,0,FED,USFS,3,Other Conservation Area,Fee,National Forest,OPEN ACCESS,1,0,0,0,0,1,1,0,0,0,1,0,0,3,0,9.3181402163284,169.63423320726812,0.0,89,9,20,68,29.77414089551901,1250.0753586866388,3116.4674689884364,2764.736401754391,188.21935241066933,0.179432775195139,0.621982187713472,1.0,6.123233995736766e-17,0,1,0,0,0,3.4266747560194224,7.131758747410935,8.044776242532125,1.6094379124341005,1.0986122886681098,5.139522278510384,0.002673384062485,0.0359155157069522,2764.736401754391,1.692912792447343e-13,0.0,0.0,0.0,169.63423320726812,1.0387101036154827e-14,0.0,9.3181402163284,0.0,0.0,0.0,0.0,0.0,0.0,0.0,0.0,0.0,-10314.696404674329,85706.82845438612,175947.82460764944,10795.522601310544,-632.8724916640838,3235.554115547082,-111.08155694423394,0.0,-253.69483870967747,5663.96,2759.0,-34.764177636111654,6366.040824737658,390.5972566445312,0.0,21.45581075654609,204.9300732764701,156.5757863235951,68.55749298272647,4.605170185988092,0.4131592333588789,17137.159742986118,1051.4741841237442,0.0,57.758293808202616,551.6646057678154,421.4965527214769,184.55437864271784,12.396957432984616,1.112210238088218,10462.28683203544,641.9281068606169,0.0,35.2616096140268,336.79287741872525,257.3248951064418,112.67099533564482,7.568379267836522,0.6790076478786307,0.0,0.0,0.0,0.0,0.0,0.0,0.0,0.0,0.0,2.302585092994046,0.0,0.0,0.0,6.198478716492308,0.0,0.0,0.0,3.784189633918261,0.0,0.0,0.0,0.0,0.0,0.0,0.0,146.53651531814108,71.38013788281542,-8.590499320329885,394.47118551757046,192.15284021126155,-23.125324385674773,240.8258283025581,117.3098786514661,-14.11807910034892,0.0,0.0,-0.0,2.302585092994046,6.198478716492308,3.784189633918261,0.0,2.302585092994046,0.0,0.0,6.198478716492308,0.0,0.0,3.784189633918261,0.0,0.0,0.0,0.0,0.0,0.0,0.0,0.0,0.0,0.0,0.0,0.0,0.0,1.0,6.123233995736766e-17,0.0,0.0,0.0,0.0,0.0,0.0,2764.736401754391,9.3181402163284,169.63423320726812,0.0,-3.730806451612904,0.0,0.0,0.0,-0.0,0.0,0.0,0.0,0.0,-0.0,0.0,0.0,0.0,0.0,0.0,0.0,0.0,27.9544206489852,0.0,2.302585092994046,6.198478716492308,3.784189633918261,0.0,111.02,111.02,90.0,90.0,0.0,-6.514368279569893,306941.03532277246,248826.2761578952,2.6020033725682548,12.285253443404615,0.0,0.0,0.0,0.0011028799800099941,0.0,0.0,198460.0
0.491,6.918,-5.846333333333333,34.52,19.338166666666663,50.33566666666666,38.39333333333333,29,0.0,27.706833333333336,28,0.0,2.302585092994046,6.646390514847729,4.875197323201151,0.0,0.0,-0.6298568507156688,-2.302585092994046,-6.646390514847729,-4.875197323201151,908.0,3.0,0,0,0,0,0,0,0,0,0,0,0,0,0,0,0,0,1,0,0,3,2,4,2,25.5,53,0,0,FED,USFS,3,Other Conservation Area,Fee,National Forest,OPEN ACCESS,1,0,0,0,0,1,1,0,0,0,1,0,0,3,0,9.3181402163284,169.63423320726812,0.0,89,9,20,68,29.77414089551901,1250.0753586866388,3116.4674689884364,2764.736401754391,188.21935241066933,0.179432775195139,0.621982187713472,0.8660254037844387,-0.4999999999999998,0,1,0,0,0,3.4266747560194224,7.131758747410935,8.044776242532125,1.6094379124341005,1.0986122886681098,5.139522278510384,0.002673384062485,0.0359155157069522,2394.3319586868824,-1382.3682008771948,0.0,0.0,0.0,146.907555308988,-84.81711660363402,0.0,8.069746143365819,0.0,0.0,0.0,0.0,0.0,0.0,0.0,0.0,0.0,1357.485573261406,80177.35565087733,95438.70058856158,5855.773730314896,83.29040850476865,3280.4150741343515,14.619103179699836,0.0,33.388,3072.28,2581.0,4.575206846217244,6366.040824737658,390.5972566445312,0.0,21.45581075654609,204.9300732764701,156.5757863235951,68.55749298272647,4.605170185988092,0.4131592333588789,18375.517796674623,1127.4553585822546,0.0,61.93199874982625,591.5287558214479,451.9545550096456,197.89056763571745,13.292781029695458,1.1925802951097768,13478.63550518979,827.0003596553533,0.0,45.42777223985721,433.8925617649024,331.5134179776783,145.15481199444824,9.750394646402302,0.8747701853258956,0.0,0.0,0.0,0.0,0.0,0.0,0.0,0.0,0.0,2.302585092994046,0.0,0.0,0.0,6.646390514847729,0.0,0.0,0.0,4.875197323201151,0.0,0.0,0.0,0.0,0.0,0.0,0.0,79.48523741015447,66.77496769682733,1.1305692806600764,229.43340057254363,192.74532493058413,3.263377742790235,168.29181159690376,141.3807223728334,2.393721885691765,0.0,0.0,0.0,2.302585092994046,6.646390514847729,4.875197323201151,0.0,2.302585092994046,0.0,0.0,6.646390514847729,0.0,0.0,4.875197323201151,0.0,0.0,0.0,0.0,0.0,0.0,-0.0,0.0,0.0,0.0,-0.0,0.0,0.0,0.8660254037844387,-0.4999999999999998,0.0,0.0,0.0,-0.0,0.0,0.0,2764.736401754391,9.3181402163284,169.63423320726812,0.0,0.491,0.0,0.0,0.0,0.0,0.0,0.0,0.0,0.0,0.0,0.0,0.0,0.0,0.0,0.0,0.0,0.0,27.9544206489852,0.0,2.302585092994046,6.646390514847729,4.875197323201151,0.0,145.54,129.175,119.0,88.0,0.0,-3.8145188172043007,402379.7359113341,329003.6318087725,2.9135896885479564,13.824172931042925,0.0,0.0,0.0,0.001241032888420256,0.0,0.0,202196.0
5.898709677419356,11.818548387096774,0.0722580645161289,96.46,18.89516129032258,50.17241935483871,52.20322580645161,11,0.0,37.09467741935484,26,0.0,2.6390573296152584,7.51425465281641,5.575949103146316,0.0,0.0,-0.6298568507156688,-2.6390573296152584,-7.51425465281641,-5.575949103146316,2109.0,3.0,0,0,0,0,0,0,0,0,0,0,0,0,0,0,0,0,1,0,0,3,2,4,2,25.5,53,0,0,FED,USFS,3,Other Conservation Area,Fee,National Forest,OPEN ACCESS,1,0,0,0,0,1,1,0,0,0,1,0,0,3,0,9.3181402163284,169.63423320726812,0.0,89,9,20,68,29.77414089551901,1250.0753586866388,3116.4674689884364,2764.736401754391,188.21935241066933,0.179432775195139,0.621982187713472,0.4999999999999999,-0.8660254037844387,0,1,0,0,0,3.4266747560194224,7.131758747410935,8.044776242532125,1.6094379124341005,1.0986122886681098,5.139522278510384,0.002673384062485,0.0359155157069522,1382.3682008771952,-2394.3319586868824,0.0,0.0,0.0,84.81711660363405,-146.907555308988,0.0,4.659070108164199,0.0,0.0,0.0,0.0,0.0,0.0,0.0,0.0,0.0,16308.377368542197,30412.100419298305,266686.4733132285,16362.918135173082,1000.6230930413244,3205.266196811526,175.62901303724544,0.0,401.11225806451625,8584.939999999999,979.0,54.96500386960683,7296.2978655040415,447.674466499305,0.0,24.591106236284173,234.876102335758,179.45589841383756,78.57566476331687,5.278114659230517,0.4735333805519385,20774.93337069383,1274.6748261546584,0.0,70.0188784761414,668.7686641006605,510.9693163915159,223.7304767577651,15.02850930563282,1.3483035658778342,15416.029459798368,945.8718505149797,0.0,51.95747558222797,496.2594701800221,379.1645390139495,166.0190942233213,11.151898206292632,1.0005080219243898,0.0,0.0,0.0,0.0,0.0,0.0,0.0,0.0,0.0,2.6390573296152584,0.0,0.0,0.0,7.51425465281641,0.0,0.0,0.0,5.575949103146316,0.0,0.0,0.0,0.0,0.0,0.0,0.0,254.56347001468785,29.029630625767844,15.567033009466009,724.8250038106709,82.65680118098051,44.32440663916158,537.8560504894936,61.33544013460948,32.890904935526954,0.0,0.0,0.0,2.6390573296152584,7.51425465281641,5.575949103146316,0.0,2.6390573296152584,0.0,0.0,7.51425465281641,0.0,0.0,5.575949103146316,0.0,0.0,0.0,0.0,0.0,0.0,-0.0,0.0,0.0,0.0,-0.0,0.0,0.0,0.4999999999999999,-0.8660254037844387,0.0,0.0,0.0,-0.0,0.0,0.0,2764.736401754391,9.3181402163284,169.63423320726812,0.0,5.898709677419356,0.0,0.0,0.0,0.0,0.0,0.0,0.0,0.0,0.0,0.0,0.0,0.0,0.0,0.0,0.0,0.0,27.9544206489852,0.0,2.6390573296152584,7.51425465281641,5.575949103146316,0.0,242.0,194.62,130.0,71.0,0.0,0.8863010752688174,669066.2092245626,359415.73222807085,3.299870775382869,15.729261085577985,0.0,0.0,0.0,0.001412057735035763,0.0,0.0,368171.0
14.003000000000002,21.02,6.6081666666666665,47.74,17.606333333333335,45.267833333333336,40.54666666666667,1,0.1473333333333332,39.156333333333336,30,0.0,3.6635616461296463,8.25608813381491,5.71042701737487,0.0,0.0,-0.6298568507156688,-3.6635616461296463,-8.25608813381491,-5.71042701737487,4189.0,3.0,0,0,0,0,0,0,0,0,0,0,0,0,0,0,0,0,1,0,0,3,2,4,2,25.5,53,0,0,FED,USFS,3,Other Conservation Area,Fee,National Forest,OPEN ACCESS,1,0,0,0,0,1,1,0,0,0,1,0,0,3,0,9.3181402163284,169.63423320726812,0.0,89,9,20,68,29.77414089551901,1250.0753586866388,3116.4674689884364,2764.736401754391,188.21935241066933,0.179432775195139,0.621982187713472,1.2246467991473532e-16,-1.0,0,0,1,0,1,3.4266747560194224,7.131758747410935,8.044776242532125,1.6094379124341005,1.0986122886681098,5.139522278510384,0.002673384062485,0.0359155157069522,3.3858255848946854e-13,-2764.736401754391,2764.736401754391,0.0,169.63423320726812,2.077420207230965e-14,-169.63423320726812,9.3181402163284,1.14114305899328e-15,0.0,0.0,0.0,0.0,0.0,0.0,0.0,0.0,0.0,38714.60383376674,2764.736401754391,131988.51581975463,8098.338293314981,2375.388167601376,2986.636854591565,416.9272949599528,4.386723425273131,952.2040000000002,4248.860000000001,89.0,130.4819174492466,10128.782243125872,621.4654706487595,0.0,34.13758110979893,326.05698650553853,249.122191936816,109.07940063128366,7.327123292259293,0.6573630332635142,22825.90739965056,1400.5151798713175,0.0,76.93138686925239,734.791843909527,561.4139930994138,245.8179313420277,16.51217626762982,1.4814128061060654,15787.825444498056,968.6839083784532,0.0,53.210559643009006,508.2280045463634,388.3090371814912,170.02305858889778,11.42085403474974,1.0246377672768732,0.0,0.0,0.0,0.0,0.0,0.0,0.0,0.0,0.0,3.6635616461296463,0.0,0.0,0.0,8.25608813381491,0.0,0.0,0.0,5.71042701737487,0.0,0.0,0.0,0.0,0.0,0.0,0.0,174.89843298622932,3.6635616461296463,51.300853730753445,394.1456475083238,8.25608813381491,115.6100021378102,272.6157858094763,5.71042701737487,79.96310952430031,0.0,0.0,0.0,3.6635616461296463,8.25608813381491,5.71042701737487,0.0,3.6635616461296463,0.0,0.0,8.25608813381491,0.0,0.0,5.71042701737487,0.0,0.0,0.0,0.0,0.0,0.0,-0.0,0.0,0.0,0.0,-0.0,0.0,0.0,1.2246467991473532e-16,-1.0,1.0,0.0,0.0,-0.0,0.0,0.0,2764.736401754391,9.3181402163284,169.63423320726812,0.0,14.003000000000002,0.0,0.0,0.0,0.0,0.0,0.0,0.0,0.0,0.0,1.0,0.0,0.0,0.0,0.0,0.0,0.0,27.9544206489852,0.0,3.6635616461296463,8.25608813381491,5.71042701737487,0.0,289.74,178.72,131.0,41.0,0.1473333333333332,6.79756989247312,801054.7250443173,362180.4686298252,3.487537333574661,17.630076797319425,1.0,0.0,0.0,0.0015826990330623436,17.630076797319425,0.0,501920.0
16.119032258064514,22.725161290322585,9.31,83.115,16.6,42.00419354838709,40.1983870967742,0,0.0804838709677419,45.30451612903226,30,0.0,3.9318256327243257,8.604287898267172,6.0112671744041615,0.0,0.0,-0.6298568507156688,-3.9318256327243257,-8.604287898267172,-6.0112671744041615,5911.0,3.0,0,0,0,0,0,0,0,0,0,0,0,0,0,0,0,0,1,0,0,3,2,4,2,25.5,53,0,0,FED,USFS,3,Other Conservation Area,Fee,National Forest,OPEN ACCESS,1,0,0,0,0,1,1,0,0,0,1,0,0,3,0,9.3181402163284,169.63423320726812,0.0,89,9,20,68,29.77414089551901,1250.0753586866388,3116.4674689884364,2764.736401754391,188.21935241066933,0.179432775195139,0.621982187713472,-0.4999999999999997,-0.8660254037844388,0,0,1,0,1,3.4266747560194224,7.131758747410935,8.044776242532125,1.6094379124341005,1.0986122886681098,5.139522278510384,0.002673384062485,0.0359155157069522,-1382.3682008771948,-2394.331958686883,2764.736401754391,0.0,169.63423320726812,-84.81711660363402,-146.90755530898804,9.3181402163284,-4.659070108164197,0.0,0.0,-0.0,0.0,-0.0,0.0,-0.0,0.0,-0.0,44564.87524492424,0.0,229791.06603181612,14099.14929302209,2734.339677139993,2815.928271240651,479.93033755102886,2.3963381140103195,1096.094193548387,7397.235,0.0,150.19940273216574,10870.461452143934,666.9722263118729,0.0,36.6373025518794,349.932481312465,267.3641430252541,117.06673036534728,7.8636512654486515,0.7054983848631091,23788.58796351404,1459.5817799171284,0.0,80.1759610977111,765.7816229457783,585.0915770821676,256.18528018861593,17.208575796534344,1.5438912561640286,16619.569177746445,1019.7166977340712,0.0,56.0138304089102,535.0027785219704,408.766167859483,178.98031581131798,12.022534348808325,1.0786183515427803,0.0,0.0,0.0,0.0,0.0,0.0,0.0,0.0,0.0,3.9318256327243257,0.0,0.0,0.0,8.604287898267172,0.0,0.0,0.0,6.0112671744041615,0.0,0.0,0.0,0.0,0.0,0.0,0.0,326.7936874638823,0.0,63.37722420696833,715.145388664476,0.0,138.69279418984266,499.6264712006018,0.0,96.895809496065,0.0,0.0,0.0,3.9318256327243257,8.604287898267172,6.0112671744041615,0.0,3.9318256327243257,0.0,0.0,8.604287898267172,0.0,0.0,6.0112671744041615,0.0,0.0,0.0,0.0,0.0,-0.0,-0.0,0.0,0.0,-0.0,-0.0,0.0,0.0,-0.4999999999999997,-0.8660254037844388,1.0,0.0,-0.0,-0.0,0.0,0.0,2764.736401754391,9.3181402163284,169.63423320726812,0.0,16.119032258064514,0.0,0.0,0.0,0.0,0.0,0.0,0.0,0.0,0.0,1.0,0.0,0.0,0.0,0.0,0.0,0.0,27.9544206489852,0.0,3.9318256327243257,8.604287898267172,6.0112671744041615,0.0,372.855,227.315,131.0,12.0,0.2278172043010751,12.006913978494625,1030845.7910761336,362180.4686298252,3.634419867817657,18.54738070539566,1.0,0.0,0.0,0.001665047852357181,18.54738070539566,0.0,542719.0
15.548225806451612,22.25161290322581,8.765967741935484,49.515,17.608064516129033,45.07758064516129,31.748387096774195,0,0.0,40.299838709677424,30,1.0,3.688879454113936,8.471777327885755,5.5093883366279774,11.190016825466444,11.190016825466444,-0.6298568507156688,-3.688879454113936,-8.471777327885755,-5.5093883366279774,77465.0,4.0,0,0,0,0,0,0,0,0,0,0,0,0,0,0,0,0,1,0,0,3,2,4,2,25.5,53,0,0,FED,USFS,3,Other Conservation Area,Fee,National Forest,OPEN ACCESS,1,0,0,0,0,1,1,0,0,0,1,0,0,3,0,9.3181402163284,169.63423320726812,0.0,89,9,20,68,29.77414089551901,1250.0753586866388,3116.4674689884364,2764.736401754391,188.21935241066933,0.179432775195139,0.621982187713472,-0.8660254037844385,-0.5000000000000004,0,0,1,0,1,3.4266747560194224,7.131758747410935,8.044776242532125,1.6094379124341005,1.0986122886681098,5.139522278510384,0.002673384062485,0.0359155157069522,-2394.331958686882,-1382.3682008771966,2764.736401754391,0.0,169.63423320726812,-146.90755530898798,-84.81711660363413,9.3181402163284,-8.069746143365817,0.0,0.0,-0.0,0.0,-0.0,0.0,-0.0,0.0,-0.0,42986.74586979379,0.0,136895.92293286868,8399.439057257881,2637.511362410877,2986.930522457655,462.93506583663503,0.0,1057.2793548387097,4406.835,0.0,144.88054817965184,10198.779308472664,625.7602375926633,0.0,34.37349599456662,328.31027141614027,250.84380287974764,109.8332166133736,7.377758908227872,0.661905877811993,23422.23116596329,1437.103450918619,0.0,78.94120902275141,753.9881821818323,576.0808582962313,252.23989179593408,16.94355465577151,1.5201145167778,15232.006485676444,934.5808659249534,0.0,51.33725302690379,490.33556195989,374.63840689070247,164.03730458289056,11.018776673255957,0.9885648388688888,30937.44685361119,1898.2099237644288,0.0,104.27014580277032,995.9114974665137,760.9211441317182,333.1731375846663,22.380033650932887,2.0078557734737434,3.688879454113936,0.0,0.0,0.0,8.471777327885755,0.0,0.0,0.0,5.5093883366279774,0.0,0.0,0.0,11.190016825466444,0.0,0.0,0.0,182.6548661704516,0.0,57.35553072534343,419.4800543902632,0.0,131.72110687594497,272.7973634881343,0.0,85.66121391332264,554.0736831129709,0.0,173.9849083803451,3.688879454113936,8.471777327885755,5.5093883366279774,11.190016825466444,3.688879454113936,0.0,0.0,8.471777327885755,0.0,0.0,5.5093883366279774,0.0,0.0,11.190016825466444,0.0,0.0,-0.0,-0.0,0.0,0.0,-0.0,-0.0,0.0,0.0,-0.8660254037844385,-0.5000000000000004,1.0,0.0,-0.0,-0.0,0.0,0.0,2764.736401754391,9.3181402163284,169.63423320726812,0.0,15.548225806451612,0.0,0.0,0.0,0.0,0.0,0.0,0.0,0.0,0.0,1.0,0.0,0.0,0.0,0.0,0.0,0.0,27.9544206489852,0.0,3.688879454113936,8.471777327885755,5.5093883366279774,11.190016825466444,422.37,180.37,131.0,1.0,0.2278172043010751,15.223419354838711,1167741.714009002,362180.4686298252,3.302669892880618,28.860061944094113,1.0,0.0,0.0,0.002590844762513005,28.860061944094113,0.0,544944.0
13.045333333333334,20.293166666666664,6.1505,32.185,17.956166666666665,45.63283333333334,28.28833333333333,1,0.0,36.15283333333333,29,1.0,3.784189633918261,8.430109084509125,5.402677381872279,10.939958444666388,10.939958444666388,-0.6298568507156688,-3.784189633918261,-8.430109084509125,-5.402677381872279,61230.0,4.0,0,0,0,0,0,0,0,0,0,0,0,0,0,0,0,0,1,0,0,3,2,4,2,25.5,53,0,0,FED,USFS,3,Other Conservation Area,Fee,National Forest,OPEN ACCESS,1,0,0,0,0,1,1,0,0,0,1,0,0,3,0,9.3181402163284,169.63423320726812,0.0,89,9,20,68,29.77414089551901,1250.0753586866388,3116.4674689884364,2764.736401754391,188.21935241066933,0.179432775195139,0.621982187713472,-1.0,-1.8369701987210292e-16,0,0,0,1,0,3.4266747560194224,7.131758747410935,8.044776242532125,1.6094379124341005,1.0986122886681098,5.139522278510384,0.002673384062485,0.0359155157069522,-2764.736401754391,-5.078738377342028e-13,0.0,0.0,0.0,-169.63423320726812,-3.116130310846448e-14,0.0,-9.3181402163284,0.0,0.0,-0.0,0.0,-0.0,0.0,-0.0,0.0,-0.0,36066.907939686615,2764.736401754391,88983.04109046508,5459.677795775925,2212.935116933216,3045.9805638419075,388.4135926956774,0.0,887.0826666666667,2864.465,89.0,121.55824516874276,10462.28683203544,641.9281068606169,0.0,35.2616096140268,336.79287741872525,257.3248951064418,112.67099533564482,7.568379267836522,0.6790076478786307,23307.02945670276,1430.0350904043305,0.0,78.55293848839987,750.2797085213122,573.2474177466205,250.99925564676948,16.86021816901825,1.512637868231225,14936.9788245974,916.479034940155,0.0,50.34290538787192,480.83828698663285,367.382061967315,160.86007758089903,10.80535476374456,0.9694173961133508,30246.10134564952,1855.7914620803604,0.0,101.94006674820736,973.6563015753086,743.9171742373144,325.7278641226201,21.879916889332776,1.9629871042459863,3.784189633918261,0.0,0.0,0.0,8.430109084509125,0.0,0.0,0.0,5.402677381872279,0.0,0.0,0.0,10.939958444666388,0.0,0.0,0.0,121.79414336765925,3.784189633918261,49.36601517100836,271.3230608849262,8.430109084509125,109.97358304378304,173.88517153555932,5.402677381872279,70.4797273389845,352.1025625415877,10.939958444666388,142.71540456348794,3.784189633918261,8.430109084509125,5.402677381872279,10.939958444666388,3.784189633918261,0.0,0.0,8.430109084509125,0.0,0.0,5.402677381872279,0.0,0.0,10.939958444666388,0.0,0.0,-0.0,-0.0,0.0,0.0,-0.0,-0.0,0.0,0.0,-1.0,-1.8369701987210292e-16,0.0,0.0,-0.0,-0.0,0.0,0.0,2764.736401754391,9.3181402163284,169.63423320726812,0.0,13.045333333333334,0.0,0.0,0.0,0.0,0.0,0.0,0.0,0.0,0.0,0.0,0.0,0.0,0.0,0.0,0.0,0.0,27.9544206489852,0.0,3.784189633918261,8.430109084509125,5.402677381872279,10.939958444666388,454.555,164.815,132.0,1.0,0.2278172043010751,14.904197132616488,1256724.7550994672,364945.2050315796,3.1824422683651066,28.556934544966055,0.0,0.0,0.0,0.0025636322071163307,0.0,0.0,500370.0
